Date,Time,Battery_percent,BatteryVoltage_V,Estimate,Event,Duration,Sensors,GPS,Notes
2022-06-28,07:12,,,,Track Run,20:52,Stryd,All-systems,
2022-06-28,07:14,70,4.072,,Track Run,,,,T=31C
2022-06-28,07:19,70,4.066,,Track Run,,,,T=30C
2022-06-28,07:24,70,4.066,,Track Run,,,,T=30C
2022-06-28,07:29,69,4.058,,Track Run,,,,T=31C
2022-06-28,13:06,,,,Pool Swim,27:02,HRM Pro,Off,from fixed/edited file
2022-06-28,13:09,67,4.041,,Pool Swim,,,,T=31C
2022-06-28,13:14,67,4.038,,Pool Swim,,,,T=32C
2022-06-28,13:19,67,4.036,,Pool Swim,,,,T=32C
2022-06-28,13:24,67,4.036,,Pool Swim,,,,T=32C
2022-06-28,13:29,66,4.034,,Pool Swim,,,,T=32C
2022-06-30,13:04,,,,Track Run,26:32,HRM+Stryd,All-systems,
2022-06-30,13:07,80,4.191,,Track Run,,,,T=27C
2022-06-30,13:12,80,4.188,,Track Run,,,,T=25C
2022-06-30,13:17,80,4.182,,Track Run,,,,T=25C
2022-06-30,13:22,79,4.180,,Track Run,,,,T=26C
2022-06-30,13:27,79,4.171,,Track Run,,,,T=26C
2022-07-05,13:06,,,,Track Run,18:23,HRM+Stryd,All-systems,
2022-07-05,13:11,77,4.152,,Track Run,,,,T=30C
2022-07-05,13:21,76,4.145,,Track Run,,,,T=29C
2022-07-06,13:05,69,4.064,,Pool Swim,27:04,HRM Pro,Off,T=29C
2022-07-06,13:06,69,4.064,,Pool Swim,,,,T=29C
2022-07-06,13:11,69,4.063,,Pool Swim,,,,T=28C
2022-07-06,13:16,69,4.060,,Pool Swim,,,,T=29C
2022-07-06,13:21,69,4.059,,Pool Swim,,,,T=29C
2022-07-06,13:26,68,4.058,,Pool Swim,,,,T=28C
2022-07-06,13:31,68,4.055,,Pool Swim,,,,T=28C
2022-07-07,07:14,62,3.979,,Track Run,27:24,HRM+Stryd,All-systems,T=30C
2022-07-07,07:16,62,3.979,,Track Run,,,,T=30C
2022-07-07,07:21,62,3.973,,Track Run,,,,T=29C
2022-07-07,07:26,62,3.975,,Track Run,,,,T=28C
2022-07-07,07:31,61,3.972,,Track Run,,,,T=28C
2022-07-07,07:36,61,3.970,,Track Run,,,,T=29C
2022-07-07,07:41,61,3.964,,Track Run,,,,T=30C
2022-07-07,13:06,,,,Pool Swim,28:07,HRM Pro,Off,
2022-07-07,13:11,58,3.943,,Pool Swim,,,,T=29C
2022-07-07,13:16,58,3.941,,Pool Swim,,,,T=29C
2022-07-07,13:21,58,3.942,,Pool Swim,,,,T=29C
2022-07-07,13:26,58,3.938,,Pool Swim,,,,T=29C
2022-07-07,13:31,57,3.938,,Pool Swim,,,,T=29C
2022-07-08,13:00,50,3.868,,Run,42:22,HRM+Stryd,All-systems,T=34C
2022-07-08,13:01,50,3.868,,Run,,,,T=34C
2022-07-08,13:06,50,3.867,,Run,,,,T=33C
2022-07-08,13:11,49,3.870,,Run,,,,T=33C
2022-07-08,13:16,49,3.864,,Run,,,,T=33C
2022-07-08,13:21,49,3.865,,Run,,,,T=32C
2022-07-08,13:26,48,3.865,,Run,,,,T=34C
2022-07-08,13:31,48,3.861,,Run,,,,T=33C
2022-07-08,13:36,48,3.858,,Run,,,,T=34C
2022-07-08,13:41,48,3.858,,Run,,,,T=34C
2022-07-09,11:29,67,4.040,,Track Run,40:32,HRM+Stryd,All-systems,T=32C
2022-07-09,11:31,67,4.040,,Track Run,,,,T=32C
2022-07-09,11:36,67,4.035,,Track Run,,,,T=32C
2022-07-09,11:41,67,4.033,,Track Run,,,,T=32C
2022-07-09,11:46,66,4.034,,Track Run,,,,T=33C
2022-07-09,11:51,66,4.030,,Track Run,,,,T=34C
2022-07-09,11:56,66,4.025,,Track Run,,,,T=35C
2022-07-09,12:01,66,4.023,,Track Run,,,,T=35C
2022-07-09,12:06,65,4.020,,Track Run,,,,T=34C
2022-07-09,12:11,65,4.010,,Track Run,,,,T=35C
2022-07-11,07:16,,,,Track Run,27:38,HRM+Stryd,All-systems,
2022-07-11,07:21,53,3.899,,Track Run,,,,T=30C
2022-07-11,07:26,53,3.891,,Track Run,,,,T=30C
2022-07-11,07:31,53,3.895,,Track Run,,,,T=30C
2022-07-11,07:36,53,3.893,,Track Run,,,,T=30C
2022-07-11,07:41,52,3.893,,Track Run,,,,T=30C
2022-07-12,07:22,,,,Track Run,39:48,HRM+Stryd,All-systems,
2022-07-12,07:26,52,3.885,,Track Run,,,,T=29C
2022-07-12,07:31,52,3.888,,Track Run,,,,T=29C
2022-07-12,07:36,52,3.885,,Track Run,,,,T=29C
2022-07-12,07:41,51,3.873,,Track Run,,,,T=30C
2022-07-12,07:46,51,3.880,,Track Run,,,,T=31C
2022-07-12,07:51,51,3.877,,Track Run,,,,T=30C
2022-07-12,07:56,50,3.876,,Track Run,,,,T=31C
2022-07-12,08:01,50,3.875,,Track Run,,,,T=32C
2022-07-12,13:05,48,3.865,,Pool Swim,27:46,,Off,T=33C
2022-07-12,13:06,48,3.865,,Pool Swim,,,,T=33C
2022-07-12,13:11,48,3.870,,Pool Swim,,,,T=32C
2022-07-12,13:16,48,3.866,,Pool Swim,,,,T=32C
2022-07-12,13:21,47,3.870,,Pool Swim,,,,T=33C
2022-07-12,13:31,47,3.866,,Pool Swim,,,,T=33C
2022-07-13,13:06,42,3.833,,Pool Swim,29:25,HRM Pro,Off,T=33C
2022-07-13,13:11,42,3.836,,Pool Swim,,,,T=33C
2022-07-13,13:16,42,3.830,,Pool Swim,,,,T=33C
2022-07-13,13:21,42,3.833,,Pool Swim,,,,T=33C
2022-07-13,13:26,41,3.830,,Pool Swim,,,,T=33C
2022-07-13,13:31,41,3.831,,Pool Swim,,,,T=33C
2022-07-15,13:06,,,,Pool Swim,26:18,,Off,from fixed/edited file
2022-07-15,13:10,73,4.144,,Pool Swim,,,,T=32C
2022-07-15,13:15,73,4.141,,Pool Swim,,,,T=32C
2022-07-15,13:20,73,4.140,,Pool Swim,,,,T=32C
2022-07-15,13:25,73,4.138,,Pool Swim,,,,T=32C
2022-07-15,13:30,73,4.135,,Pool Swim,,,,T=33C
2022-07-18,12:57,,,,Run,42:50,HRM+Stryd,All-systems,
2022-07-18,13:00,53,3.891,,Run,,,,T=33C
2022-07-18,13:05,53,3.891,,Run,,,,T=33C
2022-07-18,13:10,52,3.892,,Run,,,,T=33C
2022-07-18,13:15,52,3.890,,Run,,,,T=33C
2022-07-18,13:20,52,3.891,,Run,,,,T=33C
2022-07-18,13:30,51,3.884,,Run,,,,T=34C
2022-07-18,13:35,51,3.885,,Run,,,,T=34C
2022-07-18,13:40,51,3.881,,Run,,,,T=34C
2022-07-19,07:17,,,,Track Run,21:46,HRM+Stryd,All-systems,
2022-07-19,07:20,45,3.848,,Track Run,,,,T=32C
2022-07-19,07:25,44,3.844,,Track Run,,,,T=31C
2022-07-19,07:30,44,3.844,,Track Run,,,,T=30C
2022-07-19,07:35,44,3.840,,Track Run,,,,T=31C
2022-07-19,07:40,43,3.838,,Track Run,,,,T=31C
2022-07-19,13:05,89,4.301,,Pool Swim,25:42,,Off,T=32C
2022-07-19,13:10,89,4.301,,Pool Swim,,,,T=33C
2022-07-19,13:15,89,4.298,,Pool Swim,,,,T=33C
2022-07-19,13:20,89,4.296,,Pool Swim,,,,T=33C
2022-07-19,13:25,89,4.293,,Pool Swim,,,,T=33C
2022-07-19,13:30,88,4.293,,Pool Swim,,,,T=33C
2022-07-21,13:00,73,4.105,,Run,38:00,HRM+Stryd,All-systems,T=31C
2022-07-21,13:05,72,4.101,,Run,,,,T=31C
2022-07-21,13:10,72,4.099,,Run,,,,T=31C
2022-07-21,13:15,72,4.097,,Run,,,,T=31C
2022-07-21,13:20,72,4.096,,Run,,,,T=32C
2022-07-21,13:25,71,4.096,,Run,,,,T=34C
2022-07-21,13:30,71,4.094,,Run,,,,T=33C
2022-07-21,13:35,71,4.087,,Run,,,,T=33C
2022-07-21,13:40,70,4.085,,Run,,,,T=35C
2022-07-21,13:45,70,4.077,,Run,,,,T=34C
2022-07-21,13:38,,,,Run,06:59,HRM+Stryd,All-systems,
2022-07-22,07:16,,,,Track Run,18:13,HRM+Stryd,All-systems,
2022-07-22,07:20,64,4.004,,Track Run,,,,T=31C
2022-07-22,07:30,63,3.994,,Track Run,,,,T=32C
2022-07-22,07:35,63,3.986,,Track Run,,,,T=33C
2022-07-22,13:06,,,,Pool Swim,25:57,,Off,
2022-07-22,13:10,60,3.965,,Pool Swim,,,,T=33C
2022-07-22,13:15,60,3.964,,Pool Swim,,,,T=33C
2022-07-22,13:20,60,3.961,,Pool Swim,,,,T=33C
2022-07-22,13:25,59,3.960,,Pool Swim,,,,T=33C
2022-07-22,13:30,59,3.960,,Pool Swim,,,,T=33C
2022-07-25,13:03,33,3.784,,Run,39:56,HRM+Stryd,All-systems,T=33C
2022-07-25,13:05,33,3.784,,Run,,,,T=33C
2022-07-25,13:10,32,3.783,,Run,,,,T=35C
2022-07-25,13:15,32,3.782,,Run,,,,T=36C
2022-07-25,13:20,31,3.779,,Run,,,,T=36C
2022-07-25,13:25,31,3.771,,Run,,,,T=36C
2022-07-25,13:30,31,3.770,,Run,,,,T=37C
2022-07-25,13:35,30,3.769,,Run,,,,T=37C
2022-07-25,13:40,30,3.766,,Run,,,,T=38C
2022-07-26,07:15,,,,Track Run,20:01,HRM+Stryd,All-systems,
2022-07-26,07:19,67,4.001,,Track Run,,,,T=31C
2022-07-26,07:24,67,4.033,,Track Run,,,,T=31C
2022-07-26,07:29,66,4.036,,Track Run,,,,T=31C
2022-07-26,07:34,66,4.031,,Track Run,,,,T=31C
2022-07-26,13:05,,,,Pool Swim,29:46,HRM Pro,Off,from fixed/edited file
2022-07-26,13:09,63,4.000,,Pool Swim,,,,T=34C
2022-07-26,13:14,63,3.995,,Pool Swim,,,,T=34C
2022-07-26,13:19,63,3.996,,Pool Swim,,,,T=34C
2022-07-26,13:24,62,3.994,,Pool Swim,,,,T=34C
2022-07-26,13:29,62,3.990,,Pool Swim,,,,T=34C
2022-07-26,13:34,62,3.988,,Pool Swim,,,,T=34C
2022-07-28,11:20,88,4.284,,Pool Swim,28:35,HRM Pro,Off,from fixed/edited file T=33C
2022-07-28,11:22,88,4.284,,Pool Swim,,,,T=33C
2022-07-28,11:27,88,4.280,,Pool Swim,,,,T=33C
2022-07-28,11:32,87,4.279,,Pool Swim,,,,T=33C
2022-07-28,11:37,87,4.278,,Pool Swim,,,,T=33C
2022-07-28,11:42,87,4.276,,Pool Swim,,,,T=34C
2022-07-28,11:47,87,4.273,,Pool Swim,,,,T=34C
2022-07-29,13:05,79,4.185,,Pool Swim,25:35,,Off,T=34C
2022-07-29,13:07,79,4.185,,Pool Swim,,,,T=34C
2022-07-29,13:12,79,4.183,,Pool Swim,,,,T=33C
2022-07-29,13:17,79,4.180,,Pool Swim,,,,T=34C
2022-07-29,13:22,79,4.181,,Pool Swim,,,,T=33C
2022-07-29,13:27,79,4.177,,Pool Swim,,,,T=33C
2022-08-15,12:06,69,4.067,,Run,44:03,HRM+Stryd,All-systems,T=31C
2022-08-15,12:07,69,4.067,,Run,,,,T=31C
2022-08-15,12:12,69,4.065,,Run,,,,T=31C
2022-08-15,12:17,69,4.069,,Run,,,,T=32C
2022-08-15,12:22,69,4.063,,Run,,,,T=34C
2022-08-15,12:32,68,4.055,,Run,,,,T=34C
2022-08-15,12:37,68,4.053,,Run,,,,T=33C
2022-08-15,12:42,67,4.047,,Run,,,,T=31C
2022-08-15,12:47,67,4.041,,Run,,,,T=32C
2022-08-15,12:52,67,4.041,,Run,,,,T=32C
2022-08-16,08:53,,,,Run,21:48,HRM+Stryd,All-systems,
2022-08-16,08:57,60,3.959,,Run,,,,T=30C
2022-08-16,09:02,60,3.955,,Run,,,,T=29C
2022-08-16,09:07,59,3.953,,Run,,,,T=29C
2022-08-16,09:12,59,3.953,,Run,,,,T=30C
2022-08-16,09:17,59,3.948,,Run,,,,T=31C
2022-08-17,08:31,53,3.893,,Run,24:05,HRM+Stryd,All-systems,T=30C
2022-08-17,08:32,53,3.893,,Run,,,,T=30C
2022-08-17,08:42,53,3.895,,Run,,,,T=29C
2022-08-17,08:47,52,3.891,,Run,,,,T=29C
2022-08-17,08:52,52,3.890,,Run,,,,T=30C
2022-08-17,08:57,52,3.890,,Run,,,,T=30C
2022-08-18,10:19,,,,Run,15:54,HRM+Stryd,All-systems,
2022-08-18,10:22,44,3.841,,Run,,,,T=32C
2022-08-18,10:27,44,3.846,,Run,,,,T=31C
2022-08-18,10:32,44,3.840,,Run,,,,T=30C
2022-08-18,10:37,43,3.838,,Run,,,,T=30C
2022-08-19,08:52,,,,Run,35:47,HRM+Stryd,All-systems,
2022-08-19,08:57,37,3.805,,Run,,,,T=29C
2022-08-19,09:02,37,3.808,,Run,,,,T=27C
2022-08-19,09:07,37,3.802,,Run,,,,T=28C
2022-08-19,09:17,36,3.798,,Run,,,,T=28C
2022-08-19,09:22,36,3.796,,Run,,,,T=28C
2022-08-19,09:27,36,3.793,,Run,,,,T=27C
2022-08-24,08:36,,,,Run,21:47,HRM+Stryd,All-systems,
2022-08-24,08:40,55,3.917,,Run,,,,T=33C
2022-08-24,08:45,55,3.912,,Run,,,,T=32C
2022-08-24,08:50,55,3.912,,Run,,,,T=31C
2022-08-24,08:55,54,3.908,,Run,,,,T=31C
2022-08-26,07:25,,,,Track Run,21:01,HRM+Stryd,All-systems,
2022-08-26,07:28,62,3.982,,Track Run,,,,T=29C
2022-08-26,07:33,62,3.973,,Track Run,,,,T=28C
2022-08-26,07:38,61,3.974,,Track Run,,,,T=28C
2022-08-26,07:43,61,3.970,,Track Run,,,,T=29C
2022-08-27,11:30,,,,Track Run,35:52,HRM+Stryd,All-systems,
2022-08-27,11:33,53,3.896,,Track Run,,,,T=32C
2022-08-27,11:38,53,3.894,,Track Run,,,,T=33C
2022-08-27,11:43,53,3.897,,Track Run,,,,T=31C
2022-08-27,11:48,53,3.896,,Track Run,,,,T=33C
2022-08-27,11:53,52,3.895,,Track Run,,,,T=33C
2022-08-27,11:58,52,3.893,,Track Run,,,,T=32C
2022-08-27,12:03,52,3.891,,Track Run,,,,T=33C
2022-08-27,12:08,51,3.889,,Track Run,,,,T=35C
2022-08-29,07:16,39,3.810,,Track Run,31:20,HRM+Stryd,All-systems,T=31C
2022-08-29,07:18,39,3.810,,Track Run,,,,T=31C
2022-08-29,07:23,39,3.812,,Track Run,,,,T=29C
2022-08-29,07:33,39,3.810,,Track Run,,,,T=29C
2022-08-29,07:38,38,3.807,,Track Run,,,,T=30C
2022-08-29,07:43,38,3.806,,Track Run,,,,T=30C
2022-08-29,07:48,37,3.803,,Track Run,,,,T=30C
2022-08-30,13:02,,,,Track Run,28:37,HRM+Stryd,All-systems,
2022-08-30,13:07,63,3.998,,Track Run,,,,T=35C
2022-08-30,13:12,63,3.993,,Track Run,,,,T=34C
2022-08-30,13:17,63,3.991,,Track Run,,,,T=34C
2022-08-30,13:22,62,3.985,,Track Run,,,,T=35C
2022-08-30,13:27,62,3.977,,Track Run,,,,T=35C
2022-08-31,07:14,54,3.899,,Track Run,20:43,HRM+Stryd,All-systems,T=30C
2022-08-31,07:15,54,3.899,,Track Run,,,,T=30C
2022-08-31,07:20,53,3.894,,Track Run,,,,T=29C
2022-08-31,07:30,53,3.896,,Track Run,,,,T=29C
2022-08-31,07:35,52,3.879,,Track Run,,,,T=30C
2022-08-31,13:06,,,,Pool Swim,26:44,HRM Pro,Off,
2022-08-31,13:10,50,3.874,,Pool Swim,,,,T=31C
2022-08-31,13:15,50,3.878,,Pool Swim,,,,T=32C
2022-08-31,13:20,49,3.876,,Pool Swim,,,,T=32C
2022-08-31,13:25,49,3.870,,Pool Swim,,,,T=32C
2022-08-31,13:30,49,3.872,,Pool Swim,,,,T=32C
2022-09-01,07:21,,,,Track Run,21:42,HRM+Stryd,All-systems,
2022-09-01,07:25,43,3.835,,Track Run,,,,T=30C
2022-09-01,07:30,42,3.837,,Track Run,,,,T=29C
2022-09-01,07:35,42,3.835,,Track Run,,,,T=29C
2022-09-01,07:40,42,3.829,,Track Run,,,,T=29C
2022-09-02,07:23,,,,Run,33:52,Stryd,All-systems,
2022-09-02,07:27,77,4.040,,Run,,,,T=31C
2022-09-02,07:32,77,4.035,,Run,,,,T=30C
2022-09-02,07:37,76,4.021,,Run,,,,T=30C
2022-09-02,07:42,75,4.025,,Run,,,,T=30C
2022-09-02,07:47,74,4.015,,Run,,,,T=31C
2022-09-02,07:52,74,4.006,,Run,,,,T=31C
2022-09-02,07:57,73,3.997,,Run,,,,T=31C
2022-09-02,07:25,31,3.782,,Track Run,,,,T=29C
2022-09-02,07:30,31,3.775,,Track Run,,,,T=28C
2022-09-02,07:35,31,3.778,,Track Run,,,,T=27C
2022-09-02,07:40,30,3.771,,Track Run,,,,T=27C
2022-09-02,07:45,30,3.768,,Track Run,,,,T=27C
2022-09-02,07:50,30,3.769,,Track Run,,,,T=27C
2022-09-02,13:06,,,,Pool Swim,21:55,HRM Pro,Off,
2022-09-02,13:08,76,4.152,,Pool Swim,,,,T=31C
2022-09-02,13:13,76,4.153,,Pool Swim,,,,T=31C
2022-09-02,13:23,75,4.143,,Pool Swim,,,,T=31C
2022-09-05,07:15,,,,Run,24:23,Stryd,All-systems,
2022-09-05,07:20,70,3.966,,Run,,,,T=32C
2022-09-05,07:25,69,3.962,,Run,,,,T=31C
2022-09-05,07:30,69,3.953,,Run,,,,T=31C
2022-09-05,07:35,68,3.948,,Run,,,,T=32C
2022-09-05,07:40,67,3.942,,Run,,,,T=33C
2022-09-05,07:23,54,3.900,,Track Run,,,,T=29C
2022-09-05,07:33,53,3.894,,Track Run,,,,T=29C
2022-09-05,07:38,53,3.885,,Track Run,,,,T=30C
2022-09-06,07:13,,,,Track Run,26:58,HRM+Stryd,All-systems,
2022-09-06,07:18,43,3.838,,Track Run,,,,T=29C
2022-09-06,07:23,43,3.835,,Track Run,,,,T=28C
2022-09-06,07:28,43,3.833,,Track Run,,,,T=27C
2022-09-06,07:33,43,3.832,,Track Run,,,,T=27C
2022-09-06,07:38,42,3.828,,Track Run,,,,T=28C
2022-09-06,13:05,,,,Pool Swim,28:44,HRM Pro,Off,
2022-09-06,13:08,40,3.829,,Pool Swim,,,,T=31C
2022-09-06,13:13,40,3.826,,Pool Swim,,,,T=31C
2022-09-06,13:23,40,3.824,,Pool Swim,,,,T=31C
2022-09-06,13:28,40,3.824,,Pool Swim,,,,T=31C
2022-09-06,13:33,40,3.821,,Pool Swim,,,,T=31C
2022-09-07,07:16,,,,Track Run,23:10,HRM+Stryd,All-systems,
2022-09-07,07:24,64,4.004,,Track Run,,,,T=28C
2022-09-07,07:34,63,3.993,,Track Run,,,,T=27C
2022-09-07,07:39,63,3.988,,Track Run,,,,T=27C
2022-09-08,07:15,,,,Track Run,25:21,HRM+Stryd,All-systems,
2022-09-08,07:19,53,3.900,,Track Run,,,,T=30C
2022-09-08,07:24,53,3.898,,Track Run,,,,T=29C
2022-09-08,07:29,52,3.895,,Track Run,,,,T=29C
2022-09-08,07:34,52,3.886,,Track Run,,,,T=29C
2022-09-08,07:39,52,3.885,,Track Run,,,,T=29C
2022-09-09,07:24,82,4.217,,Track Run,23:19,HRM+Stryd,All-systems,T=30C
2022-09-09,07:26,82,4.217,,Track Run,,,,T=30C
2022-09-09,07:31,82,4.218,,Track Run,,,,T=29C
2022-09-09,07:36,82,4.213,,Track Run,,,,T=29C
2022-09-09,07:41,81,4.205,,Track Run,,,,T=28C
2022-09-09,07:46,81,4.205,,Track Run,,,,T=28C
2022-09-09,13:04,78,4.170,,Run,42:11,HRM+Stryd,All-systems,T=33C
2022-09-09,13:06,78,4.170,,Run,,,,T=33C
2022-09-09,13:11,78,4.166,,Run,,,,T=33C
2022-09-09,13:16,78,4.168,,Run,,,,T=33C
2022-09-09,13:21,77,4.165,,Run,,,,T=32C
2022-09-09,13:26,77,4.156,,Run,,,,T=33C
2022-09-09,13:31,77,4.159,,Run,,,,T=34C
2022-09-09,13:36,77,4.156,,Run,,,,T=33C
2022-09-09,13:41,76,4.151,,Run,,,,T=33C
2022-09-09,13:46,76,4.151,,Run,,,,T=34C
2022-09-13,07:16,69,4.069,,Pool Swim,27:13,HRM Pro,Off,T=30C
2022-09-13,07:17,69,4.069,,Pool Swim,,,,T=30C
2022-09-13,07:22,69,4.068,,Pool Swim,,,,T=30C
2022-09-13,07:27,69,4.066,,Pool Swim,,,,T=30C
2022-09-13,07:32,68,4.063,,Pool Swim,,,,T=30C
2022-09-13,07:37,68,4.060,,Pool Swim,,,,T=30C
2022-09-13,07:42,68,4.056,,Pool Swim,,,,T=30C
2022-09-13,13:04,,,,Track Run,27:16,HRM+Stryd,All-systems,
2022-09-13,13:07,66,4.025,,Track Run,,,,T=36C
2022-09-13,13:12,65,4.023,,Track Run,,,,T=36C
2022-09-13,13:17,65,4.015,,Track Run,,,,T=36C
2022-09-13,13:22,65,4.013,,Track Run,,,,T=35C
2022-09-13,13:27,64,4.007,,Track Run,,,,T=35C
2022-09-14,07:13,56,3.926,,Track Run,32:42,HRM+Stryd,All-systems,T=29C
2022-09-14,07:18,56,3.928,,Track Run,,,,T=28C
2022-09-14,07:23,56,3.925,,Track Run,,,,T=27C
2022-09-14,07:28,56,3.923,,Track Run,,,,T=27C
2022-09-14,07:33,55,3.923,,Track Run,,,,T=27C
2022-09-14,07:38,55,3.919,,Track Run,,,,T=27C
2022-09-14,07:43,55,3.916,,Track Run,,,,T=27C
2022-09-14,07:48,54,3.911,,Track Run,,,,T=28C
2022-09-14,08:03,54,3.921,,Track Run,,,,T=29C
2022-09-14,08:08,54,3.907,,Track Run,,,,T=29C
2022-09-14,08:22,54,3.919,,Track Run,,,,T=29C
2022-09-14,12:58,,,,Track Run,27:53,HRM+Stryd,All-systems,
2022-09-14,13:03,71,4.098,,Track Run,,,,T=35C
2022-09-14,13:08,71,4.099,,Track Run,,,,T=35C
2022-09-14,13:13,71,4.098,,Track Run,,,,T=35C
2022-09-14,13:23,70,4.093,,Track Run,,,,T=36C
2022-09-15,07:14,,,,Track Run,28:57,HRM+Stryd,All-systems,
2022-09-15,07:18,64,4.003,,Track Run,,,,T=29C
2022-09-15,07:23,64,3.997,,Track Run,,,,T=28C
2022-09-15,07:33,63,3.988,,Track Run,,,,T=28C
2022-09-15,07:38,63,3.985,,Track Run,,,,T=29C
2022-09-15,07:43,63,3.981,,Track Run,,,,T=29C
2022-09-15,13:05,,,,Pool Swim,25:52,HRM Pro,Off,
2022-09-15,13:08,60,3.965,,Pool Swim,,,,T=31C
2022-09-15,13:13,60,3.963,,Pool Swim,,,,T=31C
2022-09-15,13:18,60,3.958,,Pool Swim,,,,T=31C
2022-09-15,13:23,59,3.958,,Pool Swim,,,,T=31C
2022-09-15,13:28,59,3.953,,Pool Swim,,,,T=31C
2022-09-16,07:21,54,3.903,,Track Run,21:24,HRM+Stryd,All-systems,T=31C
2022-09-16,07:23,54,3.903,,Track Run,,,,T=31C
2022-09-16,07:28,53,3.904,,Track Run,,,,T=30C
2022-09-16,07:33,53,3.903,,Track Run,,,,T=29C
2022-09-16,07:38,53,3.901,,Track Run,,,,T=29C
2022-09-16,07:43,52,3.895,,Track Run,,,,T=29C
2022-09-16,13:01,50,3.874,,Run,43:01,HRM+Stryd,All-systems,T=32C
2022-09-16,13:03,50,3.874,,Run,,,,T=32C
2022-09-16,13:08,50,3.880,,Run,,,,T=32C
2022-09-16,13:13,50,3.878,,Run,,,,T=31C
2022-09-16,13:18,49,3.876,,Run,,,,T=31C
2022-09-16,13:23,49,3.873,,Run,,,,T=31C
2022-09-16,13:28,49,3.873,,Run,,,,T=32C
2022-09-16,13:38,48,3.867,,Run,,,,T=32C
2022-09-19,07:18,,,,Track Run,23:42,HRM+Stryd,All-systems,
2022-09-19,07:22,37,3.806,,Track Run,,,,T=30C
2022-09-19,07:27,37,3.805,,Track Run,,,,T=29C
2022-09-19,07:37,36,3.801,,Track Run,,,,T=28C
2022-09-19,07:42,36,3.800,,Track Run,,,,T=28C
2022-09-19,13:06,,,,Run,39:24,Stryd,All-systems,
2022-09-19,13:11,72,4.095,,Run,,,,T=34C
2022-09-19,13:16,71,4.092,,Run,,,,T=33C
2022-09-19,13:21,71,4.087,,Run,,,,T=33C
2022-09-19,13:26,70,4.086,,Run,,,,T=34C
2022-09-19,13:36,70,4.070,,Run,,,,T=35C
2022-09-19,13:41,69,4.070,,Run,,,,T=35C
2022-09-19,13:46,69,4.065,,Run,,,,T=36C
2022-09-20,07:13,,,,Track Run,21:49,HRM+Stryd,All-systems,
2022-09-20,07:16,62,3.975,,Track Run,,,,T=29C
2022-09-20,07:21,62,3.970,,Track Run,,,,T=28C
2022-09-20,07:26,61,3.973,,Track Run,,,,T=27C
2022-09-20,07:31,61,3.965,,Track Run,,,,T=28C
2022-09-20,07:36,61,3.956,,Track Run,,,,T=28C
2022-09-20,13:05,57,3.939,,Pool Swim,25:38,HRM Pro,Off,T=29C
2022-09-20,13:06,57,3.939,,Pool Swim,,,,T=29C
2022-09-20,13:11,57,3.937,,Pool Swim,,,,T=30C
2022-09-20,13:16,57,3.940,,Pool Swim,,,,T=30C
2022-09-20,13:26,57,3.938,,Pool Swim,,,,T=30C
2022-09-21,08:21,,,,Walk,23:25,,All-systems,
2022-09-21,08:30,50,3.881,,Walk,,,,T=29C
2022-09-21,08:35,50,3.879,,Walk,,,,T=30C
2022-09-21,08:40,50,3.881,,Walk,,,,T=30C
2022-09-22,07:25,43,3.827,,Track Run,22:01,HRM+Stryd,All-systems,T=31C
2022-09-22,07:30,42,3.834,,Track Run,,,,T=29C
2022-09-22,07:35,42,3.835,,Track Run,,,,T=28C
2022-09-22,07:40,42,3.833,,Track Run,,,,T=28C
2022-09-22,07:45,41,3.831,,Track Run,,,,T=28C
2022-09-22,13:06,,,,Pool Swim,24:09,HRM Pro,Off,from fixed/edited file
2022-09-22,13:10,39,3.825,,Pool Swim,,,,T=30C
2022-09-22,13:15,39,3.824,,Pool Swim,,,,T=30C
2022-09-22,13:25,39,3.821,,Pool Swim,,,,T=30C
2022-09-23,07:21,,,,Track Run,27:24,HRM+Stryd,All-systems,
2022-09-23,07:25,65,4.003,,Track Run,,,,T=29C
2022-09-23,07:30,64,4.006,,Track Run,,,,T=29C
2022-09-23,07:40,64,3.996,,Track Run,,,,T=28C
2022-09-23,07:45,63,3.991,,Track Run,,,,T=28C
2022-09-23,13:04,81,4.201,,Track Run,31:03,HRM+Stryd,All-systems,T=33C
2022-09-23,13:06,81,4.201,,Track Run,,,,T=33C
2022-09-23,13:11,81,4.202,,Track Run,,,,T=33C
2022-09-23,13:16,80,4.193,,Track Run,,,,T=33C
2022-09-23,13:21,80,4.193,,Track Run,,,,T=33C
2022-09-23,13:26,80,4.183,,Track Run,,,,T=33C
2022-09-23,13:31,79,4.183,,Track Run,,,,T=33C
2022-09-24,11:23,,,,Track Run,47:09,HRM+Stryd,All-systems,
2022-09-24,11:26,71,4.098,,Track Run,,,,T=33C
2022-09-24,11:31,71,4.095,,Track Run,,,,T=33C
2022-09-24,11:41,71,4.090,,Track Run,,,,T=32C
2022-09-24,11:46,70,4.080,,Track Run,,,,T=31C
2022-09-24,11:56,70,4.076,,Track Run,,,,T=31C
2022-09-24,12:01,69,4.070,,Track Run,,,,T=31C
2022-09-24,12:06,69,4.073,,Track Run,,,,T=31C
2022-09-24,12:11,69,4.064,,Track Run,,,,T=33C
2022-09-26,07:17,,,,Track Run,24:20,HRM+Stryd,All-systems,
2022-09-26,07:21,55,3.920,,Track Run,,,,T=30C
2022-09-26,07:26,55,3.914,,Track Run,,,,T=30C
2022-09-26,07:31,54,3.917,,Track Run,,,,T=30C
2022-09-26,07:36,54,3.913,,Track Run,,,,T=30C
2022-09-26,12:59,,,,Run,40:28,HRM Pro,All-systems,
2022-09-26,13:06,52,3.888,,Run,,,,T=33C
2022-09-26,13:11,51,3.887,,Run,,,,T=32C
2022-09-26,13:16,51,3.883,,Run,,,,T=32C
2022-09-26,13:21,51,3.885,,Run,,,,T=33C
2022-09-26,13:26,50,3.882,,Run,,,,T=35C
2022-09-26,13:31,50,3.878,,Run,,,,T=34C
2022-09-26,13:41,49,3.874,,Run,,,,T=35C
2022-09-27,07:17,70,4.080,,Pool Swim,26:58,HRM Pro,Off,from fixed/edited file T=30C
2022-09-27,07:19,70,4.080,,Pool Swim,,,,T=30C
2022-09-27,07:24,70,4.079,,Pool Swim,,,,T=30C
2022-09-27,07:29,70,4.076,,Pool Swim,,,,T=30C
2022-09-27,07:34,69,4.076,,Pool Swim,,,,T=30C
2022-09-27,07:39,69,4.074,,Pool Swim,,,,T=30C
2022-09-27,07:44,69,4.071,,Pool Swim,,,,T=30C
2022-09-27,13:04,,,,Track Run,25:49,HRM Pro,All-systems,
2022-09-27,13:09,67,4.034,,Track Run,,,,T=33C
2022-09-27,13:14,66,4.031,,Track Run,,,,T=33C
2022-09-27,13:19,66,4.028,,Track Run,,,,T=32C
2022-09-27,13:24,66,4.023,,Track Run,,,,T=32C
2022-09-27,13:29,65,4.015,,Track Run,,,,T=32C
2022-09-28,13:01,,,,Run,47:00,HRM Pro,All-systems,
2022-09-28,13:05,56,3.921,,Run,,,,T=31C
2022-09-28,13:10,55,3.918,,Run,,,,T=30C
2022-09-28,13:15,55,3.915,,Run,,,,T=30C
2022-09-28,13:20,54,3.912,,Run,,,,T=30C
2022-09-28,13:25,54,3.910,,Run,,,,T=30C
2022-09-28,13:30,54,3.910,,Run,,,,T=32C
2022-09-28,13:35,53,3.903,,Run,,,,T=33C
2022-09-28,13:40,53,3.900,,Run,,,,T=33C
2022-09-28,13:45,53,3.900,,Run,,,,T=34C
2022-09-29,07:25,,,,Track Run,25:52,HRM,All-systems,
2022-09-29,07:30,46,3.856,,Track Run,,,,T=29C
2022-09-29,07:35,46,3.856,,Track Run,,,,T=28C
2022-09-29,07:40,46,3.855,,Track Run,,,,T=28C
2022-09-29,07:45,46,3.852,,Track Run,,,,T=28C
2022-09-29,07:50,45,3.852,,Track Run,,,,T=28C
2022-09-30,05:27,,,,Yoga,23:43,,Off,
2022-09-30,05:31,82,4.228,,Yoga,,,,T=31C
2022-09-30,05:36,82,4.230,,Yoga,,,,T=30C
2022-09-30,05:41,82,4.229,,Yoga,,,,T=30C
2022-09-30,05:46,82,4.228,,Yoga,,,,T=30C
2022-09-30,05:51,82,4.228,,Yoga,,,,T=31C
2022-09-30,07:21,,,,Track Run,21:50,HRM Pro,All-systems,
2022-09-30,07:26,81,4.199,,Track Run,,,,T=30C
2022-09-30,07:31,80,4.144,,Track Run,,,,T=29C
2022-09-30,07:36,80,4.190,,Track Run,,,,T=28C
2022-09-30,07:41,79,4.187,,Track Run,,,,T=28C
2022-10-03,05:13,,,,Yoga,33:41,,Off,
2022-10-03,05:16,61,3.985,,Yoga,,,,T=30C
2022-10-03,05:21,61,3.981,,Yoga,,,,T=30C
2022-10-03,05:26,61,3.980,,Yoga,,,,T=30C
2022-10-03,05:36,61,3.973,,Yoga,,,,T=30C
2022-10-03,05:41,61,3.978,,Yoga,,,,T=30C
2022-10-03,05:46,61,3.978,,Yoga,,,,T=30C
2022-10-03,07:27,,,,Track Run,26:12,HRM Pro,All-systems,
2022-10-03,07:31,60,3.956,,Track Run,,,,T=30C
2022-10-03,07:36,59,3.950,,Track Run,,,,T=30C
2022-10-03,07:41,59,3.950,,Track Run,,,,T=29C
2022-10-03,07:51,58,3.940,,Track Run,,,,T=30C
2022-10-03,13:02,,,,Run,43:09,HRM Pro,All-systems,
2022-10-03,13:06,55,3.916,,Run,,,,T=33C
2022-10-03,13:11,55,3.915,,Run,,,,T=32C
2022-10-03,13:16,54,3.911,,Run,,,,T=32C
2022-10-03,13:21,54,3.912,,Run,,,,T=32C
2022-10-03,13:26,54,3.909,,Run,,,,T=35C
2022-10-03,13:31,53,3.906,,Run,,,,T=35C
2022-10-03,13:36,53,3.901,,Run,,,,T=33C
2022-10-03,13:41,53,3.896,,Run,,,,T=35C
2022-10-03,13:46,52,3.896,,Run,,,,T=35C
2022-10-05,05:11,,,,Yoga,22:52,,Off,
2022-10-05,05:16,42,3.840,,Yoga,,,,T=30C
2022-10-05,05:26,42,3.838,,Yoga,,,,T=30C
2022-10-05,05:31,42,3.838,,Yoga,,,,T=30C
2022-10-05,05:36,42,3.835,,Yoga,,,,T=30C
2022-10-05,07:21,41,3.820,,Track Run,27:03,,All-systems,T=30C
2022-10-05,07:26,41,3.823,,Track Run,,,,T=29C
2022-10-05,07:31,40,3.821,,Track Run,,,,T=29C
2022-10-05,07:36,40,3.820,,Track Run,,,,T=29C
2022-10-05,07:46,39,3.814,,Track Run,,,,T=29C
2022-10-05,13:04,,,,Run,40:58,HRM Pro,All-systems,
2022-10-05,13:11,36,3.801,,Run,,,,T=32C
2022-10-05,13:16,36,3.799,,Run,,,,T=32C
2022-10-05,13:21,36,3.797,,Run,,,,T=31C
2022-10-05,13:26,35,3.793,,Run,,,,T=31C
2022-10-05,13:31,35,3.790,,Run,,,,T=32C
2022-10-05,13:36,34,3.789,,Run,,,,T=32C
2022-10-05,13:41,34,3.786,,Run,,,,T=33C
2022-10-05,13:46,34,3.785,,Run,,,,T=34C
2022-10-06,05:08,,,,Yoga,32:45,,Off,
2022-10-06,05:16,27,3.768,,Yoga,,,,T=30C
2022-10-06,05:21,27,3.767,,Yoga,,,,T=30C
2022-10-06,05:26,27,3.764,,Yoga,,,,T=30C
2022-10-06,05:31,27,3.766,,Yoga,,,,T=30C
2022-10-06,05:41,27,3.762,,Yoga,,,,T=29C
2022-10-06,07:21,,,,Track Run,19:42,HRM,All-systems,
2022-10-06,07:26,25,3.753,,Track Run,,,,T=29C
2022-10-06,07:31,25,3.753,,Track Run,,,,T=28C
2022-10-06,07:36,25,3.752,,Track Run,,,,T=27C
2022-10-06,07:41,24,3.752,,Track Run,,,,T=27C
2022-10-06,13:34,,,,Pool Swim,27:31,HRM Pro,Off,
2022-10-06,13:36,76,4.170,,Pool Swim,,,,T=31C
2022-10-06,13:41,76,4.168,,Pool Swim,,,,T=31C
2022-10-06,13:46,75,4.164,,Pool Swim,,,,T=31C
2022-10-06,13:51,75,4.165,,Pool Swim,,,,T=31C
2022-10-06,14:01,75,4.158,,Pool Swim,,,,T=31C
2022-10-07,07:22,,,,Track Run,23:51,,All-systems,
2022-10-07,07:26,71,4.093,,Track Run,,,,T=29C
2022-10-07,07:31,71,4.088,,Track Run,,,,T=29C
2022-10-07,07:36,70,4.083,,Track Run,,,,T=29C
2022-10-07,07:46,70,4.074,,Track Run,,,,T=29C
2022-10-07,13:48,,,,Run,35:45,,All-systems,
2022-10-07,13:51,67,4.046,,Run,,,,T=32C
2022-10-07,13:56,67,4.045,,Run,,,,T=32C
2022-10-07,14:01,66,4.028,,Run,,,,T=31C
2022-10-07,14:06,66,4.036,,Run,,,,T=32C
2022-10-07,14:11,66,4.030,,Run,,,,T=33C
2022-10-07,14:16,65,4.026,,Run,,,,T=33C
2022-10-07,14:21,65,4.022,,Run,,,,T=34C
2022-10-08,11:42,,,,Run,37:48,HRM,All-systems,
2022-10-08,11:46,56,3.931,,Run,,,,T=30C
2022-10-08,11:51,56,3.928,,Run,,,,T=32C
2022-10-08,11:56,56,3.928,,Run,,,,T=32C
2022-10-08,12:01,56,3.928,,Run,,,,T=31C
2022-10-08,12:06,55,3.925,,Run,,,,T=32C
2022-10-08,12:11,55,3.923,,Run,,,,T=31C
2022-10-08,12:16,55,3.916,,Run,,,,T=31C
2022-10-08,12:21,54,3.915,,Run,,,,T=31C
2022-10-10,07:16,,,,Track Run,29:44,HRM,All-systems,
2022-10-10,07:21,43,3.841,,Track Run,,,,T=26C
2022-10-10,07:26,43,3.837,,Track Run,,,,T=25C
2022-10-10,07:31,43,3.836,,Track Run,,,,T=25C
2022-10-10,07:36,42,3.835,,Track Run,,,,T=25C
2022-10-10,07:41,42,3.833,,Track Run,,,,T=25C
2022-10-10,07:46,42,3.829,,Track Run,,,,T=25C
2022-10-10,13:00,,,,Run,45:18,HRM,All-systems,
2022-10-10,13:02,74,4.130,,Run,,,,T=28C
2022-10-10,13:07,74,4.125,,Run,,,,T=28C
2022-10-10,13:12,74,4.125,,Run,,,,T=27C
2022-10-10,13:17,73,4.118,,Run,,,,T=27C
2022-10-10,13:22,73,4.119,,Run,,,,T=27C
2022-10-10,13:27,73,4.115,,Run,,,,T=27C
2022-10-10,13:32,73,4.109,,Run,,,,T=28C
2022-10-10,13:37,72,4.101,,Run,,,,T=28C
2022-10-10,13:42,72,4.108,,Run,,,,T=27C
2022-10-11,05:14,,,,Yoga,24:27,,Off,
2022-10-11,05:17,66,4.044,,Yoga,,,,T=30C
2022-10-11,05:22,66,4.045,,Yoga,,,,T=29C
2022-10-11,05:27,66,4.041,,Yoga,,,,T=29C
2022-10-11,05:32,66,4.043,,Yoga,,,,T=29C
2022-10-11,05:37,66,4.041,,Yoga,,,,T=28C
2022-10-11,07:16,64,4.007,,Track Run,25:08,HRM,All-systems,T=25C
2022-10-11,07:17,64,4.007,,Track Run,,,,T=25C
2022-10-11,07:22,64,4.003,,Track Run,,,,T=24C
2022-10-11,07:27,64,3.998,,Track Run,,,,T=25C
2022-10-11,07:32,64,3.994,,Track Run,,,,T=24C
2022-10-11,07:37,63,3.995,,Track Run,,,,T=23C
2022-10-11,13:05,,,,Pool Swim,26:21,HRM Pro,Off,
2022-10-11,13:07,60,3.960,,Pool Swim,,,,T=28C
2022-10-11,13:12,59,3.959,,Pool Swim,,,,T=28C
2022-10-11,13:17,59,3.958,,Pool Swim,,,,T=28C
2022-10-11,13:27,59,3.955,,Pool Swim,,,,T=28C
2022-10-12,07:16,54,3.908,,Track Run,22:47,HRM+Stryd,All-systems,T=26C
2022-10-12,07:17,54,3.908,,Track Run,,,,T=26C
2022-10-12,07:22,54,3.903,,Track Run,,,,T=24C
2022-10-12,07:27,54,3.906,,Track Run,,,,T=24C
2022-10-12,07:32,53,3.903,,Track Run,,,,T=23C
2022-10-12,07:37,53,3.902,,Track Run,,,,T=23C
2022-10-12,12:54,72,4.108,,Run,30:17,HRM+Stryd,All-systems,T=30C
2022-10-12,12:56,72,4.108,,Run,,,,T=30C
2022-10-12,13:01,72,4.100,,Run,,,,T=29C
2022-10-12,13:06,72,4.100,,Run,,,,T=29C
2022-10-12,13:11,71,4.095,,Run,,,,T=27C
2022-10-12,13:16,71,4.091,,Run,,,,T=28C
2022-10-12,13:21,71,4.090,,Run,,,,T=28C
2022-10-13,05:11,,,,Yoga,27:44,,Off,
2022-10-13,05:16,66,4.046,,Yoga,,,,T=30C
2022-10-13,05:21,66,4.044,,Yoga,,,,T=29C
2022-10-13,05:26,66,4.045,,Yoga,,,,T=29C
2022-10-13,05:31,66,4.044,,Yoga,,,,T=29C
2022-10-13,05:36,66,4.042,,Yoga,,,,T=29C
2022-10-13,07:15,65,4.009,,Track Run,21:47,HRM+Stryd,All-systems,T=26C
2022-10-13,07:16,65,4.009,,Track Run,,,,T=26C
2022-10-13,07:21,64,4.010,,Track Run,,,,T=25C
2022-10-13,07:26,64,4.006,,Track Run,,,,T=26C
2022-10-13,07:31,64,4.002,,Track Run,,,,T=25C
2022-10-13,07:36,63,3.995,,Track Run,,,,T=25C
2022-10-13,13:04,60,3.966,,Pool Swim,26:43,HRM Pro,Off,T=27C
2022-10-13,13:06,60,3.966,,Pool Swim,,,,T=27C
2022-10-13,13:11,60,3.964,,Pool Swim,,,,T=27C
2022-10-13,13:16,60,3.965,,Pool Swim,,,,T=27C
2022-10-13,13:21,60,3.961,,Pool Swim,,,,T=27C
2022-10-13,13:26,60,3.961,,Pool Swim,,,,T=27C
2022-10-14,07:23,,,,Track Run,20:36,Stryd,All-systems,
2022-10-14,07:26,54,3.905,,Track Run,,,,T=28C
2022-10-14,07:31,53,3.901,,Track Run,,,,T=27C
2022-10-14,07:36,53,3.894,,Track Run,,,,T=27C
2022-10-14,07:41,53,3.893,,Track Run,,,,T=26C
2022-10-16,15:04,,,,Yoga,27:39,,Off,
2022-10-16,15:08,54,3.915,,Yoga,,,,T=31C
2022-10-16,15:18,54,3.913,,Yoga,,,,T=30C
2022-10-16,15:23,54,3.915,,Yoga,,,,T=29C
2022-10-16,15:28,54,3.912,,Yoga,,,,T=29C
2022-10-17,07:16,48,3.861,,Track Run,24:19,HRM+Stryd,All-systems,T=29C
2022-10-17,07:18,48,3.861,,Track Run,,,,T=29C
2022-10-17,07:23,48,3.864,,Track Run,,,,T=28C
2022-10-17,07:28,48,3.862,,Track Run,,,,T=27C
2022-10-17,07:33,47,3.855,,Track Run,,,,T=27C
2022-10-17,07:38,47,3.856,,Track Run,,,,T=26C
2022-10-18,07:18,,,,Track Run,21:58,Stryd,All-systems,
2022-10-18,07:23,64,4.003,,Track Run,,,,T=24C
2022-10-18,07:28,64,3.993,,Track Run,,,,T=23C
2022-10-18,07:33,63,3.989,,Track Run,,,,T=23C
2022-10-18,07:38,63,3.978,,Track Run,,,,T=23C
2022-10-18,12:59,,,,Run,38:16,HRM+Stryd,All-systems,
2022-10-18,13:03,57,3.933,,Run,,,,T=24C
2022-10-18,13:08,57,3.933,,Run,,,,T=22C
2022-10-18,13:13,57,3.930,,Run,,,,T=21C
2022-10-18,13:18,56,3.928,,Run,,,,T=21C
2022-10-18,13:23,56,3.926,,Run,,,,T=21C
2022-10-18,13:28,56,3.923,,Run,,,,T=21C
2022-10-18,13:33,56,3.917,,Run,,,,T=22C
2022-10-18,13:38,55,3.910,,Run,,,,T=22C
2022-10-19,05:17,76,4.150,,Yoga,32:33,HRM,Off,T=30C
2022-10-19,05:19,76,4.150,,Yoga,,,,T=30C
2022-10-19,05:24,76,4.153,,Yoga,,,,T=30C
2022-10-19,05:29,76,4.153,,Yoga,,,,T=29C
2022-10-19,05:34,76,4.151,,Yoga,,,,T=29C
2022-10-19,05:39,75,4.151,,Yoga,,,,T=29C
2022-10-19,05:44,75,4.150,,Yoga,,,,T=29C
2022-10-19,05:49,75,4.149,,Yoga,,,,T=28C
2022-10-19,13:03,70,4.078,,Track Run,29:25,HRM+Stryd,All-systems,T=28C
2022-10-19,13:04,70,4.078,,Track Run,,,,T=28C
2022-10-19,13:09,70,4.071,,Track Run,,,,T=27C
2022-10-19,13:14,69,4.069,,Track Run,,,,T=26C
2022-10-19,13:19,69,4.066,,Track Run,,,,T=26C
2022-10-19,13:24,69,4.065,,Track Run,,,,T=26C
2022-10-19,13:29,68,4.061,,Track Run,,,,T=26C
2022-10-19,13:34,68,4.059,,Track Run,,,,T=27C
2022-10-20,07:15,,,,Track Run,28:13,Stryd,All-systems,
2022-10-20,07:24,60,3.955,,Track Run,,,,T=26C
2022-10-20,07:29,59,3.951,,Track Run,,,,T=26C
2022-10-20,07:34,59,3.950,,Track Run,,,,T=26C
2022-10-20,07:39,59,3.946,,Track Run,,,,T=25C
2022-10-20,13:06,,,,Run,46:50,HRM+Stryd,All-systems,
2022-10-20,13:09,55,3.916,,Run,,,,T=29C
2022-10-20,13:14,55,3.911,,Run,,,,T=28C
2022-10-20,13:19,54,3.909,,Run,,,,T=28C
2022-10-20,13:24,54,3.911,,Run,,,,T=28C
2022-10-20,13:29,54,3.908,,Run,,,,T=29C
2022-10-20,13:34,54,3.905,,Run,,,,T=32C
2022-10-20,13:39,53,3.903,,Run,,,,T=31C
2022-10-20,13:49,53,3.899,,Run,,,,T=30C
2022-10-21,07:29,,,,Track Run,20:28,,All-systems,
2022-10-21,07:34,47,3.861,,Track Run,,,,T=26C
2022-10-21,07:39,47,3.853,,Track Run,,,,T=27C
2022-10-21,07:44,47,3.852,,Track Run,,,,T=27C
2022-10-21,07:49,46,3.848,,Track Run,,,,T=27C
2022-10-24,07:16,,,,Track Run,22:40,HRM+Stryd,All-systems,
2022-10-24,07:19,80,4.201,,Track Run,,,,T=27C
2022-10-24,07:24,80,4.196,,Track Run,,,,T=26C
2022-10-24,07:29,80,4.188,,Track Run,,,,T=26C
2022-10-24,13:04,,,,Run,32:31,HRM+Stryd,All-systems,
2022-10-24,13:08,96,4.367,,Run,,,,T=30C
2022-10-24,13:13,96,4.366,,Run,,,,T=29C
2022-10-24,13:18,95,4.363,,Run,,,,T=29C
2022-10-24,13:23,95,4.360,,Run,,,,T=31C
2022-10-24,13:28,95,4.357,,Run,,,,T=33C
2022-10-24,13:33,94,4.355,,Run,,,,T=32C
2022-10-24,13:38,94,4.351,,Run,,,,T=33C
2022-10-25,05:14,,,,Yoga,29:44,,Off,
2022-10-25,05:18,85,4.258,,Yoga,,,,T=30C
2022-10-25,05:23,85,4.257,,Yoga,,,,T=30C
2022-10-25,05:28,85,4.256,,Yoga,,,,T=30C
2022-10-25,05:38,84,4.254,,Yoga,,,,T=29C
2022-10-25,05:43,84,4.254,,Yoga,,,,T=29C
2022-10-25,07:22,83,4.224,,Track Run,23:14,HRM+Stryd,All-systems,T=27C
2022-10-25,07:23,83,4.224,,Track Run,,,,T=27C
2022-10-25,07:28,83,4.226,,Track Run,,,,T=26C
2022-10-25,07:33,82,4.226,,Track Run,,,,T=26C
2022-10-25,07:38,82,4.221,,Track Run,,,,T=26C
2022-10-25,07:43,82,4.214,,Track Run,,,,T=26C
2022-10-25,13:04,,,,Pool Swim,28:43,,Off,
2022-10-25,13:08,78,4.180,,Pool Swim,,,,T=26C
2022-10-25,13:13,78,4.178,,Pool Swim,,,,T=26C
2022-10-25,13:18,78,4.178,,Pool Swim,,,,T=26C
2022-10-25,13:23,78,4.179,,Pool Swim,,,,T=26C
2022-10-25,13:28,78,4.178,,Pool Swim,,,,T=26C
2022-10-26,07:15,,,,Track Run,29:26,HRM+Stryd,All-systems,
2022-10-26,07:18,73,4.114,,Track Run,,,,T=26C
2022-10-26,07:23,73,4.111,,Track Run,,,,T=25C
2022-10-26,07:28,72,4.109,,Track Run,,,,T=25C
2022-10-26,07:33,72,4.105,,Track Run,,,,T=25C
2022-10-26,07:38,72,4.102,,Track Run,,,,T=25C
2022-10-26,07:43,72,4.095,,Track Run,,,,T=25C
2022-10-26,13:44,,,,Run,52:15,HRM+Stryd,All-systems,
2022-10-26,13:48,84,4.246,,Run,,,,T=29C
2022-10-26,13:53,84,4.242,,Run,,,,T=28C
2022-10-26,13:58,83,4.237,,Run,,,,T=28C
2022-10-26,14:08,83,4.235,,Run,,,,T=30C
2022-10-26,14:13,83,4.223,,Run,,,,T=32C
2022-10-26,14:18,83,4.223,,Run,,,,T=29C
2022-10-26,14:23,82,4.219,,Run,,,,T=29C
2022-10-26,14:28,82,4.221,,Run,,,,T=29C
2022-10-26,14:33,82,4.218,,Run,,,,T=30C
2022-10-26,14:38,81,4.211,,Run,,,,T=31C
2022-10-27,05:14,,,,Yoga,28:21,HRM,Off,
2022-10-27,05:18,77,4.171,,Yoga,,,,T=28C
2022-10-27,05:23,77,4.170,,Yoga,,,,T=26C
2022-10-27,05:28,77,4.170,,Yoga,,,,T=26C
2022-10-27,05:33,77,4.161,,Yoga,,,,T=26C
2022-10-27,07:20,,,,Track Run,22:39,HRM+Stryd,All-systems,
2022-10-27,07:23,75,4.144,,Track Run,,,,T=26C
2022-10-27,07:28,75,4.136,,Track Run,,,,T=26C
2022-10-27,07:33,75,4.131,,Track Run,,,,T=25C
2022-10-27,07:38,75,4.129,,Track Run,,,,T=25C
2022-10-27,13:06,,,,Pool Swim,26:05,HRM Pro,Off,
2022-10-27,13:08,73,4.116,,Pool Swim,,,,T=27C
2022-10-27,13:13,72,4.112,,Pool Swim,,,,T=26C
2022-10-27,13:23,72,4.108,,Pool Swim,,,,T=26C
2022-10-27,13:28,72,4.103,,Pool Swim,,,,T=26C
2022-10-28,07:16,,,,Track Run,26:24,HRM+Stryd,All-systems,
2022-10-28,07:18,67,4.037,,Track Run,,,,T=27C
2022-10-28,07:23,67,4.035,,Track Run,,,,T=26C
2022-10-28,07:28,66,4.030,,Track Run,,,,T=26C
2022-10-28,07:33,66,4.029,,Track Run,,,,T=25C
2022-10-28,07:38,66,4.025,,Track Run,,,,T=25C
2022-10-28,07:43,65,4.017,,Track Run,,,,T=26C
2022-10-28,13:05,,,,Pool Swim,28:18,HRM Pro,Off,
2022-10-28,13:08,63,3.996,,Pool Swim,,,,T=27C
2022-10-28,13:13,62,3.995,,Pool Swim,,,,T=26C
2022-10-28,13:18,62,3.991,,Pool Swim,,,,T=26C
2022-10-28,13:28,62,3.984,,Pool Swim,,,,T=26C
2022-10-28,13:33,62,3.982,,Pool Swim,,,,T=26C
2022-10-31,07:18,,,,Track Run,2:50:33,HRM+Stryd+HRM Pro,All-systems,
2022-10-31,07:23,45,3.846,,Track Run,,,,T=27C
2022-10-31,07:28,44,3.844,,Track Run,,,,T=26C
2022-10-31,07:33,44,3.845,,Track Run,,,,T=25C
2022-10-31,07:38,44,3.833,,Track Run,,,,T=25C
2022-10-31,08:01,43,3.848,,Track Run,,,,T=27C
2022-10-31,09:00,43,3.845,,Track Run,,,,T=27C
2022-10-31,09:15,43,3.847,,Track Run,,,,T=27C
2022-10-31,09:38,43,3.845,,Track Run,,,,T=27C
2022-10-31,09:44,43,3.845,,Track Run,,,,T=28C
2022-10-31,09:59,43,3.844,,Track Run,,,,T=28C
2022-10-31,10:03,46,3.982,,Track Run,,,,T=32C
2022-10-31,10:08,50,4.015,,Track Run,,,,T=33C
2022-10-31,13:02,,,,Run,41:16,HRM+Stryd,All-systems,
2022-10-31,13:08,77,4.151,,Run,,,,T=29C
2022-10-31,13:13,76,4.149,,Run,,,,T=28C
2022-10-31,13:18,76,4.147,,Run,,,,T=28C
2022-10-31,13:23,76,4.143,,Run,,,,T=28C
2022-10-31,13:28,75,4.138,,Run,,,,T=29C
2022-10-31,13:33,75,4.133,,Run,,,,T=28C
2022-10-31,13:38,75,4.136,,Run,,,,T=29C
2022-10-31,13:43,75,4.130,,Run,,,,T=30C
2022-10-31,13:48,74,4.125,,Run,,,,T=31C
2022-11-01,05:14,,,,Yoga,29:44,,Off,
2022-11-01,05:18,69,4.078,,Yoga,,,,T=30C
2022-11-01,05:23,69,4.078,,Yoga,,,,T=30C
2022-11-01,05:28,69,4.076,,Yoga,,,,T=30C
2022-11-01,05:33,69,4.075,,Yoga,,,,T=29C
2022-11-01,05:38,69,4.076,,Yoga,,,,T=30C
2022-11-01,05:43,69,4.072,,Yoga,,,,T=30C
2022-11-01,07:23,67,4.033,,Track Run,25:23,HRM+Stryd,All-systems,T=28C
2022-11-01,07:28,67,4.040,,Track Run,,,,T=26C
2022-11-01,07:33,67,4.032,,Track Run,,,,T=25C
2022-11-01,07:43,66,4.027,,Track Run,,,,T=23C
2022-11-01,07:48,66,4.026,,Track Run,,,,T=24C
2022-11-01,12:53,,,,Track Run,36:59,HRM+Stryd,All-systems,
2022-11-01,12:58,62,3.976,,Track Run,,,,T=25C
2022-11-01,13:03,62,3.977,,Track Run,,,,T=25C
2022-11-01,13:08,62,3.973,,Track Run,,,,T=25C
2022-11-01,13:13,61,3.969,,Track Run,,,,T=24C
2022-11-01,13:18,61,3.960,,Track Run,,,,T=24C
2022-11-01,13:23,61,3.961,,Track Run,,,,T=24C
2022-11-01,13:28,60,3.951,,Track Run,,,,T=24C
2022-11-02,07:41,,,,Pool Swim,25:39,HRM Pro,Off,
2022-11-02,07:44,52,3.888,,Pool Swim,,,,T=26C
2022-11-02,07:49,52,3.890,,Pool Swim,,,,T=26C
2022-11-02,07:54,52,3.890,,Pool Swim,,,,T=26C
2022-11-02,07:59,51,3.887,,Pool Swim,,,,T=26C
2022-11-02,08:04,51,3.885,,Pool Swim,,,,T=26C
2022-11-03,07:27,,,,Track Run,19:28,HRM+Stryd,All-systems,
2022-11-03,07:30,62,3.981,,Track Run,,,,T=25C
2022-11-03,07:35,62,3.974,,Track Run,,,,T=23C
2022-11-03,07:40,61,3.973,,Track Run,,,,T=22C
2022-11-03,13:02,,,,Run,38:01,HRM,All-systems,
2022-11-03,13:05,58,3.938,,Run,,,,T=25C
2022-11-03,13:10,58,3.940,,Run,,,,T=24C
2022-11-03,13:15,57,3.938,,Run,,,,T=23C
2022-11-03,13:20,57,3.936,,Run,,,,T=23C
2022-11-03,13:25,57,3.935,,Run,,,,T=23C
2022-11-03,13:30,56,3.933,,Run,,,,T=23C
2022-11-03,13:40,56,3.898,,Run,,,,T=23C
2022-11-04,06:36,,,,Pool Swim,25:53,HRM Pro,Off,
2022-11-04,06:40,47,3.860,,Pool Swim,,,,T=26C
2022-11-04,06:45,47,3.858,,Pool Swim,,,,T=26C
2022-11-04,06:50,46,3.855,,Pool Swim,,,,T=26C
2022-11-04,06:55,46,3.856,,Pool Swim,,,,T=26C
2022-11-04,07:00,46,3.855,,Pool Swim,,,,T=26C
2022-11-07,07:18,,,,Track Run,25:01,HRM+Stryd,All-systems,
2022-11-07,07:23,64,3.998,,Track Run,,,,T=25C
2022-11-07,07:28,64,3.991,,Track Run,,,,T=24C
2022-11-07,07:33,63,3.991,,Track Run,,,,T=23C
2022-11-07,07:38,63,3.983,,Track Run,,,,T=23C
2022-11-07,07:43,63,3.978,,Track Run,,,,T=23C
2022-11-07,13:02,97,4.378,,Run,1:06:37,HRM+Stryd,All-systems,T=27C
2022-11-07,13:03,97,4.378,,Run,,,,T=27C
2022-11-07,13:08,97,4.380,,Run,,,,T=26C
2022-11-07,13:13,97,4.378,,Run,,,,T=25C
2022-11-07,13:18,96,4.375,,Run,,,,T=25C
2022-11-07,13:23,96,4.373,,Run,,,,T=25C
2022-11-07,13:28,96,4.371,,Run,,,,T=25C
2022-11-07,13:33,96,4.367,,Run,,,,T=25C
2022-11-07,13:38,95,4.365,,Run,,,,T=25C
2022-11-07,13:43,95,4.363,,Run,,,,T=25C
2022-11-07,13:48,95,4.360,,Run,,,,T=25C
2022-11-07,13:53,95,4.356,,Run,,,,T=24C
2022-11-07,13:58,94,4.356,,Run,,,,T=24C
2022-11-07,14:03,94,4.350,,Run,,,,T=24C
2022-11-07,14:08,94,4.351,,Run,,,,T=24C
2022-11-08,06:36,89,4.305,,Pool Swim,25:11,HRM Pro,Off,T=27C
2022-11-08,06:38,89,4.305,,Pool Swim,,,,T=27C
2022-11-08,06:43,89,4.302,,Pool Swim,,,,T=27C
2022-11-08,06:48,89,4.301,,Pool Swim,,,,T=27C
2022-11-08,06:53,89,4.296,,Pool Swim,,,,T=27C
2022-11-08,06:58,88,4.294,,Pool Swim,,,,T=27C
2022-11-08,12:57,86,4.257,,Run,26:41,HRM+Stryd,All-systems,T=26C
2022-11-08,12:58,86,4.257,,Run,,,,T=26C
2022-11-08,13:03,86,4.258,,Run,,,,T=25C
2022-11-08,13:08,86,4.260,,Run,,,,T=25C
2022-11-08,13:13,85,4.251,,Run,,,,T=24C
2022-11-08,13:18,85,4.250,,Run,,,,T=25C
2022-11-08,13:23,85,4.247,,Run,,,,T=25C
2022-11-08,13:28,84,4.242,,Run,,,,T=26C
2022-11-09,07:21,79,4.181,,Track Run,19:04,HRM+Stryd,All-systems,T=26C
2022-11-09,07:23,79,4.181,,Track Run,,,,T=26C
2022-11-09,07:33,78,4.177,,Track Run,,,,T=24C
2022-11-09,07:38,78,4.174,,Track Run,,,,T=24C
2022-11-09,07:43,78,4.167,,Track Run,,,,T=24C
2022-11-10,06:35,,,,Pool Swim,24:55,HRM Pro,Off,
2022-11-10,06:38,69,4.070,,Pool Swim,,,,T=28C
2022-11-10,06:43,69,4.066,,Pool Swim,,,,T=28C
2022-11-10,06:48,69,4.065,,Pool Swim,,,,T=28C
2022-11-10,06:53,68,4.060,,Pool Swim,,,,T=28C
2022-11-10,06:58,68,4.058,,Pool Swim,,,,T=28C
2022-11-10,13:00,,,,Run,43:08,HRM+Stryd,All-systems,
2022-11-10,13:03,65,4.020,,Run,,,,T=29C
2022-11-10,13:08,65,4.018,,Run,,,,T=29C
2022-11-10,13:13,65,4.016,,Run,,,,T=29C
2022-11-10,13:18,65,4.010,,Run,,,,T=29C
2022-11-10,13:23,64,4.006,,Run,,,,T=31C
2022-11-10,13:28,64,4.003,,Run,,,,T=30C
2022-11-10,13:38,64,3.967,,Run,,,,T=32C
2022-11-11,07:21,57,3.925,,Track Run,20:26,HRM+Stryd,All-systems,T=27C
2022-11-11,07:23,57,3.925,,Track Run,,,,T=27C
2022-11-11,07:28,56,3.933,,Track Run,,,,T=26C
2022-11-11,07:33,56,3.930,,Track Run,,,,T=26C
2022-11-11,07:38,56,3.927,,Track Run,,,,T=26C
2022-11-11,13:06,54,3.903,,Run,38:24,HRM+Stryd,All-systems,T=31C
2022-11-11,13:08,54,3.903,,Run,,,,T=31C
2022-11-11,13:18,53,3.896,,Run,,,,T=29C
2022-11-11,13:23,53,3.898,,Run,,,,T=29C
2022-11-11,13:33,52,3.895,,Run,,,,T=30C
2022-11-11,13:38,52,3.893,,Run,,,,T=31C
2022-11-11,13:43,52,3.896,,Run,,,,T=32C
2022-11-11,13:48,51,3.885,,Run,,,,T=32C
2022-11-14,06:34,46,3.855,,Pool Swim,25:16,HRM Pro,Off,from fixed/edited file T=27C
2022-11-14,06:35,46,3.855,,Pool Swim,,,,T=27C
2022-11-14,06:40,46,3.855,,Pool Swim,,,,T=28C
2022-11-14,06:45,46,3.853,,Pool Swim,,,,T=28C
2022-11-14,06:50,45,3.851,,Pool Swim,,,,T=28C
2022-11-14,06:55,45,3.851,,Pool Swim,,,,T=28C
2022-11-14,13:03,,,,Run,34:03,HRM+Stryd,All-systems,
2022-11-14,13:05,42,3.831,,Run,,,,T=28C
2022-11-14,13:10,42,3.831,,Run,,,,T=27C
2022-11-14,13:15,42,3.826,,Run,,,,T=27C
2022-11-14,13:20,42,3.824,,Run,,,,T=27C
2022-11-14,13:25,41,3.821,,Run,,,,T=28C
2022-11-14,13:30,41,3.822,,Run,,,,T=28C
2022-11-14,13:36,41,3.833,,Run,,,,T=30C
2022-11-15,12:55,96,4.252,,Run,35:39,Stryd+HRM,All-systems,T=30C
2022-11-15,12:56,96,4.252,,Run,,,,T=30C
2022-11-15,13:01,95,4.232,,Run,,,,T=30C
2022-11-15,13:06,94,4.236,,Run,,,,T=29C
2022-11-15,13:11,94,4.223,,Run,,,,T=29C
2022-11-15,13:16,93,4.213,,Run,,,,T=28C
2022-11-15,13:21,92,4.207,,Run,,,,T=28C
2022-11-15,13:26,92,4.201,,Run,,,,T=28C
2022-11-15,13:31,91,4.196,,Run,,,,T=28C
2022-11-16,06:33,,,,Pool Swim,25:17,HRM Pro,Off,
2022-11-16,06:35,60,3.963,,Pool Swim,,,,T=27C
2022-11-16,06:45,59,3.955,,Pool Swim,,,,T=27C
2022-11-16,06:50,59,3.954,,Pool Swim,,,,T=27C
2022-11-16,06:55,59,3.950,,Pool Swim,,,,T=27C
2022-11-17,07:31,,,,Track Run,16:40,HRM+Stryd,All-systems,
2022-11-17,07:36,53,3.893,,Track Run,,,,T=25C
2022-11-17,07:41,53,3.890,,Track Run,,,,T=25C
2022-11-17,07:46,52,3.893,,Track Run,,,,T=25C
2022-11-17,12:51,,,,Run,47:43,HRM+Stryd+Tempe,All-systems,
2022-11-17,12:59,48,3.868,,Run,,,,T=26C
2022-11-17,13:04,48,3.856,,Run,,,,T=26C
2022-11-17,13:09,48,3.864,,Run,,,,T=26C
2022-11-17,13:14,47,3.863,,Run,,,,T=28C
2022-11-17,13:19,47,3.859,,Run,,,,T=28C
2022-11-17,13:29,46,3.860,,Run,,,,T=29C
2022-11-17,13:34,46,3.851,,Run,,,,T=30C
2022-11-18,07:23,40,3.816,,Track Run,21:13,HRM+Tempe+Stryd,All-systems,T=27C
2022-11-18,07:24,40,3.816,,Track Run,,,,T=27C
2022-11-18,07:29,40,3.818,,Track Run,,,,T=25C
2022-11-18,07:34,40,3.821,,Track Run,,,,T=24C
2022-11-18,07:39,40,3.821,,Track Run,,,,T=24C
2022-11-18,12:58,,,,Run,47:47,HRM+Stryd+Tempe,All-systems,
2022-11-18,13:00,92,4.329,,Run,,,,T=28C
2022-11-18,13:05,91,4.323,,Run,,,,T=28C
2022-11-18,13:10,91,4.320,,Run,,,,T=27C
2022-11-18,13:20,90,4.312,,Run,,,,T=27C
2022-11-18,13:25,90,4.302,,Run,,,,T=28C
2022-11-18,13:35,89,4.296,,Run,,,,T=28C
2022-11-18,13:40,89,4.293,,Run,,,,T=28C
2022-11-18,13:45,88,4.293,,Run,,,,T=30C
2022-11-19,11:32,,,,Track Run,48:13,,All-systems,
2022-11-19,11:35,81,4.207,,Track Run,,,,T=29C
2022-11-19,11:40,81,4.206,,Track Run,,,,T=28C
2022-11-19,11:45,81,4.200,,Track Run,,,,T=29C
2022-11-19,11:50,80,4.194,,Track Run,,,,T=28C
2022-11-19,12:00,80,4.181,,Track Run,,,,T=29C
2022-11-19,12:05,79,4.181,,Track Run,,,,T=30C
2022-11-19,12:10,79,4.173,,Track Run,,,,T=30C
2022-11-19,12:15,78,4.169,,Track Run,,,,T=30C
2022-11-19,15:49,76,4.153,,Walk,40:03,,All-systems,T=29C
2022-11-19,15:50,76,4.153,,Walk,,,,T=29C
2022-11-19,15:55,76,4.151,,Walk,,,,T=28C
2022-11-19,16:00,76,4.150,,Walk,,,,T=28C
2022-11-19,16:05,76,4.147,,Walk,,,,T=28C
2022-11-19,16:10,76,4.146,,Walk,,,,T=27C
2022-11-19,16:15,75,4.140,,Walk,,,,T=28C
2022-11-19,16:20,75,4.139,,Walk,,,,T=28C
2022-11-21,06:36,,,,Pool Swim,25:17,HRM Pro,Off,
2022-11-21,06:40,66,4.026,,Pool Swim,,,,T=27C
2022-11-21,06:50,65,4.018,,Pool Swim,,,,T=27C
2022-11-21,06:55,65,4.013,,Pool Swim,,,,T=27C
2022-11-21,07:00,65,4.008,,Pool Swim,,,,T=28C
2022-11-21,12:49,62,3.975,,Run,49:31,HRM+Stryd+Tempe,All-systems,T=28C
2022-11-21,12:50,62,3.975,,Run,,,,T=28C
2022-11-21,12:55,62,3.968,,Run,,,,T=27C
2022-11-21,13:00,61,3.965,,Run,,,,T=27C
2022-11-21,13:05,61,3.958,,Run,,,,T=26C
2022-11-21,13:10,60,3.953,,Run,,,,T=26C
2022-11-21,13:15,60,3.951,,Run,,,,T=26C
2022-11-21,13:20,59,3.947,,Run,,,,T=26C
2022-11-21,13:25,59,3.942,,Run,,,,T=27C
2022-11-21,13:30,58,3.931,,Run,,,,T=27C
2022-11-21,13:35,58,3.932,,Run,,,,T=27C
2022-11-22,12:47,,,,Run,45:04,HRM+Stryd+Tempe,All-systems,
2022-11-22,12:49,68,4.056,,Run,,,,T=27C
2022-11-22,12:54,68,4.050,,Run,,,,T=26C
2022-11-22,12:59,67,4.045,,Run,,,,T=25C
2022-11-22,13:04,67,4.038,,Run,,,,T=25C
2022-11-22,13:09,66,4.033,,Run,,,,T=26C
2022-11-22,13:14,66,4.028,,Run,,,,T=26C
2022-11-22,13:19,66,4.017,,Run,,,,T=26C
2022-11-22,13:24,65,4.013,,Run,,,,T=27C
2022-11-22,13:29,65,4.005,,Run,,,,T=27C
2022-11-23,06:34,58,3.950,,Pool Swim,25:33,HRM Pro,Off,T=26C
2022-11-23,06:39,58,3.950,,Pool Swim,,,,T=27C
2022-11-23,06:44,58,3.946,,Pool Swim,,,,T=27C
2022-11-23,06:49,58,3.943,,Pool Swim,,,,T=27C
2022-11-23,06:59,57,3.937,,Pool Swim,,,,T=27C
2022-11-24,12:57,,,,Run,42:26,HRM+Stryd+Tempe,All-systems,
2022-11-24,13:02,71,4.090,,Run,,,,T=26C
2022-11-24,13:07,71,4.085,,Run,,,,T=25C
2022-11-24,13:12,70,4.080,,Run,,,,T=24C
2022-11-24,13:17,70,4.074,,Run,,,,T=23C
2022-11-24,13:22,69,4.068,,Run,,,,T=24C
2022-11-24,13:27,69,4.064,,Run,,,,T=24C
2022-11-24,13:32,69,4.060,,Run,,,,T=24C
2022-11-24,13:37,68,4.055,,Run,,,,T=24C
2022-11-25,07:20,61,3.968,,Track Run,22:57,HRM+Stryd+Tempe,All-systems,T=27C
2022-11-25,07:22,61,3.968,,Track Run,,,,T=27C
2022-11-25,07:27,61,3.966,,Track Run,,,,T=25C
2022-11-25,07:32,60,3.965,,Track Run,,,,T=25C
2022-11-25,07:37,60,3.960,,Track Run,,,,T=25C
2022-11-25,07:42,60,3.958,,Track Run,,,,T=24C
2022-11-25,13:00,56,3.930,,Run,44:44,HRM+Stryd+Tempe,All-systems,T=27C
2022-11-25,13:02,56,3.930,,Run,,,,T=27C
2022-11-25,13:07,56,3.923,,Run,,,,T=26C
2022-11-25,13:12,56,3.920,,Run,,,,T=25C
2022-11-25,13:17,55,3.916,,Run,,,,T=25C
2022-11-25,13:22,55,3.915,,Run,,,,T=25C
2022-11-25,13:27,54,3.910,,Run,,,,T=25C
2022-11-25,13:32,54,3.875,,Run,,,,T=25C
2022-11-25,13:37,54,3.906,,Run,,,,T=25C
2022-11-25,13:42,53,3.903,,Run,,,,T=25C
2022-11-25,13:47,53,3.898,,Run,,,,T=26C
2022-11-26,11:23,,,,Track Run,44:56,HRM+Stryd+Tempe,All-systems Multiband,
2022-11-26,11:27,73,4.116,,Track Run,,,,T=25C
2022-11-26,11:32,73,4.108,,Track Run,,,,T=24C
2022-11-26,11:37,73,4.101,,Track Run,,,,T=23C
2022-11-26,11:42,72,4.098,,Track Run,,,,T=23C
2022-11-26,11:47,72,4.088,,Track Run,,,,T=23C
2022-11-26,11:52,71,4.085,,Track Run,,,,T=23C
2022-11-26,11:57,71,4.078,,Track Run,,,,T=23C
2022-11-26,12:02,70,4.071,,Track Run,,,,T=23C
2022-11-26,12:07,70,4.048,,Track Run,,,,T=23C
2022-11-26,12:12,69,4.066,,Track Run,,,,T=24C
2022-11-28,06:35,57,3.938,,Pool Swim,24:57,HRM Pro+Tempe,Off,T=27C
2022-11-28,06:37,57,3.938,,Pool Swim,,,,T=27C
2022-11-28,06:47,57,3.935,,Pool Swim,,,,T=27C
2022-11-28,06:52,56,3.933,,Pool Swim,,,,T=27C
2022-11-28,06:57,56,3.933,,Pool Swim,,,,T=27C
2022-11-28,12:56,54,3.898,,Run,46:01,HRM+Tempe+Stryd,All-systems,T=29C
2022-11-28,12:57,54,3.898,,Run,,,,T=29C
2022-11-28,13:02,53,3.897,,Run,,,,T=29C
2022-11-28,13:12,53,3.898,,Run,,,,T=29C
2022-11-28,13:17,52,3.891,,Run,,,,T=29C
2022-11-28,13:22,52,3.892,,Run,,,,T=30C
2022-11-28,13:27,51,3.883,,Run,,,,T=29C
2022-11-28,13:32,51,3.885,,Run,,,,T=30C
2022-11-28,13:37,50,3.879,,Run,,,,T=29C
2022-11-28,13:42,50,3.877,,Run,,,,T=30C
2022-11-29,07:13,,,,Track Run,21:09,HRM+Stryd+Tempe,All-systems Multiband,
2022-11-29,07:17,45,3.846,,Track Run,,,,T=26C
2022-11-29,07:22,45,3.843,,Track Run,,,,T=26C
2022-11-29,07:27,44,3.837,,Track Run,,,,T=26C
2022-11-29,12:47,,,,Run,55:18,HRM+Stryd+Tempe,All-systems,
2022-11-29,12:52,41,3.823,,Run,,,,T=30C
2022-11-29,12:57,40,3.821,,Run,,,,T=31C
2022-11-29,13:02,40,3.820,,Run,,,,T=29C
2022-11-29,13:07,39,3.819,,Run,,,,T=29C
2022-11-29,13:12,39,3.816,,Run,,,,T=31C
2022-11-29,13:17,39,3.813,,Run,,,,T=29C
2022-11-29,13:22,38,3.811,,Run,,,,T=29C
2022-11-29,13:27,38,3.806,,Run,,,,T=29C
2022-11-29,13:32,37,3.806,,Run,,,,T=29C
2022-11-29,13:37,37,3.802,,Run,,,,T=30C
2022-11-29,13:42,37,3.800,,Run,,,,T=30C
2022-11-29,13:47,36,3.796,,Run,,,,T=31C
2022-11-30,06:33,,,,Pool Swim,25:12,HRM Pro,Off,
2022-11-30,06:37,72,4.101,,Pool Swim,,,,T=28C
2022-11-30,06:42,71,4.099,,Pool Swim,,,,T=28C
2022-11-30,06:47,71,4.095,,Pool Swim,,,,T=28C
2022-11-30,06:52,71,4.091,,Pool Swim,,,,T=28C
2022-11-30,06:57,71,4.088,,Pool Swim,,,,T=28C
2022-12-01,07:20,,,,Track Run,18:41,HRM+Stryd+Tempe,All-systems Multiband,
2022-12-01,07:27,63,3.986,,Track Run,,,,T=19C
2022-12-01,07:32,63,3.977,,Track Run,,,,T=18C
2022-12-01,07:37,62,3.971,,Track Run,,,,T=17C
2022-12-01,12:45,,,,Run,34:04,HRM+Stryd+Tempe,All-systems,
2022-12-01,12:47,59,3.941,,Run,,,,T=22C
2022-12-01,12:52,59,3.940,,Run,,,,T=21C
2022-12-01,12:57,58,3.936,,Run,,,,T=20C
2022-12-01,13:02,58,3.931,,Run,,,,T=20C
2022-12-01,13:12,57,3.918,,Run,,,,T=20C
2022-12-01,13:17,56,3.921,,Run,,,,T=19C
2022-12-02,07:16,52,3.875,,Track Run,22:59,HRM+Stryd+Tempe,All-systems Multiband,T=21C
2022-12-02,07:17,52,3.875,,Track Run,,,,T=21C
2022-12-02,07:22,51,3.871,,Track Run,,,,T=19C
2022-12-02,07:27,51,3.863,,Track Run,,,,T=18C
2022-12-02,07:32,50,3.861,,Track Run,,,,T=17C
2022-12-02,07:37,50,3.853,,Track Run,,,,T=17C
2022-12-02,12:45,,,,Run,56:17,HRM+Stryd+Tempe,All-systems Multiband,
2022-12-02,12:48,75,4.134,,Run,,,,T=25C
2022-12-02,12:53,75,4.127,,Run,,,,T=22C
2022-12-02,12:58,74,4.118,,Run,,,,T=22C
2022-12-02,13:03,74,4.111,,Run,,,,T=21C
2022-12-02,13:08,73,4.107,,Run,,,,T=21C
2022-12-02,13:13,73,4.101,,Run,,,,T=21C
2022-12-02,13:18,72,4.091,,Run,,,,T=21C
2022-12-02,13:23,72,4.091,,Run,,,,T=21C
2022-12-02,13:28,71,4.083,,Run,,,,T=20C
2022-12-02,13:33,71,4.071,,Run,,,,T=21C
2022-12-02,13:38,70,4.072,,Run,,,,T=21C
2022-12-03,11:12,56,3.921,,Run,31:22,Stryd,All-systems Multiband,T=26C
2022-12-03,11:13,56,3.921,,Run,,,,T=26C
2022-12-03,11:23,55,3.915,,Run,,,,T=26C
2022-12-03,11:28,54,3.912,,Run,,,,T=26C
2022-12-03,11:33,54,3.905,,Run,,,,T=25C
2022-12-03,11:38,54,3.903,,Run,,,,T=24C
2022-12-03,11:43,53,3.899,,Run,,,,T=23C
2022-12-05,11:26,41,3.815,,Track Run,08:29,HRM,All-systems Multiband,T=24C
2022-12-05,11:27,41,3.815,,Track Run,,,,T=24C
2022-12-05,11:32,40,3.812,,Track Run,,,,T=23C
2022-12-06,07:15,,,,Track Run,18:56,HRM,All-systems Multiband,
2022-12-06,07:17,94,4.338,,Track Run,,,,T=21C
2022-12-06,07:22,93,4.333,,Track Run,,,,T=18C
2022-12-06,07:27,93,4.328,,Track Run,,,,T=18C
2022-12-06,07:32,92,4.325,,Track Run,,,,T=17C
2022-12-06,12:52,90,4.303,,Track Run,43:01,HRM,All-systems Multiband,T=24C
2022-12-06,12:57,90,4.245,,Track Run,,,,T=23C
2022-12-06,13:02,89,4.296,,Track Run,,,,T=23C
2022-12-06,13:07,89,4.292,,Track Run,,,,T=22C
2022-12-06,13:12,89,4.285,,Track Run,,,,T=22C
2022-12-06,13:17,88,4.280,,Track Run,,,,T=22C
2022-12-06,13:22,88,4.282,,Track Run,,,,T=22C
2022-12-06,13:27,87,4.277,,Track Run,,,,T=21C
2022-12-06,13:32,87,4.274,,Track Run,,,,T=22C
2022-12-07,06:34,,,,Pool Swim,25:23,HRM Pro+Tempe,Off,
2022-12-07,06:37,80,4.191,,Pool Swim,,,,T=26C
2022-12-07,06:42,79,4.189,,Pool Swim,,,,T=26C
2022-12-07,06:47,79,4.185,,Pool Swim,,,,T=27C
2022-12-07,06:52,79,4.178,,Pool Swim,,,,T=27C
2022-12-07,06:57,79,4.180,,Pool Swim,,,,T=27C
2022-12-07,17:04,,,,Run,1:06:58,HRM Pro,All-systems,
2022-12-07,17:07,75,4.141,,Run,,,,T=24C
2022-12-07,17:12,75,4.134,,Run,,,,T=23C
2022-12-07,17:17,75,4.130,,Run,,,,T=22C
2022-12-07,17:22,74,4.120,,Run,,,,T=22C
2022-12-07,17:27,74,4.118,,Run,,,,T=22C
2022-12-07,17:37,73,4.110,,Run,,,,T=21C
2022-12-07,17:42,73,4.105,,Run,,,,T=21C
2022-12-07,17:47,72,4.088,,Run,,,,T=21C
2022-12-07,17:52,72,4.095,,Run,,,,T=21C
2022-12-07,17:57,72,4.091,,Run,,,,T=20C
2022-12-07,18:02,71,4.086,,Run,,,,T=20C
2022-12-07,18:07,71,4.082,,Run,,,,T=20C
2022-12-07,18:12,70,4.073,,Run,,,,T=20C
2022-12-07,18:17,70,4.068,,Run,,,,T=21C
2022-12-08,12:47,65,4.021,,Run,59:37,HRM,All-systems Multiband,T=28C
2022-12-08,12:49,65,4.021,,Run,,,,T=28C
2022-12-08,12:54,65,4.006,,Run,,,,T=27C
2022-12-08,12:59,64,3.995,,Run,,,,T=25C
2022-12-08,13:04,64,3.988,,Run,,,,T=24C
2022-12-08,13:09,63,3.979,,Run,,,,T=24C
2022-12-08,13:14,63,3.973,,Run,,,,T=24C
2022-12-08,13:19,62,3.966,,Run,,,,T=24C
2022-12-08,13:24,62,3.960,,Run,,,,T=24C
2022-12-08,13:29,61,3.951,,Run,,,,T=24C
2022-12-08,13:34,61,3.946,,Run,,,,T=24C
2022-12-08,13:41,60,3.961,,Run,,,,T=28C
2022-12-09,07:16,,,,Track Run,21:21,HRM,All-systems Multiband,
2022-12-09,07:19,54,3.901,,Track Run,,,,T=22C
2022-12-09,07:24,53,3.896,,Track Run,,,,T=20C
2022-12-09,07:29,53,3.890,,Track Run,,,,T=20C
2022-12-09,07:34,52,3.887,,Track Run,,,,T=20C
2022-12-09,07:39,52,3.881,,Track Run,,,,T=19C
2022-12-09,13:04,75,4.137,,Run,39:24,HRM+Tempe,All-systems,T=29C
2022-12-09,13:06,75,4.137,,Run,,,,T=29C
2022-12-09,13:11,75,4.135,,Run,,,,T=26C
2022-12-09,13:16,74,4.128,,Run,,,,T=26C
2022-12-09,13:21,74,4.123,,Run,,,,T=25C
2022-12-09,13:26,74,4.120,,Run,,,,T=26C
2022-12-09,13:31,73,4.115,,Run,,,,T=25C
2022-12-09,13:36,73,4.111,,Run,,,,T=26C
2022-12-09,13:41,73,4.107,,Run,,,,T=27C
2022-12-12,06:35,54,3.901,,Pool Swim,24:44,HRM Pro+Tempe,Off,T=25C
2022-12-12,06:36,54,3.901,,Pool Swim,,,,T=25C
2022-12-12,06:41,53,3.903,,Pool Swim,,,,T=26C
2022-12-12,06:46,53,3.900,,Pool Swim,,,,T=26C
2022-12-12,06:51,53,3.900,,Pool Swim,,,,T=26C
2022-12-12,12:55,51,3.878,,Run,41:00,HRM+Tempe,All-systems,T=24C
2022-12-12,12:56,51,3.878,,Run,,,,T=24C
2022-12-12,13:01,50,3.870,,Run,,,,T=22C
2022-12-12,13:06,50,3.868,,Run,,,,T=22C
2022-12-12,13:11,49,3.866,,Run,,,,T=22C
2022-12-12,13:16,49,3.865,,Run,,,,T=23C
2022-12-12,13:21,49,3.860,,Run,,,,T=24C
2022-12-12,13:26,48,3.857,,Run,,,,T=23C
2022-12-12,13:31,48,3.858,,Run,,,,T=22C
2022-12-12,13:36,47,3.851,,Run,,,,T=22C
2022-12-13,07:24,,,,Track Run,10:31,HRM+Stryd+Tempe,All-systems Multiband,
2022-12-13,07:26,40,3.811,,Track Run,,,,T=20C
2022-12-13,07:31,40,3.801,,Track Run,,,,T=18C
2022-12-13,13:09,,,,Track Run,26:42,HRM+Stryd+Tempe,All-systems Multiband,
2022-12-13,13:12,90,4.297,,Track Run,,,,T=22C
2022-12-13,13:17,89,4.293,,Track Run,,,,T=20C
2022-12-13,13:22,89,4.289,,Track Run,,,,T=20C
2022-12-13,13:27,89,4.285,,Track Run,,,,T=19C
2022-12-13,13:32,88,4.286,,Track Run,,,,T=19C
2022-12-13,13:37,88,4.278,,Track Run,,,,T=19C
2022-12-14,06:36,,,,Pool Swim,24:49,HRM Pro+Tempe,Off,
2022-12-14,06:40,82,4.222,,Pool Swim,,,,T=26C
2022-12-14,06:45,82,4.219,,Pool Swim,,,,T=26C
2022-12-14,06:50,82,4.218,,Pool Swim,,,,T=26C
2022-12-14,06:55,81,4.212,,Pool Swim,,,,T=26C
2022-12-14,07:00,81,4.209,,Pool Swim,,,,T=26C
2022-12-14,13:21,,,,Run,1:23:08,HRM+Stryd+Tempe,All-systems,
2022-12-14,13:25,79,4.176,,Run,,,,T=21C
2022-12-14,13:30,78,4.170,,Run,,,,T=19C
2022-12-14,13:35,78,4.165,,Run,,,,T=19C
2022-12-14,13:40,78,4.161,,Run,,,,T=18C
2022-12-14,13:45,77,4.155,,Run,,,,T=17C
2022-12-14,13:50,77,4.151,,Run,,,,T=17C
2022-12-14,13:55,76,4.147,,Run,,,,T=17C
2022-12-14,14:05,76,4.138,,Run,,,,T=17C
2022-12-14,14:10,75,4.131,,Run,,,,T=16C
2022-12-14,14:15,75,4.124,,Run,,,,T=16C
2022-12-14,14:20,74,4.123,,Run,,,,T=16C
2022-12-14,14:25,74,4.115,,Run,,,,T=15C
2022-12-14,14:30,74,4.111,,Run,,,,T=15C
2022-12-14,14:35,73,4.106,,Run,,,,T=15C
2022-12-14,14:40,73,4.101,,Run,,,,T=15C
2022-12-14,14:45,72,4.091,,Run,,,,T=15C
2022-12-15,13:05,66,4.025,,Track Run,26:21,HRM+Stryd+Tempe,All-systems Multiband,T=24C
2022-12-15,13:10,66,4.020,,Track Run,,,,T=20C
2022-12-15,13:15,65,4.011,,Track Run,,,,T=18C
2022-12-15,13:20,65,4.001,,Track Run,,,,T=17C
2022-12-15,13:25,64,3.993,,Track Run,,,,T=17C
2022-12-15,13:30,64,3.985,,Track Run,,,,T=16C
2022-12-16,07:28,,,,Track Run,27:18,HRM+Stryd+Tempe,All-systems Multiband,
2022-12-16,07:30,56,3.923,,Track Run,,,,T=22C
2022-12-16,07:35,56,3.921,,Track Run,,,,T=20C
2022-12-16,07:40,55,3.918,,Track Run,,,,T=19C
2022-12-16,07:45,55,3.914,,Track Run,,,,T=19C
2022-12-16,07:50,55,3.907,,Track Run,,,,T=19C
2022-12-16,07:55,54,3.899,,Track Run,,,,T=19C
2022-12-16,13:06,,,,Run,37:40,HRM+Stryd+Tempe,All-systems,
2022-12-16,13:10,51,3.887,,Run,,,,T=21C
2022-12-16,13:15,51,3.882,,Run,,,,T=20C
2022-12-16,13:20,50,3.869,,Run,,,,T=20C
2022-12-16,13:25,50,3.869,,Run,,,,T=20C
2022-12-16,13:30,50,3.865,,Run,,,,T=19C
2022-12-16,13:35,49,3.869,,Run,,,,T=19C
2022-12-16,13:45,48,3.864,,Run,,,,T=19C
2022-12-19,06:38,24,3.780,,Pool Swim,25:00,HRM Pro,Off,T=24C
2022-12-19,06:43,24,3.775,,Pool Swim,,,,T=27C
2022-12-19,06:48,24,3.773,,Pool Swim,,,,T=27C
2022-12-19,06:58,23,3.767,,Pool Swim,,,,T=27C
2022-12-19,12:58,,,,Run,46:03,HRM+Stryd+Tempe,All-systems,
2022-12-19,13:02,69,4.108,,Run,,,,T=23C
2022-12-19,13:07,69,4.105,,Run,,,,T=21C
2022-12-19,13:12,69,4.098,,Run,,,,T=21C
2022-12-19,13:17,68,4.093,,Run,,,,T=21C
2022-12-19,13:22,68,4.091,,Run,,,,T=23C
2022-12-19,13:32,67,4.081,,Run,,,,T=23C
2022-12-19,13:37,67,4.077,,Run,,,,T=22C
2022-12-19,13:42,66,4.071,,Run,,,,T=22C
2022-12-20,15:43,,,,Run,42:10,HRM+Stryd+Tempe,All-systems,
2022-12-20,15:47,56,3.928,,Run,,,,T=24C
2022-12-20,15:52,56,3.922,,Run,,,,T=23C
2022-12-20,15:57,56,3.918,,Run,,,,T=22C
2022-12-20,16:02,55,3.909,,Run,,,,T=22C
2022-12-20,16:07,55,3.914,,Run,,,,T=23C
2022-12-20,16:12,54,3.910,,Run,,,,T=22C
2022-12-20,16:17,54,3.900,,Run,,,,T=21C
2022-12-20,16:22,53,3.904,,Run,,,,T=21C
2022-12-21,06:37,48,3.870,,Pool Swim,23:51,HRM Pro+Tempe,Off,T=26C
2022-12-21,06:42,48,3.870,,Pool Swim,,,,T=26C
2022-12-21,06:47,48,3.866,,Pool Swim,,,,T=26C
2022-12-21,06:52,47,3.866,,Pool Swim,,,,T=26C
2022-12-21,06:57,47,3.864,,Pool Swim,,,,T=26C
2022-12-21,13:15,,,,Run,44:52,HRM+Stryd+Tempe,All-systems,
2022-12-21,13:17,43,3.841,,Run,,,,T=27C
2022-12-21,13:22,43,3.834,,Run,,,,T=26C
2022-12-21,13:27,42,3.840,,Run,,,,T=25C
2022-12-21,13:32,42,3.836,,Run,,,,T=24C
2022-12-21,13:37,42,3.835,,Run,,,,T=24C
2022-12-21,13:42,41,3.835,,Run,,,,T=23C
2022-12-21,13:47,41,3.832,,Run,,,,T=23C
2022-12-21,13:52,41,3.830,,Run,,,,T=23C
2022-12-21,13:57,41,3.821,,Run,,,,T=23C
2022-12-22,07:26,34,3.783,,Track Run,10:05,HRM+Stryd+Tempe,All-systems Multiband,T=22C
2022-12-22,07:27,34,3.783,,Track Run,,,,T=22C
2022-12-22,07:32,33,3.776,,Track Run,,,,T=19C
2022-12-22,12:57,29,3.756,,Track Run,20:09,HRM+Stryd+Tempe,All-systems Multiband,T=27C
2022-12-22,13:07,28,3.753,,Track Run,,,,T=26C
2022-12-22,13:12,28,3.752,,Track Run,,,,T=25C
2022-12-22,13:17,27,3.752,,Track Run,,,,T=26C
2022-12-22,13:22,27,3.746,,Track Run,,,,T=25C
2022-12-22,13:27,26,3.747,,Track Run,,,,T=25C
2022-12-23,13:04,,,,Run,36:43,Stryd,All-systems,
2022-12-23,13:06,83,4.095,,Run,,,,T=27C
2022-12-23,13:11,82,4.091,,Run,,,,T=27C
2022-12-23,13:16,81,4.086,,Run,,,,T=27C
2022-12-23,13:21,80,4.072,,Run,,,,T=26C
2022-12-23,13:26,79,4.067,,Run,,,,T=25C
2022-12-23,13:31,79,4.058,,Run,,,,T=25C
2022-12-23,13:36,78,4.047,,Run,,,,T=25C
2022-12-23,13:41,77,4.041,,Run,,,,T=24C
2022-12-23,13:09,78,4.171,,Track Run,,,,T=27C
2022-12-23,13:14,77,4.166,,Track Run,,,,T=26C
2022-12-23,13:19,77,4.163,,Track Run,,,,T=25C
2022-12-23,13:24,76,4.156,,Track Run,,,,T=25C
2022-12-23,13:29,76,4.153,,Track Run,,,,T=24C
2022-12-23,13:34,76,4.148,,Track Run,,,,T=24C
2022-12-23,13:39,75,4.142,,Track Run,,,,T=24C
2022-12-24,11:12,,,,Run,1:05:23,HRM+Stryd+Tempe,All-systems,
2022-12-24,11:15,92,4.343,,Run,,,,T=24C
2022-12-24,11:20,92,4.341,,Run,,,,T=24C
2022-12-24,11:25,92,4.338,,Run,,,,T=24C
2022-12-24,11:30,92,4.335,,Run,,,,T=25C
2022-12-24,11:35,91,4.336,,Run,,,,T=23C
2022-12-24,11:40,91,4.328,,Run,,,,T=23C
2022-12-24,11:45,91,4.325,,Run,,,,T=22C
2022-12-24,11:50,91,4.320,,Run,,,,T=21C
2022-12-24,11:55,90,4.323,,Run,,,,T=21C
2022-12-24,12:00,90,4.315,,Run,,,,T=22C
2022-12-24,12:05,90,4.315,,Run,,,,T=21C
2022-12-24,12:10,89,4.309,,Run,,,,T=21C
2022-12-24,12:15,89,4.308,,Run,,,,T=21C
2022-12-27,16:57,,,,Run,38:41,HRM+Stryd+Tempe,All-systems,
2022-12-27,17:00,61,3.971,,Run,,,,T=24C
2022-12-27,17:05,61,3.970,,Run,,,,T=22C
2022-12-27,17:10,60,3.966,,Run,,,,T=22C
2022-12-27,17:15,60,3.963,,Run,,,,T=21C
2022-12-27,17:20,60,3.957,,Run,,,,T=21C
2022-12-27,17:25,59,3.956,,Run,,,,T=20C
2022-12-27,17:30,59,3.952,,Run,,,,T=20C
2022-12-27,17:35,59,3.949,,Run,,,,T=20C
2022-12-28,07:18,,,,Track Run,20:27,HRM+Stryd+Tempe,All-systems Multiband,
2022-12-28,07:22,96,4.369,,Track Run,,,,T=22C
2022-12-28,07:32,95,4.358,,Track Run,,,,T=19C
2022-12-28,07:37,95,4.355,,Track Run,,,,T=19C
2022-12-28,13:05,92,4.330,,Track Run,28:15,HRM+Stryd+Tempe,All-systems Multiband,T=27C
2022-12-28,13:07,92,4.330,,Track Run,,,,T=27C
2022-12-28,13:17,91,4.323,,Track Run,,,,T=25C
2022-12-28,13:22,91,4.319,,Track Run,,,,T=24C
2022-12-28,13:27,91,4.310,,Track Run,,,,T=24C
2022-12-28,13:37,90,4.305,,Track Run,,,,T=26C
2022-12-29,06:35,84,4.241,,Pool Swim,27:28,HRM Pro+Tempe,Off,T=26C
2022-12-29,06:37,84,4.241,,Pool Swim,,,,T=26C
2022-12-29,06:42,84,4.240,,Pool Swim,,,,T=27C
2022-12-29,06:52,83,4.235,,Pool Swim,,,,T=27C
2022-12-29,07:02,83,4.231,,Pool Swim,,,,T=26C
2022-12-29,13:09,,,,Run,1:29:53,HRM+Stryd+Tempe,All-systems Multiband,
2022-12-29,13:17,79,4.176,,Run,,,,T=23C
2022-12-29,13:22,79,4.170,,Run,,,,T=23C
2022-12-29,13:27,78,4.167,,Run,,,,T=23C
2022-12-29,13:32,78,4.161,,Run,,,,T=22C
2022-12-29,13:37,78,4.162,,Run,,,,T=23C
2022-12-29,13:42,77,4.153,,Run,,,,T=23C
2022-12-29,13:47,77,4.155,,Run,,,,T=22C
2022-12-29,13:52,76,4.149,,Run,,,,T=22C
2022-12-29,13:57,76,4.140,,Run,,,,T=22C
2022-12-29,14:02,76,4.140,,Run,,,,T=23C
2022-12-29,14:07,75,4.133,,Run,,,,T=23C
2022-12-29,14:12,75,4.133,,Run,,,,T=23C
2022-12-29,14:17,74,4.125,,Run,,,,T=22C
2022-12-29,14:22,74,4.123,,Run,,,,T=24C
2022-12-29,14:27,74,4.113,,Run,,,,T=23C
2022-12-29,14:32,73,4.108,,Run,,,,T=22C
2022-12-29,14:37,73,4.102,,Run,,,,T=21C
2022-12-29,14:42,72,4.102,,Run,,,,T=22C
2022-12-30,07:16,65,4.015,,Track Run,23:54,Stryd+Tempe,All-systems,T=24C
2022-12-30,07:17,65,4.015,,Track Run,,,,T=24C
2022-12-30,07:22,65,4.011,,Track Run,,,,T=20C
2022-12-30,07:27,65,3.995,,Track Run,,,,T=19C
2022-12-30,07:32,64,3.986,,Track Run,,,,T=19C
2022-12-30,07:37,64,3.976,,Track Run,,,,T=18C
2022-12-30,07:42,63,3.977,,Track Run,,,,T=18C
2022-12-30,12:54,,,,Track Run,45:38,HRM+Stryd+Tempe,All-systems,
2022-12-30,12:57,59,3.950,,Track Run,,,,T=25C
2022-12-30,13:02,59,3.949,,Track Run,,,,T=24C
2022-12-30,13:07,59,3.945,,Track Run,,,,T=24C
2022-12-30,13:12,58,3.941,,Track Run,,,,T=23C
2022-12-30,13:17,58,3.938,,Track Run,,,,T=23C
2022-12-30,13:22,58,3.938,,Track Run,,,,T=23C
2022-12-30,13:27,58,3.935,,Track Run,,,,T=22C
2022-12-30,13:32,57,3.933,,Track Run,,,,T=22C
2022-12-30,13:37,57,3.930,,Track Run,,,,T=22C
2023-01-03,07:17,63,3.973,,Track Run,21:44,HRM+Stryd,All-systems,T=23C
2023-01-03,07:18,63,3.973,,Track Run,,,,T=23C
2023-01-03,07:23,62,3.971,,Track Run,,,,T=21C
2023-01-03,07:28,62,3.968,,Track Run,,,,T=20C
2023-01-03,07:33,62,3.963,,Track Run,,,,T=20C
2023-01-03,07:38,61,3.960,,Track Run,,,,T=19C
2023-01-03,07:43,61,3.950,,Track Run,,,,T=20C
2023-01-03,12:54,,,,Track Run,32:48,HRM+Stryd+Tempe,All-systems,
2023-01-03,12:58,57,3.933,,Track Run,,,,T=24C
2023-01-03,13:03,57,3.930,,Track Run,,,,T=23C
2023-01-03,13:08,56,3.926,,Track Run,,,,T=23C
2023-01-03,13:13,56,3.919,,Track Run,,,,T=23C
2023-01-03,13:18,56,3.922,,Track Run,,,,T=22C
2023-01-03,13:23,55,3.919,,Track Run,,,,T=22C
2023-01-03,13:28,55,3.906,,Track Run,,,,T=22C
2023-01-04,13:18,94,4.341,,Run,1:51:56,HRM+Stryd+Tempe,All-systems Multiband,T=27C
2023-01-04,13:20,94,4.341,,Run,,,,T=27C
2023-01-04,13:25,93,4.341,,Run,,,,T=24C
2023-01-04,13:35,93,4.326,,Run,,,,T=23C
2023-01-04,13:40,92,4.330,,Run,,,,T=22C
2023-01-04,13:45,92,4.318,,Run,,,,T=22C
2023-01-04,13:50,92,4.317,,Run,,,,T=22C
2023-01-04,13:55,91,4.316,,Run,,,,T=22C
2023-01-04,14:00,91,4.308,,Run,,,,T=22C
2023-01-04,14:05,90,4.306,,Run,,,,T=22C
2023-01-04,14:10,90,4.302,,Run,,,,T=22C
2023-01-04,14:15,90,4.295,,Run,,,,T=22C
2023-01-04,14:25,89,4.293,,Run,,,,T=25C
2023-01-04,14:30,88,4.281,,Run,,,,T=23C
2023-01-04,14:35,88,4.283,,Run,,,,T=24C
2023-01-04,14:40,88,4.278,,Run,,,,T=23C
2023-01-04,14:45,87,4.266,,Run,,,,T=23C
2023-01-04,14:50,87,4.263,,Run,,,,T=22C
2023-01-04,14:55,87,4.259,,Run,,,,T=22C
2023-01-04,15:05,86,4.251,,Run,,,,T=22C
2023-01-04,15:10,85,4.251,,Run,,,,T=23C
2023-01-05,07:30,,,,Track Run,22:22,HRM+Stryd+Tempe,All-systems,
2023-01-05,07:35,80,4.183,,Track Run,,,,T=21C
2023-01-05,07:45,79,4.181,,Track Run,,,,T=20C
2023-01-05,07:50,79,4.173,,Track Run,,,,T=19C
2023-01-05,12:58,77,4.152,,Run,43:38,HRM+Stryd+Tempe,All-systems,T=27C
2023-01-05,13:00,77,4.152,,Run,,,,T=27C
2023-01-05,13:05,76,4.150,,Run,,,,T=25C
2023-01-05,13:15,76,4.141,,Run,,,,T=24C
2023-01-05,13:20,76,4.136,,Run,,,,T=23C
2023-01-05,13:25,75,4.137,,Run,,,,T=24C
2023-01-05,13:30,75,4.128,,Run,,,,T=23C
2023-01-05,13:35,75,4.129,,Run,,,,T=23C
2023-01-05,13:40,74,4.122,,Run,,,,T=23C
2023-01-06,07:19,,,,Track Run,16:47,Stryd,All-systems,
2023-01-06,07:25,69,4.056,,Track Run,,,,T=21C
2023-01-06,07:30,68,4.043,,Track Run,,,,T=20C
2023-01-06,07:35,68,4.041,,Track Run,,,,T=19C
2023-01-06,12:48,65,4.008,,Run,41:46,HRM+Stryd+Tempe,All-systems,T=28C
2023-01-06,12:50,65,4.008,,Run,,,,T=28C
2023-01-06,12:55,64,4.002,,Run,,,,T=27C
2023-01-06,13:00,64,4.003,,Run,,,,T=26C
2023-01-06,13:10,63,3.993,,Run,,,,T=26C
2023-01-06,13:15,63,3.989,,Run,,,,T=25C
2023-01-06,13:20,63,3.985,,Run,,,,T=25C
2023-01-06,13:25,63,3.981,,Run,,,,T=25C
2023-01-06,13:30,62,3.977,,Run,,,,T=25C
2023-01-07,11:08,,,,Run,43:19,HRM+Stryd+Tempe,All-systems,
2023-01-07,11:10,55,3.914,,Run,,,,T=25C
2023-01-07,11:15,54,3.915,,Run,,,,T=24C
2023-01-07,11:20,54,3.900,,Run,,,,T=25C
2023-01-07,11:25,54,3.908,,Run,,,,T=24C
2023-01-07,11:30,54,3.906,,Run,,,,T=23C
2023-01-07,11:35,53,3.898,,Run,,,,T=23C
2023-01-07,11:40,53,3.892,,Run,,,,T=23C
2023-01-07,11:45,53,3.890,,Run,,,,T=22C
2023-01-07,11:50,52,3.890,,Run,,,,T=22C
2023-01-09,06:36,,,,Pool Swim,26:06,Tempe,Off,
2023-01-09,06:40,68,4.061,,Pool Swim,,,,T=27C
2023-01-09,06:45,68,4.057,,Pool Swim,,,,T=27C
2023-01-09,06:50,68,4.056,,Pool Swim,,,,T=27C
2023-01-09,06:55,68,4.050,,Pool Swim,,,,T=27C
2023-01-09,07:00,67,4.050,,Pool Swim,,,,T=27C
2023-01-09,12:51,,,,Run,42:11,HRM+Stryd+Tempe,All-systems,
2023-01-09,12:55,65,4.016,,Run,,,,T=24C
2023-01-09,13:00,65,4.009,,Run,,,,T=24C
2023-01-09,13:05,64,4.003,,Run,,,,T=23C
2023-01-09,13:10,64,3.993,,Run,,,,T=23C
2023-01-09,13:15,64,3.989,,Run,,,,T=23C
2023-01-09,13:20,63,3.986,,Run,,,,T=23C
2023-01-09,13:25,63,3.978,,Run,,,,T=23C
2023-01-09,13:30,63,3.980,,Run,,,,T=23C
2023-01-10,07:17,,,,Track Run,25:59,HRM+Tempe+Stryd,All-systems,
2023-01-10,07:20,55,3.912,,Track Run,,,,T=22C
2023-01-10,07:25,55,3.913,,Track Run,,,,T=21C
2023-01-10,07:30,55,3.908,,Track Run,,,,T=21C
2023-01-10,07:35,54,3.898,,Track Run,,,,T=20C
2023-01-10,12:59,52,3.882,,Run,33:38,HRM+Stryd+Tempe,All-systems,T=25C
2023-01-10,13:00,52,3.882,,Run,,,,T=25C
2023-01-10,13:05,51,3.883,,Run,,,,T=22C
2023-01-10,13:10,51,3.879,,Run,,,,T=21C
2023-01-10,13:15,51,3.865,,Run,,,,T=21C
2023-01-10,13:20,51,3.875,,Run,,,,T=20C
2023-01-10,13:25,50,3.871,,Run,,,,T=20C
2023-01-10,13:30,50,3.866,,Run,,,,T=20C
2023-01-11,13:14,,,,Run,1:24:22,HRM+Stryd+Tempe,All-systems Multiband,
2023-01-11,13:17,93,4.337,,Run,,,,T=24C
2023-01-11,13:22,93,4.333,,Run,,,,T=23C
2023-01-11,13:27,92,4.321,,Run,,,,T=23C
2023-01-11,13:32,92,4.324,,Run,,,,T=22C
2023-01-11,13:37,92,4.321,,Run,,,,T=22C
2023-01-11,13:42,91,4.315,,Run,,,,T=21C
2023-01-11,13:47,91,4.311,,Run,,,,T=21C
2023-01-11,13:52,90,4.308,,Run,,,,T=21C
2023-01-11,13:57,90,4.305,,Run,,,,T=22C
2023-01-11,14:02,90,4.300,,Run,,,,T=22C
2023-01-11,14:07,89,4.294,,Run,,,,T=21C
2023-01-11,14:12,89,4.293,,Run,,,,T=22C
2023-01-11,14:22,88,4.283,,Run,,,,T=22C
2023-01-11,14:27,88,4.276,,Run,,,,T=22C
2023-01-11,14:32,87,4.273,,Run,,,,T=22C
2023-01-11,14:37,87,4.266,,Run,,,,T=22C
2023-01-12,07:32,82,4.210,,Run,18:38,HRM+Stryd+Tempe,All-systems,T=25C
2023-01-12,07:37,82,4.211,,Run,,,,T=23C
2023-01-12,07:42,81,4.206,,Run,,,,T=21C
2023-01-12,07:47,81,4.202,,Run,,,,T=21C
2023-01-12,13:00,,,,Run,34:39,HRM+Stryd+Tempe,All-systems,
2023-01-12,13:02,78,4.171,,Run,,,,T=25C
2023-01-12,13:07,78,4.160,,Run,,,,T=23C
2023-01-12,13:12,78,4.158,,Run,,,,T=22C
2023-01-12,13:17,77,4.155,,Run,,,,T=22C
2023-01-12,13:22,77,4.153,,Run,,,,T=21C
2023-01-12,13:27,77,4.156,,Run,,,,T=21C
2023-01-12,13:32,76,4.143,,Run,,,,T=21C
2023-01-13,12:48,,,,Run,38:05,HRM+Stryd+Tempe,All-systems,
2023-01-13,12:52,70,4.069,,Run,,,,T=25C
2023-01-13,12:57,69,4.074,,Run,,,,T=25C
2023-01-13,13:02,69,4.070,,Run,,,,T=24C
2023-01-13,13:07,69,4.061,,Run,,,,T=24C
2023-01-13,13:12,69,4.058,,Run,,,,T=24C
2023-01-13,13:17,68,4.056,,Run,,,,T=25C
2023-01-13,13:22,68,4.052,,Run,,,,T=25C
2023-01-13,13:27,68,4.050,,Run,,,,T=26C
2023-01-16,07:24,,,,Track Run,17:39,HRM+Stryd+Tempe,All-systems,
2023-01-16,07:27,51,3.876,,Track Run,,,,T=20C
2023-01-16,07:32,51,3.873,,Track Run,,,,T=18C
2023-01-16,07:37,50,3.871,,Track Run,,,,T=17C
2023-01-16,07:42,50,3.863,,Track Run,,,,T=16C
2023-01-16,13:00,,,,Run,40:58,HRM+Stryd+Tempe,All-systems,
2023-01-16,13:02,47,3.853,,Run,,,,T=22C
2023-01-16,13:07,47,3.856,,Run,,,,T=19C
2023-01-16,13:12,47,3.851,,Run,,,,T=18C
2023-01-16,13:17,46,3.852,,Run,,,,T=18C
2023-01-16,13:22,46,3.849,,Run,,,,T=18C
2023-01-16,13:27,46,3.848,,Run,,,,T=17C
2023-01-16,13:32,45,3.845,,Run,,,,T=16C
2023-01-16,13:37,45,3.842,,Run,,,,T=16C
2023-01-16,13:42,45,3.840,,Run,,,,T=16C
2023-01-17,07:24,,,,Track Run,15:30,HRM+Stryd+Tempe,All-systems,
2023-01-17,07:28,82,4.207,,Track Run,,,,T=18C
2023-01-17,07:33,81,4.200,,Track Run,,,,T=16C
2023-01-17,07:43,81,4.196,,Track Run,,,,T=16C
2023-01-17,12:49,,,,Run,44:14,HRM+Stryd+Tempe,All-systems,
2023-01-17,12:53,78,4.174,,Run,,,,T=21C
2023-01-17,12:58,78,4.170,,Run,,,,T=19C
2023-01-17,13:03,78,4.165,,Run,,,,T=18C
2023-01-17,13:13,77,4.156,,Run,,,,T=18C
2023-01-17,13:23,77,4.150,,Run,,,,T=18C
2023-01-17,13:28,76,4.148,,Run,,,,T=18C
2023-01-17,13:33,76,4.145,,Run,,,,T=17C
2023-01-17,13:38,76,4.139,,Run,,,,T=18C
2023-01-18,13:26,63,3.978,,Run,1:41:58,HRM+Stryd+Tempe,All-systems Multiband,T=26C
2023-01-18,13:28,63,3.978,,Run,,,,T=26C
2023-01-18,13:33,62,3.971,,Run,,,,T=23C
2023-01-18,13:38,62,3.968,,Run,,,,T=22C
2023-01-18,13:43,61,3.965,,Run,,,,T=22C
2023-01-18,13:48,61,3.953,,Run,,,,T=21C
2023-01-18,13:53,61,3.947,,Run,,,,T=20C
2023-01-18,13:58,60,3.946,,Run,,,,T=20C
2023-01-18,14:03,60,3.945,,Run,,,,T=20C
2023-01-18,14:08,59,3.944,,Run,,,,T=21C
2023-01-18,14:13,59,3.940,,Run,,,,T=21C
2023-01-18,14:18,59,3.940,,Run,,,,T=21C
2023-01-18,14:23,58,3.934,,Run,,,,T=21C
2023-01-18,14:28,58,3.924,,Run,,,,T=22C
2023-01-18,14:33,57,3.926,,Run,,,,T=21C
2023-01-18,14:43,56,3.918,,Run,,,,T=21C
2023-01-18,14:48,56,3.913,,Run,,,,T=23C
2023-01-18,14:53,56,3.908,,Run,,,,T=22C
2023-01-18,14:58,55,3.910,,Run,,,,T=21C
2023-01-18,15:03,55,3.904,,Run,,,,T=21C
2023-01-18,15:08,54,3.899,,Run,,,,T=22C
2023-01-19,12:47,47,3.859,,Run,38:38,Tempe,All-systems,T=28C
2023-01-19,12:48,47,3.859,,Run,,,,T=28C
2023-01-19,12:53,47,3.850,,Run,,,,T=26C
2023-01-19,12:58,46,3.853,,Run,,,,T=25C
2023-01-19,13:03,46,3.850,,Run,,,,T=23C
2023-01-19,13:08,45,3.846,,Run,,,,T=23C
2023-01-19,13:13,45,3.840,,Run,,,,T=23C
2023-01-19,13:18,45,3.838,,Run,,,,T=22C
2023-01-19,13:23,44,3.837,,Run,,,,T=22C
2023-01-19,13:28,44,3.830,,Run,,,,T=23C
2023-01-20,07:33,,,,Track Run,16:38,HRM+Stryd+Tempe,All-systems,
2023-01-20,07:38,37,3.801,,Track Run,,,,T=21C
2023-01-20,07:43,37,3.797,,Track Run,,,,T=20C
2023-01-20,07:48,36,3.794,,Track Run,,,,T=19C
2023-01-20,07:53,36,3.788,,Track Run,,,,T=19C
2023-01-20,13:00,,,,Run,47:01,HRM+Stryd+Tempe,All-systems,
2023-01-20,13:03,60,3.961,,Run,,,,T=23C
2023-01-20,13:13,60,3.950,,Run,,,,T=21C
2023-01-20,13:18,59,3.950,,Run,,,,T=21C
2023-01-20,13:23,59,3.945,,Run,,,,T=21C
2023-01-20,13:28,59,3.938,,Run,,,,T=22C
2023-01-20,13:33,59,3.937,,Run,,,,T=22C
2023-01-20,13:38,58,3.940,,Run,,,,T=22C
2023-01-26,13:17,,,,Run,1:25:47,HRM+Stryd+Tempe,All-systems Multiband,
2023-01-26,13:21,59,3.952,,Run,,,,T=24C
2023-01-26,13:26,59,3.950,,Run,,,,T=23C
2023-01-26,13:31,58,3.941,,Run,,,,T=22C
2023-01-26,13:36,58,3.939,,Run,,,,T=22C
2023-01-26,13:41,58,3.938,,Run,,,,T=21C
2023-01-26,13:46,57,3.931,,Run,,,,T=21C
2023-01-26,13:51,57,3.927,,Run,,,,T=21C
2023-01-26,13:56,56,3.923,,Run,,,,T=21C
2023-01-26,14:01,56,3.922,,Run,,,,T=21C
2023-01-26,14:06,55,3.919,,Run,,,,T=21C
2023-01-26,14:11,55,3.916,,Run,,,,T=21C
2023-01-26,14:21,54,3.903,,Run,,,,T=21C
2023-01-26,14:31,53,3.904,,Run,,,,T=22C
2023-01-26,14:36,53,3.900,,Run,,,,T=22C
2023-01-27,07:50,45,3.846,,Run,21:46,HRM+Stryd+Tempe,All-systems,T=24C
2023-01-27,07:51,45,3.846,,Run,,,,T=24C
2023-01-27,08:01,45,3.840,,Run,,,,T=20C
2023-01-27,08:06,44,3.844,,Run,,,,T=19C
2023-01-27,08:11,44,3.840,,Run,,,,T=19C
2023-01-27,13:07,,,,Track Run,48:23,HRM+Stryd+Tempe,All-systems,
2023-01-27,13:12,97,4.368,,Track Run,,,,T=23C
2023-01-27,13:17,97,4.368,,Track Run,,,,T=22C
2023-01-27,13:22,97,4.362,,Track Run,,,,T=21C
2023-01-27,13:27,97,4.362,,Track Run,,,,T=20C
2023-01-27,13:32,96,4.357,,Track Run,,,,T=20C
2023-01-27,13:37,96,4.357,,Track Run,,,,T=20C
2023-01-27,13:42,96,4.355,,Track Run,,,,T=20C
2023-01-27,13:47,95,4.353,,Track Run,,,,T=20C
2023-01-28,16:42,87,4.256,,Run,43:08,HRM+Stryd+Tempe,All-systems,T=22C
2023-01-28,16:47,86,4.256,,Run,,,,T=20C
2023-01-28,16:52,86,4.251,,Run,,,,T=20C
2023-01-28,16:57,86,4.248,,Run,,,,T=19C
2023-01-28,17:02,85,4.245,,Run,,,,T=19C
2023-01-28,17:12,85,4.236,,Run,,,,T=19C
2023-01-28,17:17,85,4.231,,Run,,,,T=18C
2023-01-28,17:27,84,4.216,,Run,,,,T=19C
2023-01-29,13:13,,,,Run,38:58,HRM+Stryd+Tempe,All-systems,
2023-01-29,13:17,79,4.170,,Run,,,,T=23C
2023-01-29,13:22,78,4.165,,Run,,,,T=24C
2023-01-29,13:32,78,4.151,,Run,,,,T=22C
2023-01-29,13:37,78,4.155,,Run,,,,T=21C
2023-01-29,13:42,77,4.153,,Run,,,,T=24C
2023-01-29,13:47,77,4.148,,Run,,,,T=22C
2023-01-29,13:52,77,4.142,,Run,,,,T=21C
2023-01-30,07:26,71,4.061,,Run,21:49,HRM+Stryd+Tempe,All-systems,T=23C
2023-01-30,07:27,71,4.061,,Run,,,,T=23C
2023-01-30,07:32,70,4.069,,Run,,,,T=17C
2023-01-30,07:37,70,4.062,,Run,,,,T=15C
2023-01-30,07:42,70,4.056,,Run,,,,T=14C
2023-01-30,07:47,69,4.046,,Run,,,,T=14C
2023-01-30,12:57,,,,Run,42:52,HRM+Stryd+Tempe,All-systems,
2023-01-30,13:02,67,4.032,,Run,,,,T=24C
2023-01-30,13:07,67,4.025,,Run,,,,T=23C
2023-01-30,13:17,66,4.016,,Run,,,,T=22C
2023-01-30,13:22,66,4.015,,Run,,,,T=23C
2023-01-30,13:32,65,4.003,,Run,,,,T=23C
2023-01-30,13:42,65,3.990,,Run,,,,T=24C
2023-01-31,12:52,57,3.920,,Run,42:59,Stryd+Tempe,All-systems,T=27C
2023-01-31,12:57,56,3.925,,Run,,,,T=25C
2023-01-31,13:02,56,3.918,,Run,,,,T=25C
2023-01-31,13:07,56,3.919,,Run,,,,T=23C
2023-01-31,13:12,55,3.914,,Run,,,,T=23C
2023-01-31,13:22,55,3.909,,Run,,,,T=22C
2023-01-31,13:27,54,3.908,,Run,,,,T=22C
2023-02-01,13:16,,,,Run,1:05:23,Stryd+Tempe,All-systems Multiband,
2023-02-01,13:19,86,4.247,,Run,,,,T=26C
2023-02-01,13:24,86,4.245,,Run,,,,T=26C
2023-02-01,13:29,85,4.239,,Run,,,,T=26C
2023-02-01,13:34,85,4.233,,Run,,,,T=26C
2023-02-01,13:39,84,4.232,,Run,,,,T=26C
2023-02-01,13:44,84,4.227,,Run,,,,T=27C
2023-02-01,13:54,83,4.216,,Run,,,,T=26C
2023-02-01,13:59,83,4.213,,Run,,,,T=27C
2023-02-01,14:04,82,4.211,,Run,,,,T=29C
2023-02-01,14:09,82,4.208,,Run,,,,T=28C
2023-02-01,14:14,82,4.195,,Run,,,,T=26C
2023-02-01,14:19,81,4.191,,Run,,,,T=25C
2023-02-02,12:49,75,4.113,,Run,46:04,Stryd+Tempe,All-systems Multiband,T=28C
2023-02-02,12:54,74,4.111,,Run,,,,T=27C
2023-02-02,12:59,74,4.108,,Run,,,,T=26C
2023-02-02,13:04,73,4.100,,Run,,,,T=24C
2023-02-02,13:09,73,4.098,,Run,,,,T=24C
2023-02-02,13:14,73,4.091,,Run,,,,T=23C
2023-02-02,13:19,72,4.081,,Run,,,,T=23C
2023-02-02,13:24,72,4.073,,Run,,,,T=23C
2023-02-02,13:29,71,4.077,,Run,,,,T=23C
2023-02-02,13:34,71,4.070,,Run,,,,T=23C
2023-02-03,13:00,,,,Run,44:39,Stryd+Tempe,All-systems,
2023-02-03,13:04,61,3.968,,Run,,,,T=25C
2023-02-03,13:09,61,3.965,,Run,,,,T=24C
2023-02-03,13:14,61,3.965,,Run,,,,T=24C
2023-02-03,13:19,60,3.961,,Run,,,,T=23C
2023-02-03,13:24,60,3.959,,Run,,,,T=23C
2023-02-03,13:29,60,3.955,,Run,,,,T=23C
2023-02-03,13:34,60,3.950,,Run,,,,T=23C
2023-02-03,13:39,59,3.950,,Run,,,,T=23C
2023-02-03,13:44,59,3.944,,Run,,,,T=23C
2023-02-03,13:49,59,3.939,,Run,,,,T=25C
2023-02-06,12:58,,,,Run,29:52,Stryd+Tempe,All-systems,
2023-02-06,13:01,100,4.408,,Run,,,,T=25C
2023-02-06,13:06,99,4.405,,Run,,,,T=24C
2023-02-06,13:11,99,4.403,,Run,,,,T=23C
2023-02-06,13:16,99,4.401,,Run,,,,T=23C
2023-02-06,13:21,99,4.398,,Run,,,,T=22C
2023-02-06,13:26,98,4.396,,Run,,,,T=22C
2023-02-07,12:47,,,,Run,40:25,Stryd+Tempe,All-systems,
2023-02-07,12:51,90,4.325,,Run,,,,T=26C
2023-02-07,12:56,90,4.321,,Run,,,,T=26C
2023-02-07,13:01,89,4.318,,Run,,,,T=26C
2023-02-07,13:06,89,4.313,,Run,,,,T=26C
2023-02-07,13:11,89,4.310,,Run,,,,T=25C
2023-02-07,13:16,88,4.308,,Run,,,,T=24C
2023-02-07,13:21,88,4.305,,Run,,,,T=25C
2023-02-07,13:26,88,4.298,,Run,,,,T=25C
2023-02-09,12:53,,,,Run,38:38,Stryd+Tempe,All-systems,
2023-02-09,12:56,75,4.145,,Run,,,,T=27C
2023-02-09,13:01,75,4.144,,Run,,,,T=27C
2023-02-09,13:06,75,4.139,,Run,,,,T=26C
2023-02-09,13:11,74,4.133,,Run,,,,T=25C
2023-02-09,13:16,74,4.126,,Run,,,,T=24C
2023-02-09,13:26,73,4.121,,Run,,,,T=24C
2023-02-09,13:31,73,4.119,,Run,,,,T=24C
2023-02-12,07:50,,,,Run,1:32:13,Stryd,All-systems Multiband,
2023-02-12,07:52,79,4.184,,Run,,,,T=25C
2023-02-12,07:57,78,4.178,,Run,,,,T=24C
2023-02-12,08:07,77,4.164,,Run,,,,T=23C
2023-02-12,08:12,77,4.156,,Run,,,,T=22C
2023-02-12,08:17,76,4.146,,Run,,,,T=23C
2023-02-12,08:22,76,4.143,,Run,,,,T=22C
2023-02-12,08:27,75,4.138,,Run,,,,T=22C
2023-02-12,08:32,75,4.133,,Run,,,,T=22C
2023-02-12,08:37,74,4.122,,Run,,,,T=22C
2023-02-12,08:42,74,4.116,,Run,,,,T=22C
2023-02-12,08:47,73,4.115,,Run,,,,T=23C
2023-02-12,08:52,73,4.110,,Run,,,,T=22C
2023-02-12,08:57,72,4.102,,Run,,,,T=21C
2023-02-12,09:02,72,4.100,,Run,,,,T=21C
2023-02-12,09:07,71,4.091,,Run,,,,T=21C
2023-02-12,09:12,71,4.083,,Run,,,,T=21C
2023-02-12,09:17,70,4.080,,Run,,,,T=21C
2023-02-12,09:22,69,4.065,,Run,,,,T=22C
2023-02-13,13:02,,,,Run,34:17,Stryd+Tempe,All-systems Multiband,
2023-02-13,13:07,59,3.961,,Run,,,,T=30C
2023-02-13,13:12,59,3.956,,Run,,,,T=30C
2023-02-13,13:17,58,3.951,,Run,,,,T=28C
2023-02-13,13:22,58,3.926,,Run,,,,T=28C
2023-02-13,13:27,57,3.941,,Run,,,,T=28C
2023-02-13,13:32,57,3.936,,Run,,,,T=28C
2023-02-13,13:37,56,3.930,,Run,,,,T=28C
2023-02-13,13:42,56,3.923,,Run,,,,T=29C
2023-02-14,07:18,,,,Track Run,29:24,,All-systems Multiband,
2023-02-14,07:21,88,4.291,,Track Run,,,,T=22C
2023-02-14,07:26,87,4.280,,Track Run,,,,T=22C
2023-02-14,07:36,86,4.268,,Track Run,,,,T=21C
2023-02-14,07:41,86,4.263,,Track Run,,,,T=21C
2023-02-15,12:59,77,4.161,,Run,32:00,Stryd+Tempe,All-systems Multiband,T=28C
2023-02-15,13:01,77,4.161,,Run,,,,T=28C
2023-02-15,13:06,76,4.153,,Run,,,,T=25C
2023-02-15,13:11,76,4.146,,Run,,,,T=24C
2023-02-15,13:16,75,4.140,,Run,,,,T=23C
2023-02-15,13:21,75,4.133,,Run,,,,T=22C
2023-02-15,13:26,74,4.125,,Run,,,,T=22C
2023-02-15,13:31,74,4.118,,Run,,,,T=22C
2023-02-16,05:20,,,,Yoga,32:24,,Off,
2023-02-16,05:26,69,4.086,,Yoga,,,,T=28C
2023-02-16,05:36,69,4.085,,Yoga,,,,T=27C
2023-02-16,05:41,69,4.084,,Yoga,,,,T=26C
2023-02-16,05:46,69,4.083,,Yoga,,,,T=26C
2023-02-16,05:51,69,4.082,,Yoga,,,,T=26C
2023-02-16,05:56,69,4.081,,Yoga,,,,T=26C
2023-02-16,12:49,66,4.030,,Run,37:02,Stryd+Tempe,All-systems Multiband,T=25C
2023-02-16,12:51,66,4.030,,Run,,,,T=25C
2023-02-16,12:56,65,4.022,,Run,,,,T=24C
2023-02-16,13:01,65,4.014,,Run,,,,T=23C
2023-02-16,13:06,64,4.008,,Run,,,,T=24C
2023-02-16,13:16,64,3.990,,Run,,,,T=23C
2023-02-16,13:21,63,3.970,,Run,,,,T=23C
2023-02-17,12:58,97,4.390,,Run,45:15,Stryd+Tempe,All-systems Multiband,T=28C
2023-02-17,13:03,97,4.353,,Run,,,,T=26C
2023-02-17,13:08,97,4.383,,Run,,,,T=25C
2023-02-17,13:13,97,4.376,,Run,,,,T=25C
2023-02-17,13:18,97,4.373,,Run,,,,T=25C
2023-02-17,13:23,96,4.371,,Run,,,,T=29C
2023-02-17,13:28,96,4.365,,Run,,,,T=29C
2023-02-17,13:33,96,4.361,,Run,,,,T=27C
2023-02-17,13:38,95,4.360,,Run,,,,T=29C
2023-02-17,13:43,95,4.355,,Run,,,,T=29C
2023-02-20,07:19,,,,Track Run,24:22,,All-systems Multiband,
2023-02-20,07:21,74,4.113,,Track Run,,,,T=24C
2023-02-20,07:26,74,4.108,,Track Run,,,,T=23C
2023-02-20,07:31,73,4.100,,Track Run,,,,T=23C
2023-02-20,07:36,73,4.095,,Track Run,,,,T=23C
2023-02-20,07:41,72,4.079,,Track Run,,,,T=22C
2023-02-20,12:58,,,,Run,37:42,Stryd+Tempe,All-systems,
2023-02-20,13:06,67,4.035,,Run,,,,T=25C
2023-02-20,13:11,67,4.026,,Run,,,,T=25C
2023-02-20,13:16,66,4.026,,Run,,,,T=25C
2023-02-20,13:26,66,4.018,,Run,,,,T=26C
2023-02-20,13:31,65,4.010,,Run,,,,T=26C
2023-02-20,13:36,65,4.006,,Run,,,,T=25C
2023-02-21,13:00,49,3.865,,Run,59:49,Stryd+Tempe,All-systems,T=27C
2023-02-21,13:01,49,3.865,,Run,,,,T=27C
2023-02-21,13:06,48,3.863,,Run,,,,T=24C
2023-02-21,13:11,48,3.865,,Run,,,,T=24C
2023-02-21,13:16,48,3.864,,Run,,,,T=23C
2023-02-21,13:21,47,3.854,,Run,,,,T=23C
2023-02-21,13:26,47,3.855,,Run,,,,T=23C
2023-02-21,13:31,47,3.857,,Run,,,,T=25C
2023-02-21,13:36,46,3.852,,Run,,,,T=24C
2023-02-21,13:41,46,3.850,,Run,,,,T=25C
2023-02-21,13:46,46,3.853,,Run,,,,T=24C
2023-02-21,13:51,45,3.849,,Run,,,,T=23C
2023-02-21,13:56,45,3.848,,Run,,,,T=24C
2023-02-21,14:01,45,3.841,,Run,,,,T=25C
2023-02-22,07:22,,,,Track Run,25:40,Tempe,All-systems Multiband,
2023-02-22,07:26,33,3.773,,Track Run,,,,T=22C
2023-02-22,07:31,32,3.770,,Track Run,,,,T=21C
2023-02-22,07:36,32,3.764,,Track Run,,,,T=20C
2023-02-22,07:46,30,3.760,,Track Run,,,,T=20C
2023-02-22,12:47,,,,Run,43:18,Stryd+Tempe,All-systems,
2023-02-22,12:51,26,3.745,,Run,,,,T=27C
2023-02-22,13:01,25,3.738,,Run,,,,T=24C
2023-02-22,13:11,24,3.740,,Run,,,,T=23C
2023-02-22,13:16,24,3.737,,Run,,,,T=23C
2023-02-22,13:21,24,3.733,,Run,,,,T=23C
2023-02-22,13:26,23,3.730,,Run,,,,T=23C
2023-02-22,13:36,23,3.733,,Run,,,,T=24C
2023-02-23,06:37,,,,Pool Swim,26:31,HRM Pro,Off,
2023-02-23,06:39,80,4.198,,Pool Swim,,,,T=26C
2023-02-23,06:44,80,4.191,,Pool Swim,,,,T=27C
2023-02-23,06:49,80,4.188,,Pool Swim,,,,T=27C
2023-02-23,06:59,79,4.185,,Pool Swim,,,,T=27C
2023-02-23,12:49,,,,Run,36:00,Stryd+Tempe,All-systems,
2023-02-23,12:54,77,4.153,,Run,,,,T=27C
2023-02-23,12:59,76,4.143,,Run,,,,T=26C
2023-02-23,13:04,76,4.145,,Run,,,,T=26C
2023-02-23,13:09,76,4.147,,Run,,,,T=26C
2023-02-23,13:19,75,4.141,,Run,,,,T=25C
2023-02-23,13:24,75,4.132,,Run,,,,T=25C
2023-02-23,13:29,75,4.131,,Run,,,,T=26C
2023-02-23,13:34,74,4.123,,Run,,,,T=27C
2023-02-27,06:36,,,,Pool Swim,25:28,HRM Pro+Tempe,Off,
2023-02-27,06:44,48,3.861,,Pool Swim,,,,T=27C
2023-02-27,06:49,47,3.860,,Pool Swim,,,,T=27C
2023-02-27,06:54,47,3.857,,Pool Swim,,,,T=27C
2023-02-27,06:59,47,3.855,,Pool Swim,,,,T=27C
2023-02-27,13:01,,,,Run,35:07,Stryd+Tempe,All-systems,
2023-02-27,13:04,44,3.841,,Run,,,,T=26C
2023-02-27,13:09,43,3.841,,Run,,,,T=24C
2023-02-27,13:14,43,3.835,,Run,,,,T=24C
2023-02-27,13:19,43,3.836,,Run,,,,T=23C
2023-02-27,13:24,42,3.835,,Run,,,,T=23C
2023-02-27,13:29,42,3.831,,Run,,,,T=23C
2023-02-27,13:34,42,3.831,,Run,,,,T=23C
2023-02-27,13:39,41,3.824,,Run,,,,T=23C
2023-02-28,13:02,,,,Run,38:39,HRM+Stryd+Tempe,All-systems,
2023-02-28,13:04,26,3.748,,Run,,,,T=26C
2023-02-28,13:09,26,3.746,,Run,,,,T=25C
2023-02-28,13:14,26,3.746,,Run,,,,T=25C
2023-02-28,13:19,26,3.737,,Run,,,,T=25C
2023-02-28,13:24,25,3.741,,Run,,,,T=26C
2023-02-28,13:29,25,3.702,,Run,,,,T=25C
2023-02-28,13:34,24,3.735,,Run,,,,T=26C
2023-02-28,13:39,24,3.740,,Run,,,,T=26C
2023-03-01,07:21,91,4.317,,Track Run,25:14,HRM,All-systems Multiband,T=21C
2023-03-01,07:23,91,4.317,,Track Run,,,,T=21C
2023-03-01,07:33,91,4.305,,Track Run,,,,T=20C
2023-03-01,07:38,90,4.298,,Track Run,,,,T=20C
2023-03-01,07:48,89,4.295,,Track Run,,,,T=19C
2023-03-01,13:03,,,,Run,30:26,Stryd,All-systems,
2023-03-01,13:08,86,4.270,,Run,,,,T=29C
2023-03-01,13:13,86,4.263,,Run,,,,T=28C
2023-03-01,13:18,86,4.265,,Run,,,,T=28C
2023-03-01,13:23,85,4.259,,Run,,,,T=28C
2023-03-01,13:28,85,4.256,,Run,,,,T=29C
2023-03-01,13:33,85,4.251,,Run,,,,T=28C
2023-03-01,13:38,85,4.247,,Run,,,,T=29C
2023-03-02,07:26,,,,Run,20:00,,All-systems,
2023-03-02,07:28,77,4.158,,Run,,,,T=23C
2023-03-02,07:33,77,4.154,,Run,,,,T=22C
2023-03-02,07:38,77,4.148,,Run,,,,T=22C
2023-03-02,07:43,76,4.135,,Run,,,,T=22C
2023-03-02,12:59,,,,Run,26:55,Stryd,All-systems,
2023-03-02,13:03,73,4.115,,Run,,,,T=28C
2023-03-02,13:08,73,4.107,,Run,,,,T=26C
2023-03-02,13:13,73,4.108,,Run,,,,T=25C
2023-03-02,13:23,72,4.100,,Run,,,,T=25C
2023-03-03,12:58,,,,Run,42:29,Stryd+Tempe,All-systems,
2023-03-03,13:03,64,4.007,,Run,,,,T=26C
2023-03-03,13:08,64,3.998,,Run,,,,T=25C
2023-03-03,13:13,64,3.950,,Run,,,,T=24C
2023-03-03,13:18,64,3.986,,Run,,,,T=24C
2023-03-03,13:23,63,3.985,,Run,,,,T=26C
2023-03-03,13:28,63,3.978,,Run,,,,T=26C
2023-03-03,13:33,63,3.978,,Run,,,,T=25C
2023-03-03,13:38,62,3.970,,Run,,,,T=26C
2023-03-03,13:43,62,3.973,,Run,,,,T=27C
2023-03-06,06:38,,,,Pool Swim,27:51,,Off,
2023-03-06,06:43,21,3.734,,Pool Swim,,,,T=26C
2023-03-06,06:53,21,3.733,,Pool Swim,,,,T=26C
2023-03-06,07:03,21,3.724,,Pool Swim,,,,T=26C
2023-03-06,13:02,,,,Run,41:47,Stryd+Tempe,All-systems,
2023-03-06,13:05,86,4.277,,Run,,,,T=27C
2023-03-06,13:10,86,4.271,,Run,,,,T=26C
2023-03-06,13:15,85,4.270,,Run,,,,T=27C
2023-03-06,13:20,85,4.265,,Run,,,,T=26C
2023-03-06,13:25,85,4.261,,Run,,,,T=30C
2023-03-06,13:30,85,4.260,,Run,,,,T=30C
2023-03-06,13:35,84,4.256,,Run,,,,T=29C
2023-03-06,13:40,84,4.253,,Run,,,,T=30C
2023-03-07,13:05,77,4.150,,Run,40:49,Stryd+Tempe,All-systems,T=31C
2023-03-07,13:10,76,4.145,,Run,,,,T=27C
2023-03-07,13:15,76,4.151,,Run,,,,T=26C
2023-03-07,13:25,75,4.141,,Run,,,,T=26C
2023-03-07,13:30,75,4.138,,Run,,,,T=27C
2023-03-07,13:35,75,4.137,,Run,,,,T=26C
2023-03-07,13:40,74,4.131,,Run,,,,T=28C
2023-03-07,13:45,74,4.126,,Run,,,,T=28C
2023-03-08,12:58,,,,Run,26:47,Stryd+Tempe,All-systems,
2023-03-08,13:00,67,4.041,,Run,,,,T=27C
2023-03-08,13:05,66,4.037,,Run,,,,T=26C
2023-03-08,13:10,66,4.033,,Run,,,,T=26C
2023-03-08,13:15,66,4.025,,Run,,,,T=25C
2023-03-08,13:20,65,4.025,,Run,,,,T=25C
2023-03-08,13:25,65,4.015,,Run,,,,T=25C
2023-03-09,07:26,,,,Run,21:33,Tempe,All-systems,
2023-03-09,07:30,58,3.935,,Run,,,,T=23C
2023-03-09,07:35,57,3.934,,Run,,,,T=22C
2023-03-09,07:40,57,3.921,,Run,,,,T=22C
2023-03-09,07:45,56,3.920,,Run,,,,T=21C
2023-03-09,12:55,54,3.906,,Run,35:27,Stryd+Tempe,All-systems Multiband,T=29C
2023-03-09,13:00,53,3.905,,Run,,,,T=29C
2023-03-09,13:05,53,3.898,,Run,,,,T=29C
2023-03-09,13:10,53,3.896,,Run,,,,T=29C
2023-03-09,13:15,52,3.895,,Run,,,,T=29C
2023-03-09,13:20,52,3.894,,Run,,,,T=29C
2023-03-09,13:25,51,3.890,,Run,,,,T=29C
2023-03-10,13:03,,,,Run,42:51,Stryd,All-systems Multiband,
2023-03-10,13:07,81,4.206,,Run,,,,T=29C
2023-03-10,13:17,80,4.193,,Run,,,,T=28C
2023-03-10,13:22,80,4.193,,Run,,,,T=27C
2023-03-10,13:27,79,4.186,,Run,,,,T=27C
2023-03-10,13:32,79,4.179,,Run,,,,T=27C
2023-03-10,13:37,79,4.173,,Run,,,,T=27C
2023-03-10,13:42,78,4.171,,Run,,,,T=27C
2023-03-10,13:47,78,4.163,,Run,,,,T=28C
2023-03-13,12:59,,,,Run,40:32,Stryd+Tempe,All-systems Multiband,
2023-03-13,13:07,54,3.903,,Run,,,,T=24C
2023-03-13,13:17,53,3.896,,Run,,,,T=23C
2023-03-13,13:22,52,3.891,,Run,,,,T=24C
2023-03-13,13:27,52,3.888,,Run,,,,T=23C
2023-03-13,13:32,51,3.882,,Run,,,,T=23C
2023-03-13,13:37,51,3.883,,Run,,,,T=23C
2023-03-14,13:00,,,,Run,44:44,Stryd+Tempe,All-systems,
2023-03-14,13:02,43,3.839,,Run,,,,T=25C
2023-03-14,13:12,43,3.837,,Run,,,,T=23C
2023-03-14,13:17,43,3.836,,Run,,,,T=22C
2023-03-14,13:22,42,3.836,,Run,,,,T=22C
2023-03-14,13:27,42,3.834,,Run,,,,T=24C
2023-03-14,13:32,42,3.831,,Run,,,,T=24C
2023-03-14,13:37,41,3.829,,Run,,,,T=24C
2023-03-14,13:42,41,3.828,,Run,,,,T=24C
2023-03-14,13:47,41,3.823,,Run,,,,T=24C
2023-03-15,13:03,,,,Run,35:12,Stryd+Tempe,All-systems,
2023-03-15,13:07,31,3.778,,Run,,,,T=27C
2023-03-15,13:12,31,3.778,,Run,,,,T=26C
2023-03-15,13:17,31,3.777,,Run,,,,T=25C
2023-03-15,13:22,30,3.770,,Run,,,,T=25C
2023-03-15,13:27,30,3.772,,Run,,,,T=25C
2023-03-15,13:32,30,3.764,,Run,,,,T=25C
2023-03-15,13:37,29,3.765,,Run,,,,T=25C
2023-03-15,13:42,29,3.763,,Run,,,,T=27C
2023-03-17,13:02,,,,Run,32:45,Stryd+Tempe,All-systems,
2023-03-17,13:10,42,3.863,,Run,,,,T=26C
2023-03-17,13:20,42,3.858,,Run,,,,T=26C
2023-03-17,13:25,41,3.858,,Run,,,,T=26C
2023-03-17,13:30,41,3.855,,Run,,,,T=26C
2023-03-17,13:35,41,3.851,,Run,,,,T=27C
2023-03-20,12:53,20,3.726,,Run,38:12,Stryd+Tempe,All-systems,T=28C
2023-03-20,12:55,20,3.726,,Run,,,,T=28C
2023-03-20,13:00,19,3.727,,Run,,,,T=28C
2023-03-20,13:05,19,3.724,,Run,,,,T=27C
2023-03-20,13:10,19,3.722,,Run,,,,T=26C
2023-03-20,13:15,18,3.718,,Run,,,,T=26C
2023-03-20,13:20,18,3.715,,Run,,,,T=25C
2023-03-20,13:25,18,3.713,,Run,,,,T=26C
2023-03-20,13:30,17,3.713,,Run,,,,T=26C
2023-03-20,13:35,17,3.704,,Run,,,,T=28C
2023-03-21,13:04,8,3.676,,Run,39:00,Stryd+Tempe,All-systems,T=26C
2023-03-21,13:09,8,3.679,,Run,,,,T=26C
2023-03-21,13:14,8,3.678,,Run,,,,T=26C
2023-03-21,13:19,7,3.678,,Run,,,,T=25C
2023-03-21,13:24,7,3.678,,Run,,,,T=25C
2023-03-21,13:29,7,3.674,,Run,,,,T=25C
2023-03-21,13:34,7,3.668,,Run,,,,T=26C
2023-03-21,13:39,6,3.659,,Run,,,,T=26C
2023-03-21,13:44,6,3.651,,Run,,,,T=27C
2023-03-22,12:49,,,,Run,42:20,Stryd,All-systems,
2023-03-22,12:51,85,4.267,,Run,,,,T=27C
2023-03-22,12:56,85,4.265,,Run,,,,T=27C
2023-03-22,13:01,84,4.259,,Run,,,,T=26C
2023-03-22,13:06,84,4.258,,Run,,,,T=26C
2023-03-22,13:11,84,4.254,,Run,,,,T=27C
2023-03-22,13:16,84,4.252,,Run,,,,T=27C
2023-03-22,13:21,83,4.248,,Run,,,,T=27C
2023-03-22,13:31,83,4.242,,Run,,,,T=27C
2023-03-22,13:36,82,4.234,,Run,,,,T=29C
2023-03-23,13:05,,,,Run,33:47,Stryd+Tempe,All-systems,
2023-03-23,13:08,98,4.408,,Run,,,,T=28C
2023-03-23,13:13,98,4.403,,Run,,,,T=28C
2023-03-23,13:18,97,4.401,,Run,,,,T=27C
2023-03-23,13:23,97,4.396,,Run,,,,T=27C
2023-03-23,13:28,97,4.395,,Run,,,,T=27C
2023-03-23,13:38,96,4.390,,Run,,,,T=27C
2023-03-24,13:00,,,,Run,29:06,Stryd+Tempe,All-systems,
2023-03-24,13:03,89,4.320,,Run,,,,T=28C
2023-03-24,13:08,89,4.317,,Run,,,,T=28C
2023-03-24,13:13,88,4.317,,Run,,,,T=27C
2023-03-24,13:23,88,4.311,,Run,,,,T=28C
2023-03-24,13:28,88,4.305,,Run,,,,T=28C
2023-03-27,12:52,69,4.075,,Run,36:41,Stryd+Tempe,All-systems,T=25C
2023-03-27,12:53,69,4.075,,Run,,,,T=25C
2023-03-27,12:58,69,4.078,,Run,,,,T=23C
2023-03-27,13:03,68,4.075,,Run,,,,T=22C
2023-03-27,13:08,68,4.068,,Run,,,,T=21C
2023-03-27,13:13,68,4.068,,Run,,,,T=21C
2023-03-27,13:18,68,4.062,,Run,,,,T=20C
2023-03-27,13:23,67,4.060,,Run,,,,T=20C
2023-03-27,13:33,67,4.050,,Run,,,,T=20C
2023-03-27,13:38,66,4.050,,Run,,,,T=32C
2023-03-28,12:56,,,,Run,39:37,Stryd+Tempe,All-systems,
2023-03-28,12:58,58,3.957,,Run,,,,T=24C
2023-03-28,13:03,57,3.953,,Run,,,,T=22C
2023-03-28,13:08,57,3.950,,Run,,,,T=21C
2023-03-28,13:13,57,3.948,,Run,,,,T=21C
2023-03-28,13:18,57,3.945,,Run,,,,T=21C
2023-03-28,13:23,56,3.939,,Run,,,,T=21C
2023-03-28,13:28,56,3.940,,Run,,,,T=21C
2023-03-28,13:33,56,3.936,,Run,,,,T=21C
2023-03-29,13:01,,,,Run,39:06,Stryd+Tempe,All-systems,
2023-03-29,13:03,50,3.881,,Run,,,,T=26C
2023-03-29,13:08,50,3.878,,Run,,,,T=24C
2023-03-29,13:13,50,3.876,,Run,,,,T=23C
2023-03-29,13:18,50,3.874,,Run,,,,T=22C
2023-03-29,13:28,49,3.876,,Run,,,,T=22C
2023-03-29,13:33,49,3.873,,Run,,,,T=22C
2023-03-30,12:52,41,3.825,,Run,48:22,Stryd+Tempe,All-systems,T=26C
2023-03-30,12:53,41,3.825,,Run,,,,T=26C
2023-03-30,12:58,41,3.830,,Run,,,,T=24C
2023-03-30,13:03,40,3.823,,Run,,,,T=23C
2023-03-30,13:08,40,3.827,,Run,,,,T=23C
2023-03-30,13:13,40,3.820,,Run,,,,T=22C
2023-03-30,13:23,39,3.816,,Run,,,,T=22C
2023-03-30,13:33,38,3.816,,Run,,,,T=22C
2023-03-30,13:38,38,3.815,,Run,,,,T=22C
2023-04-03,13:06,57,3.950,,Pool Swim,26:50,HRM Pro+Tempe,Off,T=25C
2023-04-03,13:07,57,3.950,,Pool Swim,,,,T=25C
2023-04-03,13:12,57,3.949,,Pool Swim,,,,T=22C
2023-04-03,13:22,57,3.944,,Pool Swim,,,,T=22C
2023-04-03,13:27,56,3.941,,Pool Swim,,,,T=22C
2023-04-03,13:32,56,3.945,,Pool Swim,,,,T=22C
2023-04-06,13:03,,,,Run,41:40,Stryd,All-systems,
2023-04-06,13:07,37,3.808,,Run,,,,T=29C
2023-04-06,13:12,36,3.808,,Run,,,,T=28C
2023-04-06,13:17,36,3.806,,Run,,,,T=29C
2023-04-06,13:22,36,3.792,,Run,,,,T=29C
2023-04-06,13:27,35,3.795,,Run,,,,T=29C
2023-04-06,13:32,35,3.793,,Run,,,,T=30C
2023-04-06,13:37,35,3.793,,Run,,,,T=30C
2023-04-06,13:47,34,3.781,,Run,,,,T=31C
2023-04-11,12:57,,,,Run,32:08,Stryd+Tempe,All-systems,
2023-04-11,13:02,99,4.361,,Run,,,,T=28C
2023-04-11,13:07,98,4.403,,Run,,,,T=27C
2023-04-11,13:12,98,4.398,,Run,,,,T=27C
2023-04-11,13:17,98,4.396,,Run,,,,T=27C
2023-04-11,13:22,98,4.352,,Run,,,,T=27C
2023-04-11,13:27,97,4.391,,Run,,,,T=28C
2023-04-13,12:54,,,,Run,38:59,HRM+Stryd+Tempe,All-systems,
2023-04-13,12:57,82,4.230,,Run,,,,T=30C
2023-04-13,13:02,81,4.230,,Run,,,,T=29C
2023-04-13,13:07,81,4.222,,Run,,,,T=28C
2023-04-13,13:12,81,4.218,,Run,,,,T=27C
2023-04-13,13:17,81,4.217,,Run,,,,T=27C
2023-04-13,13:22,80,4.213,,Run,,,,T=28C
2023-04-13,13:27,80,4.208,,Run,,,,T=28C
2023-04-13,13:32,80,4.203,,Run,,,,T=29C
2023-04-14,13:01,73,4.111,,Track Run,33:03,HRM+Stryd+Tempe,All-systems Multiband,T=29C
2023-04-14,13:02,73,4.111,,Track Run,,,,T=29C
2023-04-14,13:07,72,4.111,,Track Run,,,,T=29C
2023-04-14,13:12,72,4.106,,Track Run,,,,T=28C
2023-04-14,13:17,71,4.096,,Track Run,,,,T=27C
2023-04-14,13:22,71,4.093,,Track Run,,,,T=28C
2023-04-14,13:27,70,4.091,,Track Run,,,,T=29C
2023-04-14,13:32,70,4.086,,Track Run,,,,T=30C
2023-04-17,12:56,46,3.855,,Run,43:03,HRM+Stryd+Tempe,All-systems,T=29C
2023-04-17,12:57,46,3.855,,Run,,,,T=29C
2023-04-17,13:02,46,3.860,,Run,,,,T=29C
2023-04-17,13:07,45,3.857,,Run,,,,T=29C
2023-04-17,13:12,45,3.855,,Run,,,,T=30C
2023-04-17,13:17,45,3.853,,Run,,,,T=30C
2023-04-17,13:22,45,3.852,,Run,,,,T=31C
2023-04-17,13:27,44,3.850,,Run,,,,T=31C
2023-04-17,13:37,44,3.846,,Run,,,,T=30C
2023-04-18,13:19,,,,Pool Swim,26:15,HRM Pro+Tempe,Off,
2023-04-18,13:22,92,4.353,,Pool Swim,,,,T=27C
2023-04-18,13:27,92,4.351,,Pool Swim,,,,T=27C
2023-04-18,13:37,92,4.344,,Pool Swim,,,,T=27C
2023-04-18,13:42,92,4.341,,Pool Swim,,,,T=27C
2023-04-19,13:02,85,4.252,,Run,31:37,HRM+Stryd,All-systems,T=27C
2023-04-19,13:07,84,4.254,,Run,,,,T=27C
2023-04-19,13:12,84,4.249,,Run,,,,T=25C
2023-04-19,13:22,83,4.243,,Run,,,,T=25C
2023-04-19,13:27,83,4.239,,Run,,,,T=25C
2023-04-19,13:32,83,4.235,,Run,,,,T=26C
2023-04-20,13:02,,,,Track Run,28:35,HRM+Stryd,All-systems Multiband,
2023-04-20,13:07,75,4.141,,Track Run,,,,T=28C
2023-04-20,13:12,75,4.140,,Track Run,,,,T=27C
2023-04-20,13:17,75,4.131,,Track Run,,,,T=26C
2023-04-20,13:22,74,4.131,,Track Run,,,,T=26C
2023-04-20,13:27,74,4.124,,Track Run,,,,T=27C
2023-04-20,13:32,73,4.120,,Track Run,,,,T=28C
2023-04-21,13:01,67,4.047,,Track Run,33:16,HRM+Stryd+Tempe,All-systems Multiband,T=28C
2023-04-21,13:02,67,4.047,,Track Run,,,,T=28C
2023-04-21,13:07,67,4.038,,Track Run,,,,T=28C
2023-04-21,13:17,66,4.026,,Track Run,,,,T=26C
2023-04-21,13:22,65,4.013,,Track Run,,,,T=26C
2023-04-21,13:27,65,4.013,,Track Run,,,,T=26C
2023-04-21,13:32,64,4.004,,Track Run,,,,T=27C
2023-04-21,13:37,64,4.001,,Track Run,,,,T=28C
2023-04-24,13:01,,,,Run,41:39,HRM+Stryd+Tempe,All-systems,
2023-04-24,13:06,96,4.376,,Run,,,,T=26C
2023-04-24,13:11,95,4.374,,Run,,,,T=26C
2023-04-24,13:16,95,4.372,,Run,,,,T=25C
2023-04-24,13:21,95,4.370,,Run,,,,T=25C
2023-04-24,13:26,95,4.365,,Run,,,,T=25C
2023-04-24,13:36,94,4.356,,Run,,,,T=26C
2023-04-24,13:41,94,4.355,,Run,,,,T=27C
2023-04-24,13:46,93,4.356,,Run,,,,T=27C
2023-04-25,12:57,,,,Run,40:04,HRM+Stryd+Tempe,All-systems,
2023-04-25,13:01,86,4.279,,Run,,,,T=25C
2023-04-25,13:06,86,4.271,,Run,,,,T=24C
2023-04-25,13:11,86,4.271,,Run,,,,T=24C
2023-04-25,13:16,85,4.268,,Run,,,,T=24C
2023-04-25,13:26,85,4.264,,Run,,,,T=25C
2023-04-25,13:36,84,4.256,,Run,,,,T=25C
2023-04-26,13:04,72,4.110,,Pool Swim,26:04,HRM Pro+Tempe,Off,T=25C
2023-04-26,13:06,72,4.110,,Pool Swim,,,,T=25C
2023-04-26,13:11,72,4.108,,Pool Swim,,,,T=25C
2023-04-26,13:16,71,4.106,,Pool Swim,,,,T=25C
2023-04-26,13:21,71,4.104,,Pool Swim,,,,T=25C
2023-04-26,13:26,71,4.104,,Pool Swim,,,,T=25C
2023-04-27,13:03,,,,Track Run,34:54,HRM+Stryd+Tempe,All-systems Multiband,
2023-04-27,13:05,88,4.297,,Track Run,,,,T=28C
2023-04-27,13:10,88,4.293,,Track Run,,,,T=28C
2023-04-27,13:15,87,4.289,,Track Run,,,,T=28C
2023-04-27,13:20,87,4.280,,Track Run,,,,T=27C
2023-04-27,13:25,87,4.276,,Track Run,,,,T=27C
2023-04-27,13:35,86,4.264,,Track Run,,,,T=27C
2023-04-28,13:00,,,,Run,37:06,HRM+Stryd+Tempe,All-systems,
2023-04-28,13:10,77,4.177,,Run,,,,T=30C
2023-04-28,13:15,77,4.168,,Run,,,,T=29C
2023-04-28,13:25,77,4.167,,Run,,,,T=29C
2023-04-28,13:30,76,4.164,,Run,,,,T=28C
2023-04-28,13:35,76,4.162,,Run,,,,T=29C
2023-04-28,13:40,76,4.155,,Run,,,,T=31C
2023-05-02,13:04,50,3.872,,Track Run,38:27,HRM+Stryd+Tempe,All-systems Multiband,T=29C
2023-05-02,13:05,50,3.872,,Track Run,,,,T=29C
2023-05-02,13:10,49,3.868,,Track Run,,,,T=29C
2023-05-02,13:15,49,3.871,,Track Run,,,,T=28C
2023-05-02,13:20,49,3.868,,Track Run,,,,T=28C
2023-05-02,13:25,48,3.838,,Track Run,,,,T=28C
2023-05-02,13:30,48,3.843,,Track Run,,,,T=28C
2023-05-02,13:35,47,3.858,,Track Run,,,,T=28C
2023-05-02,13:40,47,3.856,,Track Run,,,,T=28C
2023-05-02,13:45,46,3.846,,Track Run,,,,T=29C
2023-05-03,13:04,40,3.814,,Track Run,34:02,HRM+Stryd+Tempe,All-systems Multiband,T=29C
2023-05-03,13:05,40,3.814,,Track Run,,,,T=29C
2023-05-03,13:10,39,3.815,,Track Run,,,,T=30C
2023-05-03,13:20,38,3.806,,Track Run,,,,T=30C
2023-05-03,13:25,38,3.800,,Track Run,,,,T=30C
2023-05-03,13:30,37,3.806,,Track Run,,,,T=31C
2023-05-03,13:35,37,3.798,,Track Run,,,,T=32C
2023-05-03,13:40,36,3.798,,Track Run,,,,T=32C
2023-05-04,13:05,,,,Pool Swim,32:17,HRM Pro+Tempe,Off,
2023-05-04,13:10,57,3.949,,Pool Swim,,,,T=27C
2023-05-04,13:15,57,3.945,,Pool Swim,,,,T=27C
2023-05-04,13:20,57,3.941,,Pool Swim,,,,T=27C
2023-05-04,13:25,57,3.946,,Pool Swim,,,,T=27C
2023-05-04,13:30,56,3.941,,Pool Swim,,,,T=27C
2023-05-04,13:35,56,3.940,,Pool Swim,,,,T=33C
2023-05-05,07:23,52,3.890,,Run,23:22,,All-systems,T=29C
2023-05-05,07:25,52,3.890,,Run,,,,T=29C
2023-05-05,07:30,51,3.885,,Run,,,,T=28C
2023-05-05,07:35,51,3.882,,Run,,,,T=28C
2023-05-05,07:40,51,3.873,,Run,,,,T=28C
2023-05-05,07:45,50,3.870,,Run,,,,T=28C
2023-05-05,13:04,,,,Pool Swim,31:47,HRM Pro+Tempe,Off,
2023-05-05,13:06,98,4.391,,Pool Swim,,,,T=28C
2023-05-05,13:16,98,4.388,,Pool Swim,,,,T=28C
2023-05-05,13:21,98,4.383,,Pool Swim,,,,T=28C
2023-05-05,13:26,98,4.385,,Pool Swim,,,,T=28C
2023-05-05,13:31,98,4.370,,Pool Swim,,,,T=28C
2023-05-08,13:05,94,4.371,,Run,33:36,HRM+Stryd+Tempe,All-systems,T=26C
2023-05-08,13:06,94,4.371,,Run,,,,T=26C
2023-05-08,13:11,94,4.374,,Run,,,,T=25C
2023-05-08,13:16,93,4.356,,Run,,,,T=24C
2023-05-08,13:21,93,4.366,,Run,,,,T=24C
2023-05-08,13:26,93,4.362,,Run,,,,T=24C
2023-05-08,13:31,93,4.361,,Run,,,,T=24C
2023-05-08,13:36,92,4.361,,Run,,,,T=25C
2023-05-09,13:03,,,,Pool Swim,24:30,HRM Pro+Tempe,Off,
2023-05-09,13:06,86,4.290,,Pool Swim,,,,T=26C
2023-05-09,13:11,86,4.288,,Pool Swim,,,,T=26C
2023-05-09,13:16,86,4.283,,Pool Swim,,,,T=26C
2023-05-09,13:21,85,4.283,,Pool Swim,,,,T=26C
2023-05-09,13:26,85,4.282,,Pool Swim,,,,T=26C
2023-05-10,07:09,,,,Run,26:41,,All-systems,
2023-05-10,07:11,80,4.216,,Run,,,,T=27C
2023-05-10,07:16,80,4.210,,Run,,,,T=26C
2023-05-10,07:21,80,4.206,,Run,,,,T=25C
2023-05-10,07:26,79,4.195,,Run,,,,T=25C
2023-05-10,13:05,76,4.172,,Pool Swim,29:19,HRM Pro+Tempe,Off,T=27C
2023-05-10,13:06,76,4.172,,Pool Swim,,,,T=27C
2023-05-10,13:11,76,4.168,,Pool Swim,,,,T=26C
2023-05-10,13:16,76,4.167,,Pool Swim,,,,T=26C
2023-05-10,13:21,76,4.163,,Pool Swim,,,,T=26C
2023-05-10,13:26,76,4.161,,Pool Swim,,,,T=26C
2023-05-10,13:31,75,4.161,,Pool Swim,,,,T=26C
2023-05-11,12:52,,,,Run,39:46,HRM+Stryd,All-systems,
2023-05-11,12:56,69,4.085,,Run,,,,T=27C
2023-05-11,13:01,69,4.078,,Run,,,,T=27C
2023-05-11,13:06,68,4.072,,Run,,,,T=25C
2023-05-11,13:11,68,4.071,,Run,,,,T=25C
2023-05-11,13:16,68,4.070,,Run,,,,T=25C
2023-05-11,13:21,67,4.056,,Run,,,,T=25C
2023-05-11,13:26,67,4.053,,Run,,,,T=26C
2023-05-11,13:31,67,4.058,,Run,,,,T=26C
2023-05-12,07:08,,,,Run,1:04:22,HRM+Stryd+Tempe,All-systems,
2023-05-12,07:11,60,3.981,,Run,,,,T=26C
2023-05-12,07:16,60,3.976,,Run,,,,T=26C
2023-05-12,07:21,59,3.972,,Run,,,,T=25C
2023-05-12,07:26,59,3.968,,Run,,,,T=25C
2023-05-12,07:31,59,3.964,,Run,,,,T=24C
2023-05-12,07:36,58,3.963,,Run,,,,T=24C
2023-05-12,07:41,58,3.953,,Run,,,,T=24C
2023-05-12,07:46,58,3.946,,Run,,,,T=24C
2023-05-12,07:51,58,3.950,,Run,,,,T=24C
2023-05-12,07:56,57,3.945,,Run,,,,T=24C
2023-05-12,08:01,57,3.940,,Run,,,,T=24C
2023-05-12,08:06,57,3.936,,Run,,,,T=24C
2023-05-12,08:11,56,3.938,,Run,,,,T=25C
2023-05-12,13:04,54,3.924,,Pool Swim,26:24,HRM Pro+Tempe,Off,T=26C
2023-05-12,13:06,54,3.924,,Pool Swim,,,,T=26C
2023-05-12,13:11,54,3.924,,Pool Swim,,,,T=26C
2023-05-12,13:16,54,3.922,,Pool Swim,,,,T=26C
2023-05-12,13:21,54,3.920,,Pool Swim,,,,T=26C
2023-05-12,13:26,53,3.915,,Pool Swim,,,,T=26C
2023-05-15,12:56,,,,Run,27:58,HRM+Stryd,All-systems,
2023-05-15,12:59,81,4.226,,Run,,,,T=29C
2023-05-15,13:04,81,4.225,,Run,,,,T=29C
2023-05-15,13:09,81,4.220,,Run,,,,T=28C
2023-05-15,13:14,81,4.218,,Run,,,,T=28C
2023-05-15,13:19,80,4.215,,Run,,,,T=29C
2023-05-15,13:24,80,4.211,,Run,,,,T=30C
2023-05-16,13:04,,,,Pool Swim,25:14,HRM Pro,Off,
2023-05-16,13:09,70,4.095,,Pool Swim,,,,T=26C
2023-05-16,13:14,70,4.093,,Pool Swim,,,,T=26C
2023-05-16,13:19,69,4.090,,Pool Swim,,,,T=26C
2023-05-16,13:24,69,4.088,,Pool Swim,,,,T=26C
2023-05-16,13:29,69,4.085,,Pool Swim,,,,T=26C
2023-05-17,13:04,,,,Track Run,28:23,HRM+Stryd,All-systems Multiband,
2023-05-17,13:08,98,4.399,,Track Run,,,,T=29C
2023-05-17,13:13,98,4.388,,Track Run,,,,T=29C
2023-05-17,13:18,97,4.385,,Track Run,,,,T=29C
2023-05-17,13:23,97,4.380,,Track Run,,,,T=29C
2023-05-17,13:28,96,4.376,,Track Run,,,,T=29C
2023-05-17,13:33,96,4.373,,Track Run,,,,T=30C
2023-05-18,13:04,,,,Pool Swim,25:21,HRM Pro+Tempe,Off,
2023-05-18,13:08,82,4.246,,Pool Swim,,,,T=28C
2023-05-18,13:13,82,4.245,,Pool Swim,,,,T=28C
2023-05-18,13:18,82,4.243,,Pool Swim,,,,T=28C
2023-05-18,13:23,82,4.238,,Pool Swim,,,,T=28C
2023-05-18,13:28,82,4.239,,Pool Swim,,,,T=28C
2023-05-19,13:06,74,4.145,,Pool Swim,22:41,HRM Pro,Off,T=30C
2023-05-19,13:08,74,4.145,,Pool Swim,,,,T=30C
2023-05-19,13:13,74,4.142,,Pool Swim,,,,T=29C
2023-05-19,13:18,73,4.137,,Pool Swim,,,,T=29C
2023-05-19,13:23,73,4.131,,Pool Swim,,,,T=30C
2023-05-19,13:28,73,4.134,,Pool Swim,,,,T=29C
2023-05-22,12:58,,,,Run,39:01,HRM+Stryd+Tempe,All-systems,
2023-05-22,13:03,53,3.910,,Run,,,,T=33C
2023-05-22,13:08,53,3.906,,Run,,,,T=33C
2023-05-22,13:13,53,3.910,,Run,,,,T=32C
2023-05-22,13:18,52,3.907,,Run,,,,T=33C
2023-05-22,13:23,52,3.902,,Run,,,,T=32C
2023-05-22,13:28,52,3.903,,Run,,,,T=33C
2023-05-22,13:33,52,3.901,,Run,,,,T=34C
2023-05-23,13:01,,,,Run,33:08,HRM+Stryd+Tempe,All-systems,
2023-05-23,13:04,69,4.086,,Run,,,,T=29C
2023-05-23,13:09,69,4.082,,Run,,,,T=29C
2023-05-23,13:14,68,4.079,,Run,,,,T=28C
2023-05-23,13:19,68,4.074,,Run,,,,T=28C
2023-05-23,13:24,68,4.070,,Run,,,,T=28C
2023-05-23,13:29,68,4.065,,Run,,,,T=28C
2023-05-23,13:34,67,4.063,,Run,,,,T=29C
2023-05-24,13:05,,,,Pool Swim,25:22,HRM Pro+Tempe,Off,
2023-05-24,13:09,58,3.965,,Pool Swim,,,,T=29C
2023-05-24,13:14,58,3.965,,Pool Swim,,,,T=29C
2023-05-24,13:19,58,3.965,,Pool Swim,,,,T=29C
2023-05-24,13:24,58,3.963,,Pool Swim,,,,T=29C
2023-05-24,13:29,58,3.962,,Pool Swim,,,,T=29C
2023-05-25,13:03,52,3.898,,Track Run,44:01,HRM+Stryd+Tempe,All-systems Multiband,T=29C
2023-05-25,13:04,52,3.898,,Track Run,,,,T=29C
2023-05-25,13:09,52,3.900,,Track Run,,,,T=29C
2023-05-25,13:14,51,3.888,,Track Run,,,,T=28C
2023-05-25,13:19,51,3.889,,Track Run,,,,T=28C
2023-05-25,13:24,51,3.880,,Track Run,,,,T=27C
2023-05-25,13:29,50,3.876,,Track Run,,,,T=28C
2023-05-25,13:34,50,3.879,,Track Run,,,,T=28C
2023-05-25,13:39,49,3.873,,Track Run,,,,T=28C
2023-05-25,13:44,49,3.873,,Track Run,,,,T=28C
2023-05-25,13:49,48,3.866,,Track Run,,,,T=29C
2023-05-29,12:59,,,,Run,44:23,HRM+Stryd+Tempe,All-systems,
2023-05-29,13:04,75,4.138,,Run,,,,T=33C
2023-05-29,13:09,75,4.138,,Run,,,,T=33C
2023-05-29,13:14,75,4.136,,Run,,,,T=33C
2023-05-29,13:19,74,4.129,,Run,,,,T=34C
2023-05-29,13:24,74,4.130,,Run,,,,T=34C
2023-05-29,13:29,74,4.125,,Run,,,,T=34C
2023-05-29,13:34,74,4.123,,Run,,,,T=35C
2023-05-29,13:39,73,4.121,,Run,,,,T=35C
2023-05-29,13:44,73,4.117,,Run,,,,T=35C
2023-05-30,13:03,65,4.018,,Run,27:18,HRM+Stryd+Tempe,All-systems,T=30C
2023-05-30,13:04,65,4.018,,Run,,,,T=30C
2023-05-30,13:09,65,4.016,,Run,,,,T=35C
2023-05-30,13:14,65,4.009,,Run,,,,T=36C
2023-05-30,13:19,64,4.008,,Run,,,,T=36C
2023-05-30,13:24,64,4.003,,Run,,,,T=36C
2023-05-30,13:29,64,3.995,,Run,,,,T=35C
2023-05-31,13:06,,,,Pool Swim,25:14,Tempe,Off,
2023-05-31,13:14,55,3.920,,Pool Swim,,,,T=32C
2023-05-31,13:24,54,3.919,,Pool Swim,,,,T=32C
2023-05-31,13:29,54,3.918,,Pool Swim,,,,T=32C
2023-06-01,13:06,,,,Pool Swim,25:09,HRM Pro,Off,
2023-06-01,13:12,91,4.324,,Pool Swim,,,,T=31C
2023-06-01,13:17,91,4.326,,Pool Swim,,,,T=31C
2023-06-01,13:22,91,4.325,,Pool Swim,,,,T=31C
2023-06-01,13:27,91,4.323,,Pool Swim,,,,T=31C
2023-06-02,13:06,83,4.241,,Pool Swim,25:49,Tempe+HRM Pro,Off,T=32C
2023-06-02,13:07,83,4.241,,Pool Swim,,,,T=32C
2023-06-02,13:12,83,4.237,,Pool Swim,,,,T=32C
2023-06-02,13:17,83,4.235,,Pool Swim,,,,T=32C
2023-06-02,13:22,83,4.231,,Pool Swim,,,,T=32C
2023-06-02,13:27,82,4.229,,Pool Swim,,,,T=32C
2023-06-05,12:57,,,,Run,42:37,HRM+Tempe,All-systems Multiband,
2023-06-05,13:00,62,3.979,,Run,,,,T=31C
2023-06-05,13:05,62,3.973,,Run,,,,T=31C
2023-06-05,13:10,61,3.970,,Run,,,,T=30C
2023-06-05,13:15,61,3.958,,Run,,,,T=30C
2023-06-05,13:20,60,3.961,,Run,,,,T=30C
2023-06-05,13:25,60,3.958,,Run,,,,T=31C
2023-06-05,13:30,59,3.956,,Run,,,,T=31C
2023-06-05,13:35,59,3.955,,Run,,,,T=32C
2023-06-05,13:40,59,3.951,,Run,,,,T=33C
2023-06-06,13:06,,,,Pool Swim,24:31,,Off,
2023-06-06,13:09,94,4.358,,Pool Swim,,,,T=31C
2023-06-06,13:14,94,4.358,,Pool Swim,,,,T=31C
2023-06-06,13:19,94,4.356,,Pool Swim,,,,T=31C
2023-06-06,13:24,94,4.353,,Pool Swim,,,,T=31C
2023-06-06,13:29,94,4.350,,Pool Swim,,,,T=31C
2023-06-08,13:03,76,4.143,,Track Run,26:49,HRM+Stryd+Tempe,All-systems Multiband,T=33C
2023-06-08,13:04,76,4.143,,Track Run,,,,T=33C
2023-06-08,13:09,76,4.143,,Track Run,,,,T=33C
2023-06-08,13:14,75,4.136,,Track Run,,,,T=33C
2023-06-08,13:19,75,4.128,,Track Run,,,,T=32C
2023-06-08,13:24,75,4.128,,Track Run,,,,T=32C
2023-06-08,13:29,74,4.117,,Track Run,,,,T=32C
2023-06-09,13:06,,,,Pool Swim,24:32,Tempe,Off,from fixed/edited file
2023-06-09,13:09,67,4.044,,Pool Swim,,,,T=31C
2023-06-09,13:14,67,4.046,,Pool Swim,,,,T=31C
2023-06-09,13:19,67,4.045,,Pool Swim,,,,T=31C
2023-06-09,13:24,67,4.043,,Pool Swim,,,,T=31C
2023-06-09,13:29,66,4.036,,Pool Swim,,,,T=31C
2023-06-12,12:54,56,3.911,,Run,51:56,HRM+Stryd+Tempe,All-systems Multiband,T=30C
2023-06-12,12:59,55,3.917,,Run,,,,T=32C
2023-06-12,13:04,55,3.913,,Run,,,,T=33C
2023-06-12,13:09,55,3.911,,Run,,,,T=33C
2023-06-12,13:14,54,3.907,,Run,,,,T=33C
2023-06-12,13:19,54,3.906,,Run,,,,T=33C
2023-06-12,13:24,53,3.899,,Run,,,,T=34C
2023-06-12,13:29,53,3.899,,Run,,,,T=34C
2023-06-12,13:34,52,3.897,,Run,,,,T=35C
2023-06-12,13:39,52,3.895,,Run,,,,T=35C
2023-06-12,13:44,52,3.891,,Run,,,,T=35C
2023-06-13,13:05,,,,Pool Swim,28:41,Tempe,Off,
2023-06-13,13:07,75,4.136,,Pool Swim,,,,T=32C
2023-06-13,13:12,74,4.133,,Pool Swim,,,,T=32C
2023-06-13,13:17,74,4.130,,Pool Swim,,,,T=32C
2023-06-13,13:22,74,4.130,,Pool Swim,,,,T=32C
2023-06-13,13:27,74,4.128,,Pool Swim,,,,T=32C
2023-06-13,13:32,74,4.126,,Pool Swim,,,,T=32C
2023-06-14,12:57,66,4.026,,Run,59:22,HRM+Stryd+Tempe,All-systems,T=29C
2023-06-14,13:02,66,4.025,,Run,,,,T=29C
2023-06-14,13:07,66,4.015,,Run,,,,T=29C
2023-06-14,13:12,65,4.015,,Run,,,,T=29C
2023-06-14,13:22,65,4.008,,Run,,,,T=30C
2023-06-14,13:27,64,4.003,,Run,,,,T=31C
2023-06-14,13:32,64,3.998,,Run,,,,T=31C
2023-06-14,13:37,64,3.993,,Run,,,,T=31C
2023-06-14,13:42,64,3.990,,Run,,,,T=31C
2023-06-14,13:47,63,3.985,,Run,,,,T=31C
2023-06-14,13:52,63,3.980,,Run,,,,T=32C
2023-06-15,13:07,55,3.913,,Pool Swim,24:37,Tempe,Off,T=30C
2023-06-15,13:12,54,3.914,,Pool Swim,,,,T=30C
2023-06-15,13:17,54,3.911,,Pool Swim,,,,T=30C
2023-06-15,13:22,54,3.911,,Pool Swim,,,,T=30C
2023-06-15,13:27,54,3.910,,Pool Swim,,,,T=30C
2023-06-19,12:59,,,,Run,44:20,HRM+Stryd+Tempe,All-systems,
2023-06-19,13:02,68,4.059,,Run,,,,T=31C
2023-06-19,13:07,68,4.053,,Run,,,,T=32C
2023-06-19,13:12,68,4.051,,Run,,,,T=32C
2023-06-19,13:17,68,4.048,,Run,,,,T=32C
2023-06-19,13:22,67,4.042,,Run,,,,T=34C
2023-06-19,13:27,67,4.038,,Run,,,,T=34C
2023-06-19,13:32,67,4.036,,Run,,,,T=34C
2023-06-19,13:37,66,4.035,,Run,,,,T=33C
2023-06-19,13:42,66,4.025,,Run,,,,T=33C
2023-06-20,13:07,,,,Pool Swim,32:03,HRM Pro+Tempe,Off,
2023-06-20,13:12,58,3.950,,Pool Swim,,,,T=30C
2023-06-20,13:17,58,3.948,,Pool Swim,,,,T=31C
2023-06-20,13:22,58,3.949,,Pool Swim,,,,T=31C
2023-06-20,13:27,58,3.948,,Pool Swim,,,,T=31C
2023-06-20,13:32,57,3.933,,Pool Swim,,,,T=31C
2023-06-20,13:37,57,3.944,,Pool Swim,,,,T=31C
2023-06-21,13:05,52,3.880,,Track Run,25:30,HRM+Tempe,All-systems Multiband,T=32C
2023-06-21,13:07,52,3.880,,Track Run,,,,T=32C
2023-06-21,13:12,51,3.875,,Track Run,,,,T=30C
2023-06-21,13:22,50,3.866,,Track Run,,,,T=33C
2023-06-21,13:27,49,3.859,,Track Run,,,,T=34C
2023-06-21,13:32,49,3.863,,Track Run,,,,T=35C
2023-06-27,13:04,,,,Pool Swim,29:16,,Off,
2023-06-27,13:08,77,4.164,,Pool Swim,,,,T=32C
2023-06-27,13:13,77,4.162,,Pool Swim,,,,T=32C
2023-06-27,13:18,77,4.158,,Pool Swim,,,,T=32C
2023-06-27,13:23,77,4.157,,Pool Swim,,,,T=31C
2023-06-27,13:28,76,4.156,,Pool Swim,,,,T=32C
2023-06-27,13:33,76,4.153,,Pool Swim,,,,T=31C
2023-06-28,12:58,,,,Run,39:55,HRM+Stryd+Tempe,All-systems,
2023-06-28,13:03,70,4.067,,Run,,,,T=30C
2023-06-28,13:13,69,4.065,,Run,,,,T=29C
2023-06-28,13:23,69,4.063,,Run,,,,T=28C
2023-06-28,13:33,68,4.051,,Run,,,,T=28C
2023-06-29,13:06,,,,Pool Swim,35:10,HRM Pro+Tempe,Off,
2023-06-29,13:08,60,3.965,,Pool Swim,,,,T=31C
2023-06-29,13:13,59,3.960,,Pool Swim,,,,T=31C
2023-06-29,13:18,59,3.960,,Pool Swim,,,,T=31C
2023-06-29,13:23,59,3.958,,Pool Swim,,,,T=31C
2023-06-29,13:28,59,3.956,,Pool Swim,,,,T=32C
2023-06-29,13:33,58,3.955,,Pool Swim,,,,T=31C
2023-06-29,13:38,58,3.948,,Pool Swim,,,,T=31C
2023-06-30,13:00,,,,Run,02:40,HRM+Stryd+Tempe,All-systems,
2023-06-30,13:05,,,,Track Run,29:02,HRM+Stryd+Tempe,All-systems Multiband,
2023-06-30,13:08,52,3.893,,Track Run,,,,T=34C
2023-06-30,13:13,52,3.885,,Track Run,,,,T=34C
2023-06-30,13:18,51,3.883,,Track Run,,,,T=34C
2023-06-30,13:23,51,3.881,,Track Run,,,,T=35C
2023-06-30,13:28,51,3.878,,Track Run,,,,T=35C
2023-06-30,13:33,50,3.871,,Track Run,,,,T=35C
2023-06-30,13:34,,,,Run,03:44,HRM+Tempe+Stryd,All-systems,
2023-06-30,13:38,50,3.878,,Run,,,,T=35C
2023-07-03,13:00,27,3.752,,Run,48:41,HRM+Stryd+Tempe,All-systems,T=30C
2023-07-03,13:01,27,3.752,,Run,,,,T=30C
2023-07-03,13:06,26,3.758,,Run,,,,T=30C
2023-07-03,13:16,26,3.749,,Run,,,,T=30C
2023-07-03,13:21,25,3.750,,Run,,,,T=30C
2023-07-03,13:26,25,3.751,,Run,,,,T=31C
2023-07-03,13:31,25,3.749,,Run,,,,T=31C
2023-07-03,13:36,24,3.748,,Run,,,,T=31C
2023-07-03,13:41,24,3.746,,Run,,,,T=32C
2023-07-03,13:46,24,3.742,,Run,,,,T=33C
2023-07-04,07:09,17,3.710,,Run,37:31,,All-systems,T=28C
2023-07-04,07:11,17,3.710,,Run,,,,T=28C
2023-07-04,07:16,16,3.708,,Run,,,,T=28C
2023-07-04,07:21,16,3.707,,Run,,,,T=28C
2023-07-04,07:26,15,3.703,,Run,,,,T=29C
2023-07-04,07:31,15,3.700,,Run,,,,T=29C
2023-07-04,07:36,15,3.694,,Run,,,,T=30C
2023-07-04,07:41,14,3.691,,Run,,,,T=30C
2023-07-04,07:46,14,3.680,,Run,,,,T=30C
2023-07-04,13:06,,,,Pool Swim,24:21,HRM Pro+Tempe,Off,
2023-07-04,13:13,92,4.370,,Pool Swim,,,,T=31C
2023-07-04,13:23,92,4.366,,Pool Swim,,,,T=31C
2023-07-04,13:28,91,4.365,,Pool Swim,,,,T=31C
2023-07-05,07:18,,,,Run,27:47,Tempe,All-systems,
2023-07-05,07:23,88,4.306,,Run,,,,T=28C
2023-07-05,07:28,88,4.295,,Run,,,,T=28C
2023-07-05,07:33,88,4.293,,Run,,,,T=28C
2023-07-05,07:38,87,4.294,,Run,,,,T=29C
2023-07-05,07:43,87,4.288,,Run,,,,T=30C
2023-07-06,13:01,,,,Track Run,27:56,HRM+Stryd+Tempe,All-systems Multiband,
2023-07-06,13:08,78,4.173,,Track Run,,,,T=33C
2023-07-06,13:13,77,4.161,,Track Run,,,,T=31C
2023-07-06,13:23,77,4.158,,Track Run,,,,T=33C
2023-07-06,13:28,76,4.155,,Track Run,,,,T=33C
2023-07-06,13:33,76,4.147,,Track Run,,,,T=35C
2023-07-07,13:01,70,4.076,,Run,46:32,HRM+Stryd+Tempe,All-systems,T=31C
2023-07-07,13:03,70,4.076,,Run,,,,T=31C
2023-07-07,13:08,69,4.071,,Run,,,,T=33C
2023-07-07,13:13,69,4.069,,Run,,,,T=32C
2023-07-07,13:18,69,4.067,,Run,,,,T=33C
2023-07-07,13:28,68,4.058,,Run,,,,T=33C
2023-07-07,13:33,68,4.061,,Run,,,,T=33C
2023-07-07,13:38,68,4.054,,Run,,,,T=34C
2023-07-07,13:43,67,4.050,,Run,,,,T=33C
2023-07-07,13:48,67,4.046,,Run,,,,T=34C
2023-07-07,14:09,67,4.054,,Run,,,,T=28C
2023-07-07,14:21,67,4.053,,Run,,,,T=30C
2023-07-07,14:25,66,4.053,,Run,,,,T=29C
2023-07-07,14:32,66,4.053,,Run,,,,T=28C
2023-07-07,14:33,66,4.053,,Run,,,,T=28C
2023-07-07,14:56,66,4.052,,Run,,,,T=28C
2023-07-10,13:07,,,,Run,47:56,HRM+Stryd+Tempe,All-systems,
2023-07-10,13:14,73,4.113,,Run,,,,T=34C
2023-07-10,13:19,73,4.115,,Run,,,,T=34C
2023-07-10,13:24,72,4.110,,Run,,,,T=34C
2023-07-10,13:29,72,4.109,,Run,,,,T=33C
2023-07-10,13:34,72,4.107,,Run,,,,T=34C
2023-07-10,13:39,72,4.101,,Run,,,,T=33C
2023-07-10,13:44,71,4.096,,Run,,,,T=34C
2023-07-10,13:49,71,4.096,,Run,,,,T=34C
2023-07-10,13:54,71,4.091,,Run,,,,T=35C
2023-07-11,07:16,,,,Run,02:24,,All-systems,
2023-07-11,07:19,65,4.023,,Run,,,,T=29C
2023-07-11,07:21,,,,Track Run,17:00,,All-systems Multiband,
2023-07-11,07:24,65,4.007,,Track Run,,,,T=31C
2023-07-11,07:29,64,4.000,,Track Run,,,,T=31C
2023-07-11,07:42,,,,Run,03:19,,All-systems,
2023-07-11,07:44,63,3.981,,Run,,,,T=32C
2023-07-11,13:05,,,,Pool Swim,26:46,Tempe,Off,
2023-07-11,13:10,100,4.411,,Pool Swim,,,,T=33C
2023-07-11,13:15,99,4.410,,Pool Swim,,,,T=33C
2023-07-11,13:20,99,4.406,,Pool Swim,,,,T=33C
2023-07-11,13:25,99,4.408,,Pool Swim,,,,T=33C
2023-07-11,13:30,99,4.401,,Pool Swim,,,,T=33C
2023-07-11,16:37,,,,Floor Climb,03:15,,Off,
2023-07-12,07:43,94,4.355,,Yoga,36:35,,Off,T=30C
2023-07-12,07:45,94,4.355,,Yoga,,,,T=30C
2023-07-12,07:50,94,4.360,,Yoga,,,,T=29C
2023-07-12,07:55,94,4.362,,Yoga,,,,T=29C
2023-07-12,08:00,94,4.362,,Yoga,,,,T=29C
2023-07-12,08:05,94,4.362,,Yoga,,,,T=29C
2023-07-12,08:10,94,4.360,,Yoga,,,,T=28C
2023-07-12,08:15,94,4.361,,Yoga,,,,T=29C
2023-07-12,13:06,,,,Pool Swim,27:45,HRM Pro+Tempe,Off,from fixed/edited file
2023-07-12,13:10,92,4.339,,Pool Swim,,,,T=33C
2023-07-12,13:15,92,4.335,,Pool Swim,,,,T=33C
2023-07-12,13:20,92,4.337,,Pool Swim,,,,T=33C
2023-07-12,13:25,92,4.333,,Pool Swim,,,,T=33C
2023-07-12,13:30,91,4.333,,Pool Swim,,,,T=33C
2023-07-12,16:06,,,,Floor Climb,03:02,Tempe,Off,
2023-07-14,13:08,78,4.171,,Run,41:33,HRM+Stryd,All-systems,T=33C
2023-07-14,13:10,78,4.171,,Run,,,,T=33C
2023-07-14,13:15,78,4.171,,Run,,,,T=34C
2023-07-14,13:20,78,4.170,,Run,,,,T=33C
2023-07-14,13:25,78,4.166,,Run,,,,T=33C
2023-07-14,13:30,77,4.165,,Run,,,,T=33C
2023-07-14,13:35,77,4.160,,Run,,,,T=33C
2023-07-14,13:40,77,4.156,,Run,,,,T=33C
2023-07-14,13:45,77,4.143,,Run,,,,T=35C
2023-07-18,07:29,55,3.915,,Yoga,32:00,,Off,T=29C
2023-07-18,07:30,55,3.915,,Yoga,,,,T=29C
2023-07-18,07:35,55,3.917,,Yoga,,,,T=29C
2023-07-18,07:40,55,3.918,,Yoga,,,,T=28C
2023-07-18,07:45,55,3.920,,Yoga,,,,T=28C
2023-07-18,07:50,55,3.920,,Yoga,,,,T=28C
2023-07-18,07:55,54,3.919,,Yoga,,,,T=28C
2023-07-18,08:00,54,3.919,,Yoga,,,,T=28C
2023-07-18,13:00,92,4.330,,Run,39:38,HRM+Stryd,All-systems,T=29C
2023-07-18,13:01,92,4.330,,Run,,,,T=29C
2023-07-18,13:06,92,4.333,,Run,,,,T=30C
2023-07-18,13:11,91,4.328,,Run,,,,T=30C
2023-07-18,13:21,91,4.322,,Run,,,,T=31C
2023-07-18,13:31,90,4.316,,Run,,,,T=32C
2023-07-18,13:36,90,4.310,,Run,,,,T=33C
2023-07-18,14:05,89,4.307,,Floor Climb,08:58,HRM+Stryd,Off,T=31C
2023-07-18,14:06,89,4.307,,Floor Climb,,,,T=31C
2023-07-19,07:31,,,,Yoga,25:11,Tempe,Off,
2023-07-19,07:41,84,4.253,,Yoga,,,,T=29C
2023-07-19,07:46,84,4.251,,Yoga,,,,T=29C
2023-07-19,07:51,84,4.251,,Yoga,,,,T=29C
2023-07-19,12:51,82,4.206,,Run,55:35,HRM+Stryd+Tempe,All-systems Multiband,T=29C
2023-07-19,12:56,81,4.198,,Run,,,,T=30C
2023-07-19,13:01,81,4.205,,Run,,,,T=29C
2023-07-19,13:06,80,4.198,,Run,,,,T=30C
2023-07-19,13:11,80,4.196,,Run,,,,T=30C
2023-07-19,13:16,80,4.190,,Run,,,,T=29C
2023-07-19,13:21,79,4.185,,Run,,,,T=29C
2023-07-19,13:26,79,4.181,,Run,,,,T=30C
2023-07-19,13:31,78,4.170,,Run,,,,T=30C
2023-07-19,13:36,78,4.174,,Run,,,,T=31C
2023-07-19,13:41,78,4.166,,Run,,,,T=31C
2023-07-19,13:46,77,4.165,,Run,,,,T=31C
2023-07-20,13:07,,,,Pool Swim,27:38,HRM Pro+Tempe,Off,
2023-07-20,13:11,71,4.093,,Pool Swim,,,,T=31C
2023-07-20,13:16,71,4.088,,Pool Swim,,,,T=30C
2023-07-20,13:21,70,4.087,,Pool Swim,,,,T=30C
2023-07-20,13:31,70,4.086,,Pool Swim,,,,T=31C
2023-07-21,11:33,,,,Floor Climb,04:53,,Off,
2023-07-21,11:36,61,3.987,,Floor Climb,,,,T=28C
2023-07-21,12:58,,,,Run,39:01,HRM+Stryd+Tempe,All-systems Multiband,
2023-07-21,13:01,60,3.965,,Run,,,,T=31C
2023-07-21,13:06,60,3.962,,Run,,,,T=31C
2023-07-21,13:16,59,3.952,,Run,,,,T=32C
2023-07-21,13:21,58,3.951,,Run,,,,T=33C
2023-07-21,13:26,58,3.947,,Run,,,,T=33C
2023-07-21,13:31,58,3.945,,Run,,,,T=32C
2023-07-21,13:36,57,3.938,,Run,,,,T=32C
2023-07-22,05:37,,,,Yoga,1:03:45,,Off,
2023-07-22,05:41,53,3.906,,Yoga,,,,T=30C
2023-07-22,05:46,53,3.906,,Yoga,,,,T=30C
2023-07-22,05:51,53,3.903,,Yoga,,,,T=31C
2023-07-22,05:56,53,3.905,,Yoga,,,,T=31C
2023-07-22,06:01,53,3.903,,Yoga,,,,T=30C
2023-07-22,06:06,53,3.901,,Yoga,,,,T=30C
2023-07-22,06:16,52,3.901,,Yoga,,,,T=31C
2023-07-22,06:21,52,3.901,,Yoga,,,,T=31C
2023-07-22,06:26,52,3.901,,Yoga,,,,T=31C
2023-07-22,06:31,52,3.900,,Yoga,,,,T=31C
2023-07-22,06:36,52,3.900,,Yoga,,,,T=31C
2023-07-22,06:41,52,3.894,,Yoga,,,,T=31C
2023-07-24,07:43,,,,Yoga,28:07,Tempe,Off,
2023-07-24,07:46,40,3.826,,Yoga,,,,T=30C
2023-07-24,07:51,39,3.826,,Yoga,,,,T=30C
2023-07-24,07:56,39,3.826,,Yoga,,,,T=30C
2023-07-24,08:06,39,3.826,,Yoga,,,,T=30C
2023-07-24,08:11,39,3.823,,Yoga,,,,T=30C
2023-07-24,12:56,,,,Run,30:03,Stryd+Tempe,All-systems Multiband,
2023-07-24,13:01,36,3.791,,Run,,,,T=33C
2023-07-24,13:06,35,3.788,,Run,,,,T=33C
2023-07-24,13:16,34,3.780,,Run,,,,T=34C
2023-07-24,13:21,34,3.777,,Run,,,,T=33C
2023-07-24,13:26,33,3.772,,Run,,,,T=35C
2023-07-24,16:50,98,4.387,,Floor Climb,04:55,,Off,T=27C
2023-07-24,16:51,98,4.387,,Floor Climb,,,,T=27C
2023-07-25,07:26,,,,Yoga,34:30,,Off,
2023-07-25,07:31,93,4.350,,Yoga,,,,T=29C
2023-07-25,07:36,93,4.351,,Yoga,,,,T=29C
2023-07-25,07:46,93,4.349,,Yoga,,,,T=30C
2023-07-25,07:51,93,4.348,,Yoga,,,,T=30C
2023-07-25,07:56,93,4.346,,Yoga,,,,T=30C
2023-07-25,12:23,,,,Floor Climb,04:48,Tempe,Off,
2023-07-25,12:26,91,4.329,,Floor Climb,,,,T=28C
2023-07-25,13:05,90,4.323,,Pool Swim,23:52,Tempe+HRM Pro,Off,T=33C
2023-07-25,13:06,90,4.323,,Pool Swim,,,,T=33C
2023-07-25,13:11,90,4.318,,Pool Swim,,,,T=33C
2023-07-25,13:16,90,4.312,,Pool Swim,,,,T=33C
2023-07-25,13:21,90,4.314,,Pool Swim,,,,T=33C
2023-07-25,13:26,89,4.310,,Pool Swim,,,,T=32C
2023-07-25,23:41,86,4.270,,Yoga,33:10,Tempe,Off,T=31C
2023-07-25,23:46,86,4.275,,Yoga,,,,T=30C
2023-07-25,23:51,86,4.271,,Yoga,,,,T=30C
2023-07-25,23:56,86,4.275,,Yoga,,,,T=30C
2023-07-26,00:01,86,4.274,,Yoga,,,,T=30C
2023-07-26,00:11,86,4.273,,Yoga,,,,T=30C
2023-07-26,07:28,,,,Yoga,33:17,Tempe,Off,
2023-07-26,07:31,84,4.252,,Yoga,,,,T=29C
2023-07-26,07:36,84,4.252,,Yoga,,,,T=29C
2023-07-26,07:41,84,4.251,,Yoga,,,,T=30C
2023-07-26,07:46,84,4.251,,Yoga,,,,T=30C
2023-07-26,07:51,84,4.251,,Yoga,,,,T=30C
2023-07-26,07:56,84,4.250,,Yoga,,,,T=30C
2023-07-26,12:52,,,,Run,37:14,HRM+Stryd+Tempe,All-systems Multiband,
2023-07-26,12:56,82,4.207,,Run,,,,T=34C
2023-07-26,13:01,81,4.205,,Run,,,,T=35C
2023-07-26,13:06,81,4.200,,Run,,,,T=36C
2023-07-26,13:11,80,4.195,,Run,,,,T=36C
2023-07-26,13:16,80,4.190,,Run,,,,T=35C
2023-07-26,13:21,80,4.186,,Run,,,,T=36C
2023-07-26,13:26,79,4.179,,Run,,,,T=35C
2023-07-27,07:20,73,4.117,,Yoga,44:03,,Off,T=30C
2023-07-27,07:21,73,4.117,,Yoga,,,,T=30C
2023-07-27,07:26,73,4.123,,Yoga,,,,T=30C
2023-07-27,07:31,73,4.120,,Yoga,,,,T=30C
2023-07-27,07:36,73,4.120,,Yoga,,,,T=30C
2023-07-27,07:41,73,4.120,,Yoga,,,,T=30C
2023-07-27,07:46,73,4.118,,Yoga,,,,T=30C
2023-07-27,07:51,73,4.119,,Yoga,,,,T=30C
2023-07-27,07:56,73,4.118,,Yoga,,,,T=30C
2023-07-27,08:01,73,4.115,,Yoga,,,,T=30C
2023-07-27,13:06,,,,Pool Swim,21:16,Tempe+HRM Pro,Off,
2023-07-27,13:11,69,4.067,,Pool Swim,,,,T=33C
2023-07-27,13:16,68,4.065,,Pool Swim,,,,T=33C
2023-07-27,13:21,68,4.058,,Pool Swim,,,,T=33C
2023-07-27,13:26,68,4.058,,Pool Swim,,,,T=33C
2023-07-28,07:30,61,3.981,,Yoga,43:57,Tempe,Off,T=30C
2023-07-28,07:31,61,3.981,,Yoga,,,,T=30C
2023-07-28,07:36,61,3.988,,Yoga,,,,T=29C
2023-07-28,07:41,61,3.986,,Yoga,,,,T=30C
2023-07-28,07:46,61,3.986,,Yoga,,,,T=30C
2023-07-28,07:51,61,3.986,,Yoga,,,,T=30C
2023-07-28,07:56,61,3.985,,Yoga,,,,T=30C
2023-07-28,08:01,61,3.980,,Yoga,,,,T=30C
2023-07-28,08:06,61,3.984,,Yoga,,,,T=30C
2023-07-28,08:11,61,3.983,,Yoga,,,,T=30C
2023-07-28,12:59,,,,Run,50:18,HRM+Tempe,All-systems Multiband,
2023-07-28,13:01,59,3.954,,Run,,,,T=31C
2023-07-28,13:06,58,3.948,,Run,,,,T=31C
2023-07-28,13:11,58,3.939,,Run,,,,T=32C
2023-07-28,13:16,58,3.941,,Run,,,,T=33C
2023-07-28,13:26,57,3.935,,Run,,,,T=34C
2023-07-28,13:31,56,3.933,,Run,,,,T=34C
2023-07-28,13:36,56,3.932,,Run,,,,T=33C
2023-07-28,13:41,56,3.925,,Run,,,,T=33C
2023-07-28,13:46,55,3.922,,Run,,,,T=33C
2023-07-31,07:29,,,,Yoga,45:31,,Off,
2023-07-31,07:31,45,3.856,,Yoga,,,,T=30C
2023-07-31,07:36,45,3.856,,Yoga,,,,T=30C
2023-07-31,07:46,45,3.856,,Yoga,,,,T=30C
2023-07-31,07:56,45,3.856,,Yoga,,,,T=31C
2023-07-31,08:01,45,3.854,,Yoga,,,,T=31C
2023-07-31,08:11,45,3.852,,Yoga,,,,T=30C
2023-07-31,12:56,43,3.826,,Run,30:19,HRM+Stryd+Tempe,All-systems Multiband,T=31C
2023-07-31,13:01,42,3.830,,Run,,,,T=33C
2023-07-31,13:06,42,3.823,,Run,,,,T=33C
2023-07-31,13:11,41,3.823,,Run,,,,T=33C
2023-07-31,13:16,41,3.822,,Run,,,,T=36C
2023-07-31,13:21,40,3.821,,Run,,,,T=36C
2023-07-31,13:26,40,3.818,,Run,,,,T=36C
2023-08-01,04:59,,,,Yoga,48:22,Tempe,Off,
2023-08-01,05:01,34,3.801,,Yoga,,,,T=31C
2023-08-01,05:06,34,3.798,,Yoga,,,,T=31C
2023-08-01,05:11,34,3.799,,Yoga,,,,T=31C
2023-08-01,05:21,34,3.795,,Yoga,,,,T=31C
2023-08-01,05:26,34,3.798,,Yoga,,,,T=31C
2023-08-01,05:31,34,3.795,,Yoga,,,,T=31C
2023-08-01,05:41,33,3.796,,Yoga,,,,T=31C
2023-08-01,05:46,33,3.795,,Yoga,,,,T=31C
2023-08-01,13:06,30,3.775,,Pool Swim,24:28,HRM Pro+Tempe,Off,T=31C
2023-08-01,13:11,30,3.775,,Pool Swim,,,,T=31C
2023-08-01,13:21,29,3.771,,Pool Swim,,,,T=31C
2023-08-02,07:21,,,,Yoga,33:43,Tempe,Off,
2023-08-02,07:26,22,3.750,,Yoga,,,,T=29C
2023-08-02,07:31,22,3.745,,Yoga,,,,T=29C
2023-08-02,07:36,22,3.748,,Yoga,,,,T=30C
2023-08-02,07:46,21,3.749,,Yoga,,,,T=30C
2023-08-02,07:51,21,3.748,,Yoga,,,,T=30C
2023-08-02,10:16,20,3.736,,Floor Climb,05:18,Tempe,Off,T=29C
2023-08-02,10:21,20,3.741,,Floor Climb,,,,T=29C
2023-08-02,13:06,89,4.349,,Pool Swim,26:35,Tempe,Off,T=32C
2023-08-02,13:07,89,4.349,,Pool Swim,,,,T=32C
2023-08-02,13:12,89,4.348,,Pool Swim,,,,T=32C
2023-08-02,13:17,89,4.347,,Pool Swim,,,,T=32C
2023-08-02,13:22,89,4.344,,Pool Swim,,,,T=32C
2023-08-02,13:27,89,4.340,,Pool Swim,,,,T=32C
2023-08-02,13:32,88,4.338,,Pool Swim,,,,T=32C
2023-08-03,12:18,,,,Run,54:16,HRM+Stryd,All-systems Multiband,
2023-08-03,12:22,83,4.241,,Run,,,,T=36C
2023-08-03,12:27,82,4.236,,Run,,,,T=36C
2023-08-03,12:32,82,4.231,,Run,,,,T=36C
2023-08-03,12:37,82,4.223,,Run,,,,T=35C
2023-08-03,12:42,81,4.222,,Run,,,,T=36C
2023-08-03,12:47,81,4.212,,Run,,,,T=37C
2023-08-03,12:52,80,4.210,,Run,,,,T=37C
2023-08-03,12:57,80,4.203,,Run,,,,T=35C
2023-08-03,13:02,80,4.198,,Run,,,,T=35C
2023-08-03,13:07,79,4.197,,Run,,,,T=35C
2023-08-03,13:12,79,4.190,,Run,,,,T=35C
2023-08-04,13:06,72,4.103,,Pool Swim,29:22,Tempe,Off,T=32C
2023-08-04,13:07,72,4.103,,Pool Swim,,,,T=32C
2023-08-04,13:12,71,4.107,,Pool Swim,,,,T=32C
2023-08-04,13:17,71,4.102,,Pool Swim,,,,T=32C
2023-08-04,13:22,71,4.100,,Pool Swim,,,,T=32C
2023-08-04,13:27,71,4.098,,Pool Swim,,,,T=32C
2023-08-04,13:32,71,4.098,,Pool Swim,,,,T=32C
2023-08-07,12:56,49,3.864,,Run,43:23,HRM+Stryd+Tempe,All-systems Multiband,T=28C
2023-08-07,12:57,49,3.864,,Run,,,,T=28C
2023-08-07,13:02,48,3.860,,Run,,,,T=28C
2023-08-07,13:07,48,3.854,,Run,,,,T=28C
2023-08-07,13:12,47,3.858,,Run,,,,T=29C
2023-08-07,13:17,47,3.858,,Run,,,,T=30C
2023-08-07,13:22,47,3.853,,Run,,,,T=31C
2023-08-07,13:27,46,3.850,,Run,,,,T=32C
2023-08-07,13:32,46,3.848,,Run,,,,T=31C
2023-08-07,13:37,45,3.851,,Run,,,,T=33C
2023-08-08,13:07,37,3.811,,Pool Swim,23:53,Tempe,Off,T=33C
2023-08-08,13:12,37,3.809,,Pool Swim,,,,T=32C
2023-08-08,13:17,37,3.809,,Pool Swim,,,,T=32C
2023-08-08,13:22,36,3.807,,Pool Swim,,,,T=32C
2023-08-08,13:27,36,3.805,,Pool Swim,,,,T=32C
2023-08-09,13:06,62,3.983,,Pool Swim,24:48,Tempe+HRM Pro,Off,T=32C
2023-08-09,13:07,62,3.983,,Pool Swim,,,,T=32C
2023-08-09,13:12,62,3.982,,Pool Swim,,,,T=32C
2023-08-09,13:17,61,3.977,,Pool Swim,,,,T=32C
2023-08-09,13:22,61,3.973,,Pool Swim,,,,T=32C
2023-08-09,13:27,61,3.963,,Pool Swim,,,,T=32C
2023-08-10,07:26,55,3.925,,Yoga,49:53,Tempe,Off,T=30C
2023-08-10,07:27,55,3.925,,Yoga,,,,T=30C
2023-08-10,07:32,55,3.930,,Yoga,,,,T=30C
2023-08-10,07:37,55,3.928,,Yoga,,,,T=30C
2023-08-10,07:42,55,3.928,,Yoga,,,,T=30C
2023-08-10,07:47,55,3.928,,Yoga,,,,T=30C
2023-08-10,07:52,55,3.926,,Yoga,,,,T=31C
2023-08-10,07:57,55,3.926,,Yoga,,,,T=30C
2023-08-10,08:02,55,3.926,,Yoga,,,,T=30C
2023-08-10,08:07,55,3.926,,Yoga,,,,T=30C
2023-08-10,08:12,55,3.926,,Yoga,,,,T=30C
2023-08-10,13:00,,,,Run,29:59,HRM+Stryd+Tempe,All-systems Multiband,
2023-08-10,13:02,53,3.896,,Run,,,,T=28C
2023-08-10,13:07,53,3.894,,Run,,,,T=27C
2023-08-10,13:12,52,3.890,,Run,,,,T=27C
2023-08-10,13:17,52,3.888,,Run,,,,T=27C
2023-08-10,13:22,51,3.887,,Run,,,,T=28C
2023-08-10,13:27,51,3.878,,Run,,,,T=28C
2023-08-10,13:32,50,3.877,,Run,,,,T=28C
2023-08-11,12:52,,,,Run,1:13:52,HRM+Stryd+Tempe,All-systems Multiband,
2023-08-11,12:57,94,4.347,,Run,,,,T=30C
2023-08-11,13:02,94,4.343,,Run,,,,T=31C
2023-08-11,13:07,93,4.340,,Run,,,,T=30C
2023-08-11,13:12,93,4.333,,Run,,,,T=30C
2023-08-11,13:17,92,4.330,,Run,,,,T=30C
2023-08-11,13:22,92,4.330,,Run,,,,T=31C
2023-08-11,13:32,91,4.322,,Run,,,,T=33C
2023-08-11,13:37,91,4.320,,Run,,,,T=32C
2023-08-11,13:47,90,4.310,,Run,,,,T=31C
2023-08-11,13:52,90,4.306,,Run,,,,T=30C
2023-08-11,13:57,89,4.305,,Run,,,,T=30C
2023-08-11,14:02,89,4.300,,Run,,,,T=31C
2023-08-14,07:31,69,4.075,,Yoga,42:00,,Off,T=30C
2023-08-14,07:32,69,4.075,,Yoga,,,,T=30C
2023-08-14,07:42,69,4.081,,Yoga,,,,T=30C
2023-08-14,07:47,69,4.079,,Yoga,,,,T=30C
2023-08-14,07:52,69,4.079,,Yoga,,,,T=30C
2023-08-14,08:02,69,4.078,,Yoga,,,,T=31C
2023-08-14,08:07,69,4.079,,Yoga,,,,T=30C
2023-08-14,08:12,69,4.076,,Yoga,,,,T=30C
2023-08-14,13:01,66,4.027,,Run,32:55,HRM+Stryd,All-systems Multiband,T=30C
2023-08-14,13:02,66,4.027,,Run,,,,T=30C
2023-08-14,13:07,66,4.021,,Run,,,,T=31C
2023-08-14,13:12,65,4.020,,Run,,,,T=31C
2023-08-14,13:17,65,4.015,,Run,,,,T=31C
2023-08-14,13:22,65,4.005,,Run,,,,T=32C
2023-08-14,13:27,64,4.001,,Run,,,,T=32C
2023-08-14,13:32,64,3.996,,Run,,,,T=32C
2023-08-14,13:37,63,3.988,,Run,,,,T=32C
2023-08-15,12:58,,,,Run,54:54,HRM+Stryd+Tempe,All-systems Multiband,
2023-08-15,13:02,54,3.906,,Run,,,,T=34C
2023-08-15,13:07,53,3.902,,Run,,,,T=33C
2023-08-15,13:12,53,3.898,,Run,,,,T=33C
2023-08-15,13:17,53,3.895,,Run,,,,T=31C
2023-08-15,13:22,52,3.893,,Run,,,,T=30C
2023-08-15,13:27,52,3.891,,Run,,,,T=29C
2023-08-15,13:32,51,3.886,,Run,,,,T=28C
2023-08-15,13:37,51,3.883,,Run,,,,T=29C
2023-08-15,13:42,51,3.881,,Run,,,,T=29C
2023-08-15,13:47,50,3.878,,Run,,,,T=30C
2023-08-15,13:52,50,3.876,,Run,,,,T=30C
2023-08-16,13:06,42,3.840,,Pool Swim,24:43,Tempe,Off,T=32C
2023-08-16,13:07,42,3.840,,Pool Swim,,,,T=32C
2023-08-16,13:12,42,3.836,,Pool Swim,,,,T=32C
2023-08-16,13:22,42,3.838,,Pool Swim,,,,T=32C
2023-08-16,13:27,42,3.836,,Pool Swim,,,,T=32C
2023-08-18,07:17,,,,Yoga,50:38,,Off,
2023-08-18,07:22,25,3.764,,Yoga,,,,T=29C
2023-08-18,07:27,25,3.762,,Yoga,,,,T=29C
2023-08-18,07:32,25,3.762,,Yoga,,,,T=30C
2023-08-18,07:37,25,3.763,,Yoga,,,,T=30C
2023-08-18,07:42,25,3.764,,Yoga,,,,T=30C
2023-08-18,07:52,25,3.763,,Yoga,,,,T=30C
2023-08-18,07:57,25,3.761,,Yoga,,,,T=30C
2023-08-18,08:02,25,3.761,,Yoga,,,,T=29C
2023-08-18,08:07,25,3.761,,Yoga,,,,T=29C
2023-08-18,12:58,,,,Run,43:46,HRM+Stryd+Tempe,All-systems Multiband,
2023-08-18,13:02,99,4.400,,Run,,,,T=28C
2023-08-18,13:07,98,4.397,,Run,,,,T=28C
2023-08-18,13:12,98,4.394,,Run,,,,T=28C
2023-08-18,13:17,98,4.381,,Run,,,,T=28C
2023-08-18,13:22,97,4.377,,Run,,,,T=28C
2023-08-18,13:27,97,4.380,,Run,,,,T=29C
2023-08-18,13:32,97,4.370,,Run,,,,T=29C
2023-08-18,13:37,96,4.376,,Run,,,,T=30C
2023-08-18,13:42,96,4.373,,Run,,,,T=30C
2023-08-21,07:32,79,4.165,,Yoga,31:48,Tempe,Off,T=29C
2023-08-21,07:37,79,4.167,,Yoga,,,,T=30C
2023-08-21,07:42,79,4.166,,Yoga,,,,T=30C
2023-08-21,07:47,79,4.165,,Yoga,,,,T=30C
2023-08-21,07:52,79,4.166,,Yoga,,,,T=31C
2023-08-21,07:57,78,4.164,,Yoga,,,,T=31C
2023-08-21,08:02,78,4.165,,Yoga,,,,T=31C
2023-08-21,08:12,78,4.158,,Yoga,,,,T=31C
2023-08-21,12:56,76,4.110,,Run,1:03:37,HRM+Stryd+Tempe,All-systems Multiband,T=30C
2023-08-21,12:57,76,4.110,,Run,,,,T=30C
2023-08-21,13:02,75,4.115,,Run,,,,T=31C
2023-08-21,13:12,74,4.107,,Run,,,,T=30C
2023-08-21,13:17,74,4.103,,Run,,,,T=31C
2023-08-21,13:22,74,4.098,,Run,,,,T=30C
2023-08-21,13:27,73,4.090,,Run,,,,T=31C
2023-08-21,13:32,73,4.090,,Run,,,,T=30C
2023-08-21,13:37,72,4.081,,Run,,,,T=30C
2023-08-21,13:42,72,4.080,,Run,,,,T=30C
2023-08-21,13:47,71,4.071,,Run,,,,T=29C
2023-08-21,13:52,71,4.069,,Run,,,,T=28C
2023-08-21,13:57,71,4.068,,Run,,,,T=28C
2023-08-21,17:48,,,,Floor Climb,06:39,Tempe,Off,
2023-08-21,17:52,69,4.052,,Floor Climb,,,,T=28C
2023-08-22,07:26,63,3.986,,Yoga,50:36,,Off,T=29C
2023-08-22,07:27,63,3.986,,Yoga,,,,T=29C
2023-08-22,07:32,63,3.991,,Yoga,,,,T=29C
2023-08-22,07:42,63,3.990,,Yoga,,,,T=30C
2023-08-22,07:47,63,3.990,,Yoga,,,,T=30C
2023-08-22,07:57,63,3.987,,Yoga,,,,T=30C
2023-08-22,08:02,63,3.987,,Yoga,,,,T=30C
2023-08-22,08:07,63,3.988,,Yoga,,,,T=30C
2023-08-22,08:12,63,3.986,,Yoga,,,,T=30C
2023-08-22,11:49,,,,Floor Climb,06:34,,Off,
2023-08-22,11:52,61,3.970,,Floor Climb,,,,T=28C
2023-08-22,13:01,60,3.948,,Run,40:04,HRM+Stryd+Tempe,All-systems Multiband,T=31C
2023-08-22,13:02,60,3.948,,Run,,,,T=31C
2023-08-22,13:07,60,3.952,,Run,,,,T=32C
2023-08-22,13:12,59,3.950,,Run,,,,T=32C
2023-08-22,13:17,59,3.946,,Run,,,,T=32C
2023-08-22,13:22,59,3.937,,Run,,,,T=33C
2023-08-22,13:27,58,3.938,,Run,,,,T=33C
2023-08-22,13:32,58,3.930,,Run,,,,T=33C
2023-08-22,13:37,57,3.929,,Run,,,,T=33C
2023-08-23,07:23,,,,Yoga,42:32,,Off,
2023-08-23,07:27,79,4.170,,Yoga,,,,T=30C
2023-08-23,07:32,79,4.166,,Yoga,,,,T=30C
2023-08-23,07:37,79,4.170,,Yoga,,,,T=30C
2023-08-23,07:47,79,4.168,,Yoga,,,,T=30C
2023-08-23,07:52,79,4.166,,Yoga,,,,T=30C
2023-08-23,07:57,79,4.168,,Yoga,,,,T=30C
2023-08-23,13:06,76,4.137,,Pool Swim,24:19,Tempe,Off,T=32C
2023-08-23,13:07,76,4.137,,Pool Swim,,,,T=32C
2023-08-23,13:12,76,4.137,,Pool Swim,,,,T=32C
2023-08-23,13:17,76,4.135,,Pool Swim,,,,T=32C
2023-08-23,13:22,76,4.134,,Pool Swim,,,,T=32C
2023-08-24,07:33,,,,Yoga,48:18,Tempe,Off,
2023-08-24,07:37,70,4.069,,Yoga,,,,T=29C
2023-08-24,07:47,70,4.074,,Yoga,,,,T=29C
2023-08-24,07:52,70,4.074,,Yoga,,,,T=29C
2023-08-24,08:02,70,4.072,,Yoga,,,,T=29C
2023-08-24,08:07,70,4.071,,Yoga,,,,T=29C
2023-08-24,08:12,70,4.071,,Yoga,,,,T=29C
2023-08-24,08:17,70,4.071,,Yoga,,,,T=29C
2023-08-24,11:59,,,,Floor Climb,06:37,Tempe,Off,
2023-08-24,13:07,67,4.031,,Pool Swim,32:30,Tempe+HRM Pro,Off,T=32C
2023-08-24,13:12,67,4.025,,Pool Swim,,,,T=32C
2023-08-24,13:17,67,4.020,,Pool Swim,,,,T=32C
2023-08-24,13:22,66,4.013,,Pool Swim,,,,T=32C
2023-08-24,13:27,66,4.011,,Pool Swim,,,,T=32C
2023-08-24,13:32,66,4.008,,Pool Swim,,,,T=32C
2023-08-24,13:37,66,4.005,,Pool Swim,,,,T=32C
2023-08-25,07:20,,,,Yoga,42:45,Tempe,Off,
2023-08-25,07:22,59,3.953,,Yoga,,,,T=29C
2023-08-25,07:32,59,3.953,,Yoga,,,,T=29C
2023-08-25,07:37,59,3.951,,Yoga,,,,T=30C
2023-08-25,07:47,59,3.952,,Yoga,,,,T=30C
2023-08-25,07:52,59,3.950,,Yoga,,,,T=30C
2023-08-25,07:57,59,3.950,,Yoga,,,,T=30C
2023-08-25,08:02,59,3.948,,Yoga,,,,T=30C
2023-08-25,12:58,,,,Run,42:36,HRM+Stryd+Tempe,All-systems Multiband,
2023-08-25,13:02,56,3.905,,Run,,,,T=32C
2023-08-25,13:07,55,3.901,,Run,,,,T=33C
2023-08-25,13:12,55,3.909,,Run,,,,T=32C
2023-08-25,13:17,54,3.906,,Run,,,,T=32C
2023-08-25,13:22,54,3.895,,Run,,,,T=33C
2023-08-25,13:27,54,3.893,,Run,,,,T=32C
2023-08-25,13:32,53,3.893,,Run,,,,T=31C
2023-08-25,13:37,53,3.892,,Run,,,,T=33C
2023-08-28,07:45,,,,Yoga,22:17,,Off,
2023-08-28,07:50,76,4.130,,Yoga,,,,T=30C
2023-08-28,07:55,76,4.129,,Yoga,,,,T=31C
2023-08-28,08:00,76,4.129,,Yoga,,,,T=30C
2023-08-28,08:05,76,4.126,,Yoga,,,,T=30C
2023-08-28,12:57,,,,Run,50:22,Stryd,All-systems Multiband,
2023-08-28,13:02,92,4.296,,Run,,,,T=31C
2023-08-28,13:07,91,4.291,,Run,,,,T=31C
2023-08-28,13:12,91,4.286,,Run,,,,T=32C
2023-08-28,13:17,90,4.279,,Run,,,,T=32C
2023-08-28,13:22,90,4.273,,Run,,,,T=33C
2023-08-28,13:27,89,4.266,,Run,,,,T=34C
2023-08-28,13:32,89,4.263,,Run,,,,T=34C
2023-08-28,13:37,88,4.258,,Run,,,,T=34C
2023-08-28,13:42,88,4.253,,Run,,,,T=35C
2023-08-28,13:47,87,4.247,,Run,,,,T=35C
2023-08-28,13:53,87,4.255,,Run,,,,T=33C
2023-08-29,07:28,,,,Yoga,35:08,Tempe,Off,
2023-08-29,07:32,81,4.189,,Yoga,,,,T=29C
2023-08-29,07:37,81,4.191,,Yoga,,,,T=29C
2023-08-29,07:42,81,4.190,,Yoga,,,,T=30C
2023-08-29,07:47,81,4.191,,Yoga,,,,T=30C
2023-08-29,07:52,81,4.190,,Yoga,,,,T=30C
2023-08-29,07:57,81,4.186,,Yoga,,,,T=29C
2023-08-29,08:02,81,4.183,,Yoga,,,,T=29C
2023-08-29,08:07,81,4.183,,Yoga,,,,T=29C
2023-08-29,13:07,79,4.155,,Pool Swim,27:24,,Off,T=32C
2023-08-29,13:12,78,4.154,,Pool Swim,,,,T=32C
2023-08-29,13:17,78,4.151,,Pool Swim,,,,T=31C
2023-08-29,13:22,78,4.152,,Pool Swim,,,,T=32C
2023-08-29,13:27,78,4.148,,Pool Swim,,,,T=32C
2023-08-29,13:32,78,4.149,,Pool Swim,,,,T=31C
2023-08-30,07:11,72,4.064,,Run,1:24:16,HRM+Stryd+Tempe,All-systems Multiband,T=28C
2023-08-30,07:12,72,4.064,,Run,,,,T=28C
2023-08-30,07:17,72,4.062,,Run,,,,T=27C
2023-08-30,07:22,71,4.058,,Run,,,,T=26C
2023-08-30,07:27,71,4.051,,Run,,,,T=27C
2023-08-30,07:32,70,4.045,,Run,,,,T=28C
2023-08-30,07:37,70,4.039,,Run,,,,T=28C
2023-08-30,07:42,69,4.038,,Run,,,,T=29C
2023-08-30,07:47,69,4.036,,Run,,,,T=29C
2023-08-30,07:52,69,4.030,,Run,,,,T=29C
2023-08-30,07:57,68,4.025,,Run,,,,T=29C
2023-08-30,08:02,68,4.018,,Run,,,,T=29C
2023-08-30,08:07,67,4.012,,Run,,,,T=29C
2023-08-30,08:12,67,4.009,,Run,,,,T=29C
2023-08-30,08:17,66,3.999,,Run,,,,T=28C
2023-08-30,08:22,66,3.996,,Run,,,,T=28C
2023-08-30,08:27,66,3.985,,Run,,,,T=29C
2023-08-30,08:32,65,3.981,,Run,,,,T=29C
2023-08-30,13:06,62,3.963,,Pool Swim,23:45,Tempe,Off,from fixed/edited file T=31C
2023-08-30,13:07,62,3.963,,Pool Swim,,,,T=31C
2023-08-30,13:12,62,3.963,,Pool Swim,,,,T=31C
2023-08-30,13:17,61,3.962,,Pool Swim,,,,T=31C
2023-08-30,13:22,61,3.959,,Pool Swim,,,,T=31C
2023-08-30,13:27,61,3.959,,Pool Swim,,,,T=31C
2023-08-31,07:19,,,,Yoga,37:11,Tempe,Off,
2023-08-31,07:22,56,3.920,,Yoga,,,,T=29C
2023-08-31,07:27,56,3.920,,Yoga,,,,T=29C
2023-08-31,07:32,56,3.920,,Yoga,,,,T=29C
2023-08-31,07:37,56,3.916,,Yoga,,,,T=29C
2023-08-31,07:42,56,3.918,,Yoga,,,,T=29C
2023-08-31,07:47,56,3.917,,Yoga,,,,T=28C
2023-08-31,13:00,,,,Run,48:38,HRM+Stryd+Tempe,All-systems Multiband,
2023-08-31,13:07,53,3.885,,Run,,,,T=31C
2023-08-31,13:12,53,3.883,,Run,,,,T=31C
2023-08-31,13:17,52,3.884,,Run,,,,T=31C
2023-08-31,13:22,52,3.875,,Run,,,,T=31C
2023-08-31,13:27,52,3.873,,Run,,,,T=32C
2023-08-31,13:32,51,3.871,,Run,,,,T=32C
2023-08-31,13:37,51,3.870,,Run,,,,T=32C
2023-08-31,13:42,50,3.865,,Run,,,,T=32C
2023-08-31,13:47,50,3.861,,Run,,,,T=32C
2023-09-05,12:56,,,,Run,47:29,HRM+Stryd+Tempe,All-systems Multiband,
2023-09-05,12:59,72,4.064,,Run,,,,T=29C
2023-09-05,13:04,71,4.061,,Run,,,,T=30C
2023-09-05,13:09,71,4.058,,Run,,,,T=30C
2023-09-05,13:14,70,4.053,,Run,,,,T=30C
2023-09-05,13:19,70,4.050,,Run,,,,T=31C
2023-09-05,13:24,70,4.043,,Run,,,,T=31C
2023-09-05,13:29,69,4.038,,Run,,,,T=31C
2023-09-05,13:34,69,4.033,,Run,,,,T=31C
2023-09-05,13:39,68,4.025,,Run,,,,T=31C
2023-09-05,13:44,68,4.010,,Run,,,,T=31C
2023-09-06,13:01,,,,Run,39:44,HRM+Stryd+Tempe,All-systems Multiband,
2023-09-06,13:03,57,3.916,,Run,,,,T=30C
2023-09-06,13:08,57,3.915,,Run,,,,T=31C
2023-09-06,13:13,56,3.914,,Run,,,,T=31C
2023-09-06,13:18,56,3.910,,Run,,,,T=31C
2023-09-06,13:23,56,3.911,,Run,,,,T=31C
2023-09-06,13:28,55,3.910,,Run,,,,T=32C
2023-09-06,13:33,55,3.900,,Run,,,,T=32C
2023-09-06,13:38,54,3.899,,Run,,,,T=33C
2023-09-07,12:56,92,4.345,,Run,50:01,HRM+Stryd+Tempe,All-systems Multiband,T=29C
2023-09-07,12:57,92,4.345,,Run,,,,T=29C
2023-09-07,13:02,92,4.338,,Run,,,,T=28C
2023-09-07,13:07,92,4.341,,Run,,,,T=28C
2023-09-07,13:12,91,4.337,,Run,,,,T=28C
2023-09-07,13:17,91,4.335,,Run,,,,T=29C
2023-09-07,13:22,91,4.329,,Run,,,,T=29C
2023-09-07,13:27,90,4.327,,Run,,,,T=29C
2023-09-07,13:32,90,4.322,,Run,,,,T=29C
2023-09-07,13:37,89,4.321,,Run,,,,T=30C
2023-09-07,13:42,89,4.317,,Run,,,,T=29C
2023-09-11,13:02,61,3.963,,Run,32:17,HRM+Stryd+Tempe,All-systems Multiband,T=28C
2023-09-11,13:03,61,3.963,,Run,,,,T=28C
2023-09-11,13:08,60,3.961,,Run,,,,T=27C
2023-09-11,13:18,60,3.954,,Run,,,,T=27C
2023-09-11,13:23,59,3.951,,Run,,,,T=27C
2023-09-11,13:28,59,3.955,,Run,,,,T=28C
2023-09-11,13:33,58,3.942,,Run,,,,T=28C
2023-09-12,07:13,52,3.891,,Run,1:39:01,HRM+Stryd+Tempe,All-systems Multiband,T=29C
2023-09-12,07:18,52,3.892,,Run,,,,T=28C
2023-09-12,07:23,51,3.888,,Run,,,,T=28C
2023-09-12,07:28,51,3.889,,Run,,,,T=28C
2023-09-12,07:33,51,3.883,,Run,,,,T=28C
2023-09-12,07:38,50,3.885,,Run,,,,T=29C
2023-09-12,07:48,50,3.878,,Run,,,,T=30C
2023-09-12,07:53,49,3.879,,Run,,,,T=29C
2023-09-12,08:03,48,3.872,,Run,,,,T=29C
2023-09-12,08:08,48,3.868,,Run,,,,T=29C
2023-09-12,08:13,48,3.866,,Run,,,,T=29C
2023-09-12,08:18,47,3.863,,Run,,,,T=30C
2023-09-12,08:28,46,3.858,,Run,,,,T=30C
2023-09-12,08:33,46,3.856,,Run,,,,T=30C
2023-09-12,08:38,46,3.852,,Run,,,,T=30C
2023-09-12,08:43,45,3.845,,Run,,,,T=30C
2023-09-12,08:48,45,3.848,,Run,,,,T=30C
2023-09-12,13:05,,,,Pool Swim,25:41,HRM Pro+Tempe,Off,
2023-09-12,13:08,43,3.842,,Pool Swim,,,,T=28C
2023-09-12,13:13,42,3.841,,Pool Swim,,,,T=28C
2023-09-12,13:18,42,3.839,,Pool Swim,,,,T=28C
2023-09-12,13:23,42,3.836,,Pool Swim,,,,T=28C
2023-09-12,13:28,42,3.839,,Pool Swim,,,,T=28C
2023-09-13,13:07,,,,Pool Swim,23:58,HRM Pro+Tempe,Off,
2023-09-13,13:12,93,4.352,,Pool Swim,,,,T=28C
2023-09-13,13:17,92,4.342,,Pool Swim,,,,T=29C
2023-09-13,13:22,92,4.344,,Pool Swim,,,,T=28C
2023-09-13,13:27,92,4.344,,Pool Swim,,,,T=28C
2023-09-14,13:00,84,4.238,,Run,48:45,HRM+Stryd+Tempe,All-systems Multiband,T=28C
2023-09-14,13:02,84,4.238,,Run,,,,T=28C
2023-09-14,13:07,83,4.239,,Run,,,,T=28C
2023-09-14,13:17,82,4.231,,Run,,,,T=28C
2023-09-14,13:22,82,4.226,,Run,,,,T=28C
2023-09-14,13:27,82,4.225,,Run,,,,T=28C
2023-09-14,13:32,81,4.219,,Run,,,,T=29C
2023-09-14,13:37,81,4.215,,Run,,,,T=29C
2023-09-14,13:42,81,4.210,,Run,,,,T=29C
2023-09-14,13:47,80,4.205,,Run,,,,T=29C
2023-09-15,13:00,73,4.107,,Run,37:14,Stryd+Tempe,All-systems Multiband,T=30C
2023-09-15,13:02,73,4.107,,Run,,,,T=30C
2023-09-15,13:07,72,4.108,,Run,,,,T=31C
2023-09-15,13:12,72,4.110,,Run,,,,T=32C
2023-09-15,13:17,71,4.105,,Run,,,,T=32C
2023-09-15,13:22,71,4.100,,Run,,,,T=31C
2023-09-15,13:27,71,4.094,,Run,,,,T=31C
2023-09-15,13:32,70,4.090,,Run,,,,T=30C
2023-09-15,13:37,70,4.082,,Run,,,,T=29C
2023-09-18,12:56,,,,Run,48:47,HRM+Stryd+Tempe,All-systems Multiband,
2023-09-18,13:00,55,3.920,,Run,,,,T=33C
2023-09-18,13:05,55,3.919,,Run,,,,T=32C
2023-09-18,13:10,54,3.915,,Run,,,,T=32C
2023-09-18,13:15,54,3.912,,Run,,,,T=32C
2023-09-18,13:20,53,3.911,,Run,,,,T=32C
2023-09-18,13:25,53,3.911,,Run,,,,T=34C
2023-09-18,13:30,52,3.903,,Run,,,,T=34C
2023-09-18,13:35,52,3.900,,Run,,,,T=33C
2023-09-18,13:40,52,3.899,,Run,,,,T=33C
2023-09-18,13:45,51,3.895,,Run,,,,T=34C
2023-09-19,13:06,,,,Pool Swim,25:12,Tempe,Off,
2023-09-19,13:10,44,3.855,,Pool Swim,,,,T=30C
2023-09-19,13:15,44,3.856,,Pool Swim,,,,T=31C
2023-09-19,13:20,44,3.853,,Pool Swim,,,,T=31C
2023-09-19,13:25,44,3.852,,Pool Swim,,,,T=31C
2023-09-19,13:30,44,3.848,,Pool Swim,,,,T=30C
2023-09-21,07:55,,,,Run,4:21:22,HRM+Tempe,All-systems Multiband,
2023-09-21,07:59,87,4.290,,Run,,,,T=29C
2023-09-21,08:04,87,4.284,,Run,,,,T=28C
2023-09-21,08:09,86,4.281,,Run,,,,T=29C
2023-09-21,08:14,86,4.278,,Run,,,,T=31C
2023-09-21,08:19,86,4.273,,Run,,,,T=30C
2023-09-21,08:24,85,4.271,,Run,,,,T=29C
2023-09-21,08:29,85,4.262,,Run,,,,T=29C
2023-09-21,08:34,85,4.261,,Run,,,,T=29C
2023-09-21,08:39,84,4.254,,Run,,,,T=29C
2023-09-21,08:44,84,4.251,,Run,,,,T=30C
2023-09-21,08:49,83,4.245,,Run,,,,T=31C
2023-09-21,08:54,83,4.243,,Run,,,,T=31C
2023-09-21,08:59,83,4.235,,Run,,,,T=31C
2023-09-21,09:09,82,4.231,,Run,,,,T=31C
2023-09-21,09:14,82,4.224,,Run,,,,T=30C
2023-09-21,09:19,81,4.218,,Run,,,,T=31C
2023-09-21,09:24,81,4.217,,Run,,,,T=31C
2023-09-21,09:29,80,4.213,,Run,,,,T=31C
2023-09-21,09:34,80,4.208,,Run,,,,T=32C
2023-09-21,09:39,80,4.203,,Run,,,,T=32C
2023-09-21,09:44,79,4.200,,Run,,,,T=32C
2023-09-21,09:49,79,4.195,,Run,,,,T=32C
2023-09-21,09:54,79,4.192,,Run,,,,T=34C
2023-09-21,09:59,78,4.188,,Run,,,,T=34C
2023-09-21,10:09,78,4.180,,Run,,,,T=32C
2023-09-21,10:14,77,4.175,,Run,,,,T=33C
2023-09-21,10:19,77,4.169,,Run,,,,T=32C
2023-09-21,10:24,76,4.165,,Run,,,,T=32C
2023-09-21,10:29,76,4.161,,Run,,,,T=33C
2023-09-21,10:34,76,4.158,,Run,,,,T=33C
2023-09-21,10:39,75,4.155,,Run,,,,T=34C
2023-09-21,10:44,75,4.148,,Run,,,,T=33C
2023-09-21,10:49,75,4.145,,Run,,,,T=34C
2023-09-21,10:54,74,4.139,,Run,,,,T=34C
2023-09-21,10:59,74,4.135,,Run,,,,T=33C
2023-09-21,11:04,73,4.131,,Run,,,,T=31C
2023-09-21,11:09,73,4.123,,Run,,,,T=31C
2023-09-21,11:14,73,4.121,,Run,,,,T=31C
2023-09-21,11:19,72,4.117,,Run,,,,T=31C
2023-09-21,11:24,72,4.115,,Run,,,,T=31C
2023-09-21,11:34,71,4.105,,Run,,,,T=31C
2023-09-21,11:39,71,4.101,,Run,,,,T=31C
2023-09-21,11:44,71,4.093,,Run,,,,T=31C
2023-09-21,11:49,70,4.093,,Run,,,,T=32C
2023-09-21,11:54,70,4.088,,Run,,,,T=33C
2023-09-21,11:59,69,4.084,,Run,,,,T=33C
2023-09-21,12:04,69,4.082,,Run,,,,T=34C
2023-09-21,12:09,69,4.076,,Run,,,,T=36C
2023-09-21,12:14,68,4.072,,Run,,,,T=35C
2023-09-22,13:04,,,,Pool Swim,27:01,HRM Pro,Off,
2023-09-22,13:09,59,3.965,,Pool Swim,,,,T=32C
2023-09-22,13:14,59,3.966,,Pool Swim,,,,T=32C
2023-09-22,13:19,58,3.965,,Pool Swim,,,,T=32C
2023-09-22,13:24,58,3.958,,Pool Swim,,,,T=32C
2023-09-22,13:29,58,3.959,,Pool Swim,,,,T=32C
2023-09-25,13:00,,,,Run,28:24,HRM+Stryd+Tempe,All-systems Multiband,
2023-09-25,13:04,38,3.806,,Run,,,,T=33C
2023-09-25,13:09,37,3.800,,Run,,,,T=33C
2023-09-25,13:14,37,3.798,,Run,,,,T=32C
2023-09-25,13:19,36,3.798,,Run,,,,T=32C
2023-09-25,13:24,36,3.790,,Run,,,,T=33C
2023-09-25,13:29,35,3.786,,Run,,,,T=33C
2023-09-25,13:34,35,3.786,,Run,,,,T=32C
2023-09-26,13:06,,,,Pool Swim,23:42,Tempe,Off,
2023-09-26,13:09,25,3.751,,Pool Swim,,,,T=31C
2023-09-26,13:14,25,3.743,,Pool Swim,,,,T=31C
2023-09-26,13:19,24,3.747,,Pool Swim,,,,T=31C
2023-09-26,13:24,24,3.746,,Pool Swim,,,,T=31C
2023-09-26,13:29,24,3.738,,Pool Swim,,,,T=31C
2023-09-27,13:06,45,3.857,,Pool Swim,25:24,HRM Pro+Tempe,Off,T=32C
2023-09-27,13:07,45,3.857,,Pool Swim,,,,T=32C
2023-09-27,13:12,45,3.851,,Pool Swim,,,,T=32C
2023-09-27,13:17,44,3.853,,Pool Swim,,,,T=31C
2023-09-27,13:22,44,3.855,,Pool Swim,,,,T=32C
2023-09-27,13:27,44,3.846,,Pool Swim,,,,T=32C
2023-09-28,12:57,35,3.789,,Run,39:48,HRM+Stryd+Tempe,All-systems Multiband,T=30C
2023-09-28,13:02,35,3.795,,Run,,,,T=34C
2023-09-28,13:07,34,3.786,,Run,,,,T=33C
2023-09-28,13:17,34,3.783,,Run,,,,T=34C
2023-09-28,13:22,33,3.780,,Run,,,,T=34C
2023-09-28,13:27,33,3.772,,Run,,,,T=33C
2023-09-28,13:32,32,3.767,,Run,,,,T=33C
2023-09-28,13:37,32,3.768,,Run,,,,T=33C
2023-09-29,12:58,,,,Run,46:09,HRM+Stryd+Tempe,All-systems Multiband,
2023-09-29,13:02,21,3.729,,Run,,,,T=32C
2023-09-29,13:07,21,3.723,,Run,,,,T=32C
2023-09-29,13:12,20,3.720,,Run,,,,T=32C
2023-09-29,13:17,20,3.718,,Run,,,,T=33C
2023-09-29,13:22,19,3.712,,Run,,,,T=32C
2023-09-29,13:27,19,3.711,,Run,,,,T=35C
2023-09-29,13:32,18,3.703,,Run,,,,T=33C
2023-09-29,13:37,18,3.698,,Run,,,,T=34C
2023-09-29,13:42,17,3.701,,Run,,,,T=35C
2023-10-03,12:57,,,,Run,37:03,HRM+Stryd+Tempe,All-systems Multiband,
2023-10-03,13:02,76,4.165,,Run,,,,T=31C
2023-10-03,13:07,76,4.158,,Run,,,,T=32C
2023-10-03,13:12,75,4.154,,Run,,,,T=33C
2023-10-03,13:17,75,4.154,,Run,,,,T=33C
2023-10-03,13:22,74,4.147,,Run,,,,T=34C
2023-10-03,13:27,74,4.139,,Run,,,,T=35C
2023-10-03,13:32,74,4.135,,Run,,,,T=35C
2023-10-05,12:58,,,,Run,29:17,HRM+Stryd+Tempe,All-systems Multiband,
2023-10-05,13:02,54,3.925,,Run,,,,T=32C
2023-10-05,13:12,53,3.916,,Run,,,,T=30C
2023-10-05,13:17,53,3.913,,Run,,,,T=31C
2023-10-05,13:22,53,3.908,,Run,,,,T=32C
2023-10-05,13:27,52,3.908,,Run,,,,T=32C
2023-10-06,13:06,45,3.857,,Pool Swim,26:22,HRM Pro+Tempe,Off,T=30C
2023-10-06,13:07,45,3.857,,Pool Swim,,,,T=30C
2023-10-06,13:12,45,3.858,,Pool Swim,,,,T=30C
2023-10-06,13:17,45,3.855,,Pool Swim,,,,T=30C
2023-10-06,13:22,44,3.856,,Pool Swim,,,,T=30C
2023-10-06,13:27,44,3.852,,Pool Swim,,,,T=30C
2023-10-06,13:32,44,3.851,,Pool Swim,,,,T=30C
2023-10-10,13:05,38,3.822,,Pool Swim,27:25,HRM Pro+Tempe,Off,T=28C
2023-10-10,13:10,38,3.827,,Pool Swim,,,,T=26C
2023-10-10,13:15,37,3.826,,Pool Swim,,,,T=26C
2023-10-10,13:20,37,3.800,,Pool Swim,,,,T=26C
2023-10-10,13:25,37,3.825,,Pool Swim,,,,T=25C
2023-10-10,13:30,37,3.822,,Pool Swim,,,,T=25C
2023-10-11,12:56,,,,Run,41:30,Stryd+Tempe,All-systems Multiband,
2023-10-11,12:59,50,3.897,,Run,,,,T=27C
2023-10-11,13:04,50,3.890,,Run,,,,T=27C
2023-10-11,13:09,49,3.888,,Run,,,,T=28C
2023-10-11,13:14,48,3.881,,Run,,,,T=27C
2023-10-11,13:19,48,3.871,,Run,,,,T=27C
2023-10-11,13:24,47,3.870,,Run,,,,T=27C
2023-10-11,13:29,47,3.868,,Run,,,,T=27C
2023-10-11,13:34,46,3.866,,Run,,,,T=27C
2023-10-11,13:39,46,3.863,,Run,,,,T=27C
2023-10-12,07:20,,,,Run,1:46:31,HRM+Stryd+Tempe,All-systems Multiband,
2023-10-12,07:24,40,3.826,,Run,,,,T=25C
2023-10-12,07:29,40,3.824,,Run,,,,T=25C
2023-10-12,07:34,40,3.823,,Run,,,,T=24C
2023-10-12,07:39,39,3.818,,Run,,,,T=24C
2023-10-12,07:44,39,3.816,,Run,,,,T=24C
2023-10-12,07:49,38,3.813,,Run,,,,T=24C
2023-10-12,07:54,38,3.811,,Run,,,,T=25C
2023-10-12,07:59,38,3.811,,Run,,,,T=25C
2023-10-12,08:04,37,3.810,,Run,,,,T=25C
2023-10-12,08:09,37,3.811,,Run,,,,T=27C
2023-10-12,08:14,36,3.802,,Run,,,,T=26C
2023-10-12,08:19,36,3.802,,Run,,,,T=25C
2023-10-12,08:24,35,3.799,,Run,,,,T=25C
2023-10-12,08:34,35,3.788,,Run,,,,T=25C
2023-10-12,08:39,34,3.790,,Run,,,,T=25C
2023-10-12,08:49,33,3.783,,Run,,,,T=25C
2023-10-12,08:54,33,3.781,,Run,,,,T=26C
2023-10-12,09:04,32,3.778,,Run,,,,T=26C
2023-10-12,12:59,30,3.765,,Run,47:26,Stryd+Tempe,All-systems Multiband,T=28C
2023-10-12,13:04,29,3.761,,Run,,,,T=29C
2023-10-12,13:09,29,3.755,,Run,,,,T=28C
2023-10-12,13:14,28,3.751,,Run,,,,T=27C
2023-10-12,13:19,28,3.746,,Run,,,,T=27C
2023-10-12,13:24,27,3.749,,Run,,,,T=28C
2023-10-12,13:29,27,3.730,,Run,,,,T=29C
2023-10-12,13:34,26,3.736,,Run,,,,T=28C
2023-10-12,13:39,25,3.735,,Run,,,,T=28C
2023-10-13,13:05,,,,Pool Swim,30:01,HRM Pro+Tempe,Off,
2023-10-13,13:12,71,4.120,,Pool Swim,,,,T=27C
2023-10-13,13:17,70,4.101,,Pool Swim,,,,T=27C
2023-10-13,13:22,70,4.115,,Pool Swim,,,,T=27C
2023-10-13,13:27,70,4.112,,Pool Swim,,,,T=27C
2023-10-13,13:32,70,4.111,,Pool Swim,,,,T=27C
2023-10-16,12:59,,,,Run,46:27,HRM+Stryd+Tempe,All-systems Multiband,
2023-10-16,13:03,47,3.863,,Run,,,,T=30C
2023-10-16,13:08,47,3.863,,Run,,,,T=30C
2023-10-16,13:13,46,3.861,,Run,,,,T=29C
2023-10-16,13:18,46,3.861,,Run,,,,T=29C
2023-10-16,13:23,46,3.856,,Run,,,,T=29C
2023-10-16,13:28,45,3.855,,Run,,,,T=31C
2023-10-16,13:33,45,3.853,,Run,,,,T=30C
2023-10-16,13:38,44,3.851,,Run,,,,T=30C
2023-10-16,13:43,44,3.845,,Run,,,,T=30C
2023-10-16,13:48,43,3.845,,Run,,,,T=30C
2023-10-17,12:58,,,,Run,54:48,Tempe,All-systems Multiband,
2023-10-17,13:03,34,3.780,,Run,,,,T=30C
2023-10-17,13:08,33,3.781,,Run,,,,T=29C
2023-10-17,13:13,33,3.775,,Run,,,,T=29C
2023-10-17,13:18,32,3.771,,Run,,,,T=29C
2023-10-17,13:23,31,3.770,,Run,,,,T=28C
2023-10-17,13:28,31,3.766,,Run,,,,T=28C
2023-10-17,13:33,30,3.764,,Run,,,,T=28C
2023-10-17,13:38,30,3.758,,Run,,,,T=28C
2023-10-17,13:43,29,3.755,,Run,,,,T=27C
2023-10-17,13:48,29,3.753,,Run,,,,T=28C
2023-10-17,13:53,28,3.750,,Run,,,,T=28C
2023-10-18,07:18,,,,Run,46:58,HRM+Stryd+Tempe,All-systems Multiband,
2023-10-18,07:23,66,4.060,,Run,,,,T=27C
2023-10-18,07:28,66,4.055,,Run,,,,T=27C
2023-10-18,07:33,65,4.047,,Run,,,,T=26C
2023-10-18,07:38,65,4.037,,Run,,,,T=25C
2023-10-18,07:43,65,4.031,,Run,,,,T=25C
2023-10-18,07:48,64,4.028,,Run,,,,T=26C
2023-10-18,07:53,64,4.020,,Run,,,,T=26C
2023-10-18,07:58,63,4.016,,Run,,,,T=26C
2023-10-18,08:03,63,4.007,,Run,,,,T=26C
2023-10-18,13:02,59,3.966,,Run,44:39,Tempe,All-systems Multiband,T=27C
2023-10-18,13:03,59,3.966,,Run,,,,T=27C
2023-10-18,13:13,58,3.951,,Run,,,,T=25C
2023-10-18,13:18,58,3.946,,Run,,,,T=24C
2023-10-18,13:23,57,3.936,,Run,,,,T=24C
2023-10-18,13:28,57,3.935,,Run,,,,T=25C
2023-10-18,13:33,56,3.933,,Run,,,,T=25C
2023-10-18,13:38,56,3.931,,Run,,,,T=25C
2023-10-18,13:43,55,3.925,,Run,,,,T=25C
2023-10-19,13:01,47,3.862,,Run,29:16,HRM+Stryd+Tempe,All-systems Multiband,T=27C
2023-10-19,13:03,47,3.862,,Run,,,,T=27C
2023-10-19,13:08,47,3.864,,Run,,,,T=26C
2023-10-19,13:18,46,3.859,,Run,,,,T=26C
2023-10-19,13:28,45,3.854,,Run,,,,T=25C
2023-10-19,13:33,45,3.848,,Run,,,,T=26C
2023-10-20,13:07,87,4.291,,Pool Swim,30:58,HRM Pro+Tempe,Off,T=27C
2023-10-20,13:08,87,4.291,,Pool Swim,,,,T=27C
2023-10-20,13:13,87,4.286,,Pool Swim,,,,T=26C
2023-10-20,13:18,86,4.284,,Pool Swim,,,,T=26C
2023-10-20,13:23,86,4.280,,Pool Swim,,,,T=26C
2023-10-20,13:28,86,4.273,,Pool Swim,,,,T=26C
2023-10-20,13:33,86,4.275,,Pool Swim,,,,T=26C
2023-10-24,13:06,57,3.955,,Pool Swim,24:43,HRM Pro+HRM+Stryd,Off,T=28C
2023-10-24,13:08,57,3.955,,Pool Swim,,,,T=28C
2023-10-24,13:13,57,3.951,,Pool Swim,,,,T=27C
2023-10-24,13:18,56,3.949,,Pool Swim,,,,T=27C
2023-10-24,13:23,56,3.946,,Pool Swim,,,,T=27C
2023-10-24,13:28,56,3.947,,Pool Swim,,,,T=27C
2023-10-25,13:01,,,,Run,23:25,,All-systems Multiband,
2023-10-25,13:05,78,4.182,,Run,,,,T=30C
2023-10-25,13:10,77,4.178,,Run,,,,T=29C
2023-10-25,13:15,76,4.171,,Run,,,,T=29C
2023-10-25,13:20,76,4.165,,Run,,,,T=29C
2023-10-25,13:25,75,4.158,,Run,,,,T=30C
2023-10-26,13:05,93,4.365,,Pool Swim,24:34,HRM Pro,Off,T=29C
2023-10-26,13:07,93,4.365,,Pool Swim,,,,T=29C
2023-10-26,13:12,93,4.363,,Pool Swim,,,,T=27C
2023-10-26,13:17,92,4.363,,Pool Swim,,,,T=27C
2023-10-26,13:22,92,4.359,,Pool Swim,,,,T=27C
2023-10-27,12:56,85,4.265,,Run,12:11,,All-systems Multiband,T=31C
2023-10-27,12:57,85,4.265,,Run,,,,T=31C
2023-10-27,13:02,84,4.260,,Run,,,,T=32C
2023-10-27,13:07,84,4.255,,Run,,,,T=33C
2023-10-29,09:00,,,,Run,3:49:03,Tempe,All-systems Multiband,
2023-10-29,09:02,68,4.060,,Run,,,,T=29C
2023-10-29,09:07,68,4.054,,Run,,,,T=27C
2023-10-29,09:12,67,4.046,,Run,,,,T=27C
2023-10-29,09:17,67,4.043,,Run,,,,T=27C
2023-10-29,09:22,66,4.041,,Run,,,,T=26C
2023-10-29,09:27,66,4.034,,Run,,,,T=25C
2023-10-29,09:32,65,4.028,,Run,,,,T=25C
2023-10-29,09:37,65,4.023,,Run,,,,T=25C
2023-10-29,09:42,64,4.015,,Run,,,,T=26C
2023-10-29,09:47,64,3.997,,Run,,,,T=27C
2023-10-29,09:52,63,3.991,,Run,,,,T=28C
2023-10-29,09:57,63,3.982,,Run,,,,T=27C
2023-10-29,10:02,62,3.983,,Run,,,,T=27C
2023-10-29,10:07,62,3.977,,Run,,,,T=26C
2023-10-29,10:12,61,3.969,,Run,,,,T=26C
2023-10-29,10:17,61,3.966,,Run,,,,T=27C
2023-10-29,10:22,60,3.960,,Run,,,,T=27C
2023-10-29,10:27,60,3.958,,Run,,,,T=29C
2023-10-29,10:32,59,3.953,,Run,,,,T=28C
2023-10-29,10:37,59,3.946,,Run,,,,T=28C
2023-10-29,10:42,58,3.937,,Run,,,,T=29C
2023-10-29,10:47,58,3.938,,Run,,,,T=30C
2023-10-29,10:52,57,3.932,,Run,,,,T=29C
2023-10-29,10:57,57,3.930,,Run,,,,T=30C
2023-10-29,11:02,56,3.928,,Run,,,,T=29C
2023-10-29,11:07,56,3.920,,Run,,,,T=28C
2023-10-29,11:12,55,3.920,,Run,,,,T=28C
2023-10-29,11:17,55,3.917,,Run,,,,T=27C
2023-10-29,11:22,54,3.918,,Run,,,,T=27C
2023-10-29,11:27,54,3.910,,Run,,,,T=28C
2023-10-29,11:32,54,3.911,,Run,,,,T=27C
2023-10-29,11:37,53,3.903,,Run,,,,T=26C
2023-10-29,11:42,53,3.905,,Run,,,,T=26C
2023-10-29,11:47,52,3.895,,Run,,,,T=26C
2023-10-29,11:52,52,3.894,,Run,,,,T=26C
2023-10-29,12:02,51,3.886,,Run,,,,T=26C
2023-10-29,12:07,51,3.884,,Run,,,,T=26C
2023-10-29,12:12,50,3.875,,Run,,,,T=26C
2023-10-29,12:17,50,3.875,,Run,,,,T=27C
2023-10-29,12:22,49,3.875,,Run,,,,T=28C
2023-10-29,12:27,49,3.874,,Run,,,,T=29C
2023-10-29,12:32,48,3.871,,Run,,,,T=29C
2023-10-29,12:37,48,3.866,,Run,,,,T=29C
2023-10-29,12:42,48,3.855,,Run,,,,T=29C
2023-10-29,12:47,47,3.860,,Run,,,,T=29C
2023-10-30,13:06,,,,Pool Swim,25:36,HRM Pro+Tempe,Off,
2023-10-30,13:10,39,3.824,,Pool Swim,,,,T=27C
2023-10-30,13:15,39,3.817,,Pool Swim,,,,T=27C
2023-10-30,13:20,39,3.825,,Pool Swim,,,,T=27C
2023-10-30,13:25,39,3.822,,Pool Swim,,,,T=28C
2023-10-31,13:07,86,4.286,,Pool Swim,24:03,HRM Pro+Tempe,Off,T=29C
2023-10-31,13:17,85,4.251,,Pool Swim,,,,T=28C
2023-10-31,13:22,85,4.278,,Pool Swim,,,,T=28C
2023-10-31,13:27,85,4.275,,Pool Swim,,,,T=28C
2023-11-01,13:04,,,,Run,13:07,Tempe,All-systems Multiband,
2023-11-01,13:08,78,4.180,,Run,,,,T=32C
2023-11-01,13:13,77,4.172,,Run,,,,T=31C
2023-11-01,13:18,77,4.162,,Run,,,,T=30C
2023-11-02,13:02,67,4.051,,Run,35:32,Tempe,All-systems Multiband,T=29C
2023-11-02,13:07,67,4.046,,Run,,,,T=30C
2023-11-02,13:12,66,4.037,,Run,,,,T=28C
2023-11-02,13:17,66,4.030,,Run,,,,T=28C
2023-11-02,13:22,65,4.025,,Run,,,,T=28C
2023-11-02,13:27,65,4.013,,Run,,,,T=28C
2023-11-02,13:32,64,4.003,,Run,,,,T=28C
2023-11-02,13:37,64,3.995,,Run,,,,T=29C
2023-11-03,12:59,86,4.275,,Run,39:46,Tempe,All-systems Multiband,T=32C
2023-11-03,13:00,86,4.275,,Run,,,,T=32C
2023-11-03,13:10,85,4.263,,Run,,,,T=32C
2023-11-03,13:15,84,4.253,,Run,,,,T=31C
2023-11-03,13:20,84,4.244,,Run,,,,T=30C
2023-11-03,13:25,83,4.242,,Run,,,,T=30C
2023-11-03,13:30,83,4.236,,Run,,,,T=31C
2023-11-03,13:35,82,4.232,,Run,,,,T=33C
2023-11-06,12:59,,,,Run,41:33,HRM+Tempe,All-systems Multiband,
2023-11-06,13:08,60,3.974,,Run,,,,T=30C
2023-11-06,13:13,60,3.964,,Run,,,,T=29C
2023-11-06,13:18,60,3.965,,Run,,,,T=30C
2023-11-06,13:23,59,3.962,,Run,,,,T=30C
2023-11-06,13:28,59,3.959,,Run,,,,T=30C
2023-11-06,13:33,58,3.955,,Run,,,,T=31C
2023-11-06,13:38,58,3.950,,Run,,,,T=32C
2023-11-06,13:43,58,3.940,,Run,,,,T=32C
2023-11-07,12:59,,,,Run,26:34,HRM+Stryd+Tempe,All-systems Multiband,
2023-11-07,13:03,50,3.881,,Run,,,,T=28C
2023-11-07,13:08,50,3.878,,Run,,,,T=27C
2023-11-07,13:16,49,3.872,,Run,,,,T=26C
2023-11-07,13:26,48,3.864,,Run,,,,T=27C
2023-11-07,13:31,48,3.864,,Run,,,,T=26C
2023-11-08,13:00,40,3.817,,Run,46:42,Stryd+Tempe,All-systems Multiband,T=28C
2023-11-08,13:01,40,3.817,,Run,,,,T=28C
2023-11-08,13:06,39,3.811,,Run,,,,T=28C
2023-11-08,13:11,39,3.808,,Run,,,,T=27C
2023-11-08,13:16,38,3.806,,Run,,,,T=27C
2023-11-08,13:21,38,3.800,,Run,,,,T=27C
2023-11-08,13:31,37,3.796,,Run,,,,T=28C
2023-11-08,13:36,36,3.794,,Run,,,,T=28C
2023-11-08,13:41,36,3.788,,Run,,,,T=28C
2023-11-08,13:46,35,3.783,,Run,,,,T=27C
2023-11-08,13:51,35,3.782,,Run,,,,T=28C
2023-11-09,07:18,,,,Run,1:32:31,HRM+Stryd+Tempe,All-systems Multiband,
2023-11-09,07:22,86,4.271,,Run,,,,T=28C
2023-11-09,07:27,85,4.266,,Run,,,,T=27C
2023-11-09,07:32,85,4.261,,Run,,,,T=26C
2023-11-09,07:37,85,4.258,,Run,,,,T=26C
2023-11-09,07:42,84,4.253,,Run,,,,T=25C
2023-11-09,07:52,83,4.241,,Run,,,,T=26C
2023-11-09,07:57,83,4.241,,Run,,,,T=26C
2023-11-09,08:02,83,4.238,,Run,,,,T=26C
2023-11-09,08:07,82,4.228,,Run,,,,T=27C
2023-11-09,08:17,81,4.220,,Run,,,,T=26C
2023-11-09,08:22,81,4.217,,Run,,,,T=27C
2023-11-09,08:32,80,4.201,,Run,,,,T=27C
2023-11-09,08:37,80,4.196,,Run,,,,T=27C
2023-11-09,08:42,79,4.198,,Run,,,,T=27C
2023-11-09,08:47,79,4.192,,Run,,,,T=27C
2023-11-09,12:58,,,,Run,38:41,Tempe,All-systems Multiband,
2023-11-09,13:02,77,4.167,,Run,,,,T=27C
2023-11-09,13:07,76,4.161,,Run,,,,T=27C
2023-11-09,13:15,76,4.151,,Run,,,,T=26C
2023-11-09,13:25,75,4.147,,Run,,,,T=27C
2023-11-09,13:30,74,4.141,,Run,,,,T=27C
2023-11-09,13:35,74,4.127,,Run,,,,T=27C
2023-11-13,12:56,,,,Run,41:01,HRM+Stryd Power+Stryd,All-systems Multiband,
2023-11-13,13:00,93,4.347,,Run,,,,T=27C
2023-11-13,13:05,93,4.341,,Run,,,,T=27C
2023-11-13,13:10,92,4.341,,Run,,,,T=26C
2023-11-13,13:15,92,4.336,,Run,,,,T=25C
2023-11-13,13:20,91,4.326,,Run,,,,T=26C
2023-11-13,13:25,91,4.320,,Run,,,,T=26C
2023-11-13,13:30,91,4.316,,Run,,,,T=25C
2023-11-13,13:35,90,4.308,,Run,,,,T=25C
2023-11-14,13:00,80,4.193,,Run,42:55,HRM+Stryd Power+Stryd,All-systems Multiband,T=28C
2023-11-14,13:05,79,4.185,,Run,,,,T=27C
2023-11-14,13:10,79,4.179,,Run,,,,T=26C
2023-11-14,13:15,78,4.172,,Run,,,,T=25C
2023-11-14,13:20,78,4.165,,Run,,,,T=24C
2023-11-14,13:25,77,4.165,,Run,,,,T=26C
2023-11-14,13:30,77,4.159,,Run,,,,T=25C
2023-11-14,13:35,76,4.153,,Run,,,,T=25C
2023-11-15,13:01,,,,Run,30:55,HRM+Stryd Power+Stryd,All-systems Multiband,
2023-11-15,13:05,67,4.045,,Run,,,,T=29C
2023-11-15,13:10,67,4.043,,Run,,,,T=29C
2023-11-15,13:15,66,4.036,,Run,,,,T=27C
2023-11-15,13:20,66,4.028,,Run,,,,T=26C
2023-11-15,13:25,65,4.020,,Run,,,,T=26C
2023-11-15,13:30,65,4.008,,Run,,,,T=26C
2023-11-16,07:07,54,3.905,,Run,42:30,HRM+Stryd Power+Stryd,All-systems Multiband,T=26C
2023-11-16,07:12,54,3.898,,Run,,,,T=25C
2023-11-16,07:17,53,3.888,,Run,,,,T=25C
2023-11-16,07:22,52,3.890,,Run,,,,T=24C
2023-11-16,07:32,51,3.870,,Run,,,,T=24C
2023-11-16,07:37,51,3.866,,Run,,,,T=23C
2023-11-16,07:42,50,3.870,,Run,,,,T=23C
2023-11-16,07:47,49,3.863,,Run,,,,T=23C
2023-11-16,13:00,,,,Run,41:30,HRM+Stryd Power+Stryd,All-systems Multiband,
2023-11-16,13:02,47,3.851,,Run,,,,T=26C
2023-11-16,13:07,46,3.844,,Run,,,,T=25C
2023-11-16,13:12,46,3.841,,Run,,,,T=24C
2023-11-16,13:17,45,3.836,,Run,,,,T=24C
2023-11-16,13:22,45,3.831,,Run,,,,T=23C
2023-11-16,13:27,44,3.827,,Run,,,,T=23C
2023-11-16,13:32,44,3.823,,Run,,,,T=23C
2023-11-16,13:37,43,3.818,,Run,,,,T=23C
2023-11-17,12:58,77,4.147,,Run,30:21,HRM+Power+Stryd+Stryd Power,All-systems Multiband,T=29C
2023-11-17,13:00,77,4.147,,Run,,,,T=29C
2023-11-17,13:05,76,4.137,,Run,,,,T=27C
2023-11-17,13:10,76,4.144,,Run,,,,T=26C
2023-11-17,13:15,75,4.134,,Run,,,,T=26C
2023-11-17,13:20,75,4.128,,Run,,,,T=25C
2023-11-17,13:25,74,4.110,,Run,,,,T=25C
2023-11-20,12:58,,,,Run,48:38,HRM+Stryd Power+Stryd,All-systems Multiband,
2023-11-20,13:03,98,4.380,,Run,,,,T=28C
2023-11-20,13:08,98,4.371,,Run,,,,T=27C
2023-11-20,13:13,97,4.375,,Run,,,,T=27C
2023-11-20,13:18,97,4.369,,Run,,,,T=27C
2023-11-20,13:23,96,4.365,,Run,,,,T=28C
2023-11-20,13:33,96,4.355,,Run,,,,T=30C
2023-11-20,13:38,95,4.350,,Run,,,,T=29C
2023-11-20,13:48,94,4.340,,Run,,,,T=29C
2023-11-21,07:09,,,,Run,1:46:33,Power+Stryd+Stryd Power,All-systems Multiband,
2023-11-21,07:13,87,4.266,,Run,,,,T=23C
2023-11-21,07:18,86,4.260,,Run,,,,T=22C
2023-11-21,07:23,86,4.256,,Run,,,,T=21C
2023-11-21,07:28,85,4.251,,Run,,,,T=21C
2023-11-21,07:33,85,4.243,,Run,,,,T=21C
2023-11-21,07:38,85,4.237,,Run,,,,T=22C
2023-11-21,07:43,84,4.240,,Run,,,,T=23C
2023-11-21,07:48,84,4.238,,Run,,,,T=24C
2023-11-21,07:53,84,4.229,,Run,,,,T=23C
2023-11-21,08:03,83,4.221,,Run,,,,T=23C
2023-11-21,08:13,82,4.203,,Run,,,,T=23C
2023-11-21,08:18,82,4.209,,Run,,,,T=23C
2023-11-21,08:23,81,4.196,,Run,,,,T=23C
2023-11-21,08:28,81,4.197,,Run,,,,T=23C
2023-11-21,08:33,80,4.193,,Run,,,,T=23C
2023-11-21,08:38,80,4.184,,Run,,,,T=23C
2023-11-21,08:48,79,4.172,,Run,,,,T=23C
2023-11-21,08:53,79,4.179,,Run,,,,T=24C
2023-11-21,08:58,78,4.168,,Run,,,,T=24C
2023-11-21,12:52,77,4.150,,Run,41:57,HRM+Power+Stryd+Stryd Power,All-systems Multiband,T=30C
2023-11-21,12:53,77,4.150,,Run,,,,T=30C
2023-11-21,12:58,76,4.140,,Run,,,,T=27C
2023-11-21,13:03,76,4.138,,Run,,,,T=27C
2023-11-21,13:08,75,4.132,,Run,,,,T=27C
2023-11-21,13:13,75,4.126,,Run,,,,T=26C
2023-11-21,13:18,74,4.129,,Run,,,,T=31C
2023-11-21,13:23,74,4.115,,Run,,,,T=29C
2023-11-21,13:28,73,4.111,,Run,,,,T=29C
2023-11-21,13:33,73,4.103,,Run,,,,T=28C
2023-11-23,12:59,,,,Run,35:18,HRM+Stryd,All-systems Multiband,
2023-11-23,13:03,56,3.918,,Run,,,,T=30C
2023-11-23,13:08,55,3.908,,Run,,,,T=29C
2023-11-23,13:13,54,3.902,,Run,,,,T=27C
2023-11-23,13:18,54,3.897,,Run,,,,T=27C
2023-11-23,13:23,53,3.890,,Run,,,,T=27C
2023-11-23,13:28,53,3.890,,Run,,,,T=27C
2023-11-23,13:33,52,3.881,,Run,,,,T=28C
2023-11-24,12:59,,,,Run,45:17,HRM+Stryd Power+Stryd,All-systems Multiband,
2023-11-24,13:02,43,3.828,,Run,,,,T=30C
2023-11-24,13:07,42,3.825,,Run,,,,T=28C
2023-11-24,13:12,42,3.820,,Run,,,,T=27C
2023-11-24,13:17,41,3.815,,Run,,,,T=27C
2023-11-24,13:22,41,3.811,,Run,,,,T=26C
2023-11-24,13:27,40,3.808,,Run,,,,T=26C
2023-11-24,13:32,39,3.805,,Run,,,,T=26C
2023-11-24,13:37,39,3.801,,Run,,,,T=26C
2023-11-24,13:42,38,3.800,,Run,,,,T=26C
2023-11-27,07:21,80,4.177,,Run,20:19,HRM+Stryd,All-systems Multiband,T=24C
2023-11-27,07:26,79,4.163,,Run,,,,T=22C
2023-11-27,07:31,78,4.153,,Run,,,,T=22C
2023-11-27,07:36,78,4.146,,Run,,,,T=21C
2023-11-27,07:41,77,4.135,,Run,,,,T=21C
2023-11-27,12:55,75,4.127,,Run,54:33,HRM+Stryd Power+Stryd,All-systems Multiband,T=31C
2023-11-27,12:56,75,4.127,,Run,,,,T=31C
2023-11-27,13:01,74,4.121,,Run,,,,T=29C
2023-11-27,13:06,74,4.113,,Run,,,,T=28C
2023-11-27,13:11,73,4.107,,Run,,,,T=28C
2023-11-27,13:16,73,4.104,,Run,,,,T=28C
2023-11-27,13:21,72,4.096,,Run,,,,T=27C
2023-11-27,13:26,72,4.097,,Run,,,,T=29C
2023-11-27,13:31,71,4.092,,Run,,,,T=31C
2023-11-27,13:36,71,4.089,,Run,,,,T=29C
2023-11-27,13:41,70,4.077,,Run,,,,T=28C
2023-11-27,13:46,70,4.075,,Run,,,,T=28C
2023-11-28,07:08,,,,Run,2:33:44,HRM+Power+Stryd+Stryd Power,All-systems Multiband,
2023-11-28,07:11,63,3.980,,Run,,,,T=23C
2023-11-28,07:16,63,3.973,,Run,,,,T=21C
2023-11-28,07:21,62,3.963,,Run,,,,T=21C
2023-11-28,07:26,62,3.958,,Run,,,,T=21C
2023-11-28,07:31,61,3.950,,Run,,,,T=21C
2023-11-28,07:36,61,3.947,,Run,,,,T=21C
2023-11-28,07:41,60,3.942,,Run,,,,T=21C
2023-11-28,07:46,60,3.940,,Run,,,,T=21C
2023-11-28,07:51,59,3.938,,Run,,,,T=22C
2023-11-28,07:56,59,3.926,,Run,,,,T=23C
2023-11-28,08:01,58,3.928,,Run,,,,T=22C
2023-11-28,08:06,58,3.926,,Run,,,,T=21C
2023-11-28,08:11,57,3.923,,Run,,,,T=21C
2023-11-28,08:16,57,3.920,,Run,,,,T=21C
2023-11-28,08:21,56,3.912,,Run,,,,T=21C
2023-11-28,08:26,56,3.906,,Run,,,,T=22C
2023-11-28,08:31,55,3.908,,Run,,,,T=22C
2023-11-28,08:36,55,3.908,,Run,,,,T=22C
2023-11-28,08:41,54,3.897,,Run,,,,T=22C
2023-11-28,08:46,54,3.900,,Run,,,,T=22C
2023-11-28,08:51,53,3.887,,Run,,,,T=22C
2023-11-28,08:56,53,3.889,,Run,,,,T=22C
2023-11-28,09:01,52,3.883,,Run,,,,T=22C
2023-11-28,09:06,52,3.882,,Run,,,,T=22C
2023-11-28,09:11,51,3.873,,Run,,,,T=23C
2023-11-28,09:16,51,3.873,,Run,,,,T=23C
2023-11-28,09:21,50,3.865,,Run,,,,T=23C
2023-11-28,09:26,50,3.866,,Run,,,,T=23C
2023-11-28,09:31,49,3.861,,Run,,,,T=23C
2023-11-28,09:36,49,3.856,,Run,,,,T=23C
2023-11-28,09:41,48,3.858,,Run,,,,T=23C
2023-11-29,13:01,,,,Run,42:05,HRM+Stryd Power+Stryd,All-systems Multiband,
2023-11-29,13:08,70,4.080,,Run,,,,T=26C
2023-11-29,13:13,70,4.075,,Run,,,,T=26C
2023-11-29,13:18,69,4.061,,Run,,,,T=25C
2023-11-29,13:23,69,4.062,,Run,,,,T=25C
2023-11-29,13:28,68,4.048,,Run,,,,T=25C
2023-11-29,13:33,68,4.042,,Run,,,,T=25C
2023-11-29,13:38,67,4.025,,Run,,,,T=25C
2023-11-29,13:43,67,4.030,,Run,,,,T=25C
2023-11-30,12:58,,,,Run,47:28,HRM+Stryd Power+Stryd,All-systems Multiband,
2023-11-30,13:03,57,3.943,,Run,,,,T=27C
2023-11-30,13:08,57,3.941,,Run,,,,T=26C
2023-11-30,13:13,57,3.937,,Run,,,,T=26C
2023-11-30,13:18,57,3.925,,Run,,,,T=27C
2023-11-30,13:23,56,3.921,,Run,,,,T=27C
2023-11-30,13:28,56,3.917,,Run,,,,T=28C
2023-11-30,13:33,55,3.913,,Run,,,,T=27C
2023-11-30,13:38,55,3.908,,Run,,,,T=27C
2023-11-30,13:43,54,3.907,,Run,,,,T=27C
2023-12-01,07:13,93,4.327,,Run,31:19,Power+Stryd+Stryd Power,All-systems Multiband,T=27C
2023-12-01,07:15,93,4.327,,Run,,,,T=27C
2023-12-01,07:20,92,4.321,,Run,,,,T=24C
2023-12-01,07:25,92,4.311,,Run,,,,T=23C
2023-12-01,07:35,90,4.296,,Run,,,,T=22C
2023-12-01,07:40,90,4.288,,Run,,,,T=22C
2023-12-04,07:17,51,3.871,,Run,24:20,HRM+Stryd Power+Stryd+Tempe,All-systems Multiband,T=25C
2023-12-04,07:18,51,3.871,,Run,,,,T=25C
2023-12-04,07:23,51,3.872,,Run,,,,T=24C
2023-12-04,07:28,50,3.865,,Run,,,,T=23C
2023-12-04,07:33,50,3.861,,Run,,,,T=22C
2023-12-04,07:38,49,3.856,,Run,,,,T=22C
2023-12-04,12:57,,,,Run,43:41,HRM+Power+Stryd+Tempe+Stryd Power,All-systems Multiband,
2023-12-04,13:00,90,4.299,,Run,,,,T=29C
2023-12-04,13:05,90,4.295,,Run,,,,T=28C
2023-12-04,13:10,89,4.286,,Run,,,,T=28C
2023-12-04,13:15,89,4.283,,Run,,,,T=27C
2023-12-04,13:20,88,4.279,,Run,,,,T=27C
2023-12-04,13:25,88,4.275,,Run,,,,T=27C
2023-12-04,13:30,87,4.269,,Run,,,,T=28C
2023-12-04,13:35,87,4.261,,Run,,,,T=29C
2023-12-04,13:40,86,4.257,,Run,,,,T=28C
2023-12-05,07:18,80,4.181,,Run,2:02:27,HRM+Power+Stryd+Tempe+Stryd Power,All-systems Multiband,T=24C
2023-12-05,07:20,80,4.181,,Run,,,,T=24C
2023-12-05,07:25,80,4.188,,Run,,,,T=23C
2023-12-05,07:30,79,4.175,,Run,,,,T=22C
2023-12-05,07:35,79,4.173,,Run,,,,T=22C
2023-12-05,07:40,78,4.168,,Run,,,,T=22C
2023-12-05,07:45,78,4.161,,Run,,,,T=22C
2023-12-05,07:50,78,4.158,,Run,,,,T=22C
2023-12-05,07:55,77,4.150,,Run,,,,T=22C
2023-12-05,08:00,77,4.138,,Run,,,,T=22C
2023-12-05,08:05,76,4.134,,Run,,,,T=23C
2023-12-05,08:15,75,4.124,,Run,,,,T=22C
2023-12-05,08:20,75,4.113,,Run,,,,T=21C
2023-12-05,08:25,74,4.113,,Run,,,,T=22C
2023-12-05,08:30,74,4.110,,Run,,,,T=22C
2023-12-05,08:40,73,4.101,,Run,,,,T=21C
2023-12-05,08:45,72,4.096,,Run,,,,T=21C
2023-12-05,08:55,71,4.077,,Run,,,,T=22C
2023-12-05,09:00,71,4.074,,Run,,,,T=22C
2023-12-05,09:05,70,4.075,,Run,,,,T=22C
2023-12-05,09:10,70,4.063,,Run,,,,T=22C
2023-12-05,09:15,69,4.066,,Run,,,,T=22C
2023-12-05,09:20,69,4.058,,Run,,,,T=22C
2023-12-05,12:56,,,,Run,43:00,Power+Stryd+Tempe+Stryd Power,All-systems Multiband,
2023-12-05,12:58,100,4.390,,Run,,,,T=28C
2023-12-05,13:03,99,4.386,,Run,,,,T=27C
2023-12-05,13:08,99,4.381,,Run,,,,T=26C
2023-12-05,13:13,98,4.375,,Run,,,,T=25C
2023-12-05,13:18,98,4.376,,Run,,,,T=26C
2023-12-05,13:23,97,4.370,,Run,,,,T=27C
2023-12-05,13:28,97,4.366,,Run,,,,T=26C
2023-12-05,13:33,96,4.359,,Run,,,,T=27C
2023-12-05,13:38,96,4.360,,Run,,,,T=27C
2023-12-06,12:57,,,,Run,26:17,HRM+Stryd Power+Stryd+Tempe,All-systems Multiband,
2023-12-06,13:00,87,4.266,,Run,,,,T=25C
2023-12-06,13:05,86,4.263,,Run,,,,T=25C
2023-12-06,13:10,86,4.256,,Run,,,,T=24C
2023-12-06,13:20,85,4.245,,Run,,,,T=23C
2023-12-06,13:25,84,4.240,,Run,,,,T=24C
2023-12-07,07:15,79,4.163,,Run,28:10,HRM+Power+Stryd+Tempe+Stryd Power,All-systems Multiband,T=23C
2023-12-07,07:20,78,4.158,,Run,,,,T=20C
2023-12-07,07:25,78,4.151,,Run,,,,T=19C
2023-12-07,07:30,77,4.143,,Run,,,,T=19C
2023-12-07,07:35,77,4.125,,Run,,,,T=19C
2023-12-07,07:40,76,4.127,,Run,,,,T=19C
2023-12-07,07:45,76,4.115,,Run,,,,T=19C
2023-12-07,12:59,73,4.110,,Run,36:56,HRM+Stryd Power+Stryd+Tempe,All-systems Multiband,T=33C
2023-12-07,13:00,73,4.110,,Run,,,,T=33C
2023-12-07,13:05,73,4.105,,Run,,,,T=30C
2023-12-07,13:10,72,4.100,,Run,,,,T=27C
2023-12-07,13:15,72,4.091,,Run,,,,T=26C
2023-12-07,13:20,71,4.084,,Run,,,,T=26C
2023-12-07,13:25,71,4.081,,Run,,,,T=25C
2023-12-07,13:30,70,4.074,,Run,,,,T=26C
2023-12-07,13:35,70,4.066,,Run,,,,T=25C
2023-12-08,12:56,,,,Run,41:08,HRM+Power+Stryd+Tempe+Stryd Power,All-systems Multiband,
2023-12-08,13:00,58,3.943,,Run,,,,T=29C
2023-12-08,13:05,58,3.941,,Run,,,,T=27C
2023-12-08,13:10,57,3.937,,Run,,,,T=26C
2023-12-08,13:15,57,3.932,,Run,,,,T=26C
2023-12-08,13:25,56,3.923,,Run,,,,T=25C
2023-12-08,13:30,55,3.911,,Run,,,,T=25C
2023-12-08,13:35,55,3.913,,Run,,,,T=26C
2023-12-11,07:22,,,,Run,1:42:43,HRM+Stryd Power+Stryd+Tempe,All-systems Multiband,
2023-12-11,07:25,82,4.213,,Run,,,,T=27C
2023-12-11,07:30,81,4.211,,Run,,,,T=26C
2023-12-11,07:35,81,4.203,,Run,,,,T=25C
2023-12-11,07:40,81,4.196,,Run,,,,T=25C
2023-12-11,07:45,80,4.190,,Run,,,,T=24C
2023-12-11,07:50,80,4.183,,Run,,,,T=24C
2023-12-11,07:55,79,4.180,,Run,,,,T=24C
2023-12-11,08:00,79,4.172,,Run,,,,T=24C
2023-12-11,08:05,78,4.164,,Run,,,,T=24C
2023-12-11,08:10,78,4.161,,Run,,,,T=24C
2023-12-11,08:15,77,4.155,,Run,,,,T=24C
2023-12-11,08:20,77,4.151,,Run,,,,T=24C
2023-12-11,08:25,76,4.146,,Run,,,,T=24C
2023-12-11,08:30,76,4.141,,Run,,,,T=24C
2023-12-11,08:35,75,4.135,,Run,,,,T=25C
2023-12-11,08:40,75,4.131,,Run,,,,T=25C
2023-12-11,08:45,74,4.122,,Run,,,,T=25C
2023-12-11,08:50,74,4.121,,Run,,,,T=25C
2023-12-11,08:55,73,4.116,,Run,,,,T=25C
2023-12-11,09:00,73,4.111,,Run,,,,T=25C
2023-12-11,09:05,73,4.101,,Run,,,,T=26C
2023-12-11,13:00,,,,Run,46:23,HRM+Power+Stryd+Tempe+Stryd Power,All-systems Multiband,
2023-12-11,13:05,70,4.075,,Run,,,,T=29C
2023-12-11,13:10,69,4.074,,Run,,,,T=28C
2023-12-11,13:15,69,4.069,,Run,,,,T=29C
2023-12-11,13:20,68,4.060,,Run,,,,T=29C
2023-12-11,13:25,68,4.056,,Run,,,,T=31C
2023-12-11,13:30,67,4.048,,Run,,,,T=31C
2023-12-11,13:35,67,4.048,,Run,,,,T=30C
2023-12-11,13:40,66,4.038,,Run,,,,T=29C
2023-12-11,13:45,66,4.031,,Run,,,,T=29C
2023-12-12,12:58,89,4.299,,Run,37:53,HRM+Stryd Power+Stryd+Tempe,All-systems Multiband,T=30C
2023-12-12,13:03,88,4.297,,Run,,,,T=30C
2023-12-12,13:08,88,4.286,,Run,,,,T=29C
2023-12-12,13:13,87,4.280,,Run,,,,T=29C
2023-12-12,13:18,87,4.270,,Run,,,,T=29C
2023-12-12,13:23,86,4.265,,Run,,,,T=29C
2023-12-12,13:28,86,4.264,,Run,,,,T=29C
2023-12-12,13:33,85,4.258,,Run,,,,T=29C
2023-12-13,07:19,79,4.181,,Run,33:57,HRM+Stryd Power+Stryd+Tempe,All-systems Multiband,T=26C
2023-12-13,07:20,79,4.181,,Run,,,,T=26C
2023-12-13,07:25,79,4.172,,Run,,,,T=25C
2023-12-13,07:30,78,4.175,,Run,,,,T=24C
2023-12-13,07:35,78,4.168,,Run,,,,T=23C
2023-12-13,07:40,77,4.160,,Run,,,,T=23C
2023-12-13,07:45,77,4.153,,Run,,,,T=23C
2023-12-13,07:52,76,4.140,,Run,,,,T=23C
2023-12-13,12:53,,,,Run,48:23,HRM+Power+Stryd+Tempe+Stryd Power,All-systems Multiband,
2023-12-13,12:55,100,4.404,,Run,,,,T=27C
2023-12-13,13:00,99,4.390,,Run,,,,T=25C
2023-12-13,13:05,99,4.386,,Run,,,,T=25C
2023-12-13,13:10,98,4.386,,Run,,,,T=24C
2023-12-13,13:15,98,4.378,,Run,,,,T=24C
2023-12-13,13:20,98,4.378,,Run,,,,T=24C
2023-12-13,13:25,97,4.376,,Run,,,,T=24C
2023-12-13,13:30,97,4.367,,Run,,,,T=24C
2023-12-13,13:35,96,4.362,,Run,,,,T=24C
2023-12-14,12:59,88,4.270,,Run,43:25,HRM+Stryd Power+Stryd+Tempe,All-systems Multiband,T=28C
2023-12-14,13:00,88,4.270,,Run,,,,T=28C
2023-12-14,13:10,87,4.271,,Run,,,,T=27C
2023-12-14,13:15,86,4.269,,Run,,,,T=26C
2023-12-14,13:20,86,4.263,,Run,,,,T=26C
2023-12-14,13:25,86,4.258,,Run,,,,T=26C
2023-12-14,13:30,85,4.247,,Run,,,,T=26C
2023-12-14,13:35,85,4.240,,Run,,,,T=26C
2023-12-14,13:40,84,4.240,,Run,,,,T=26C
2023-12-15,07:18,,,,Run,23:19,HRM+Power+Stryd+Tempe+Stryd Power,All-systems Multiband,
2023-12-15,07:25,77,4.152,,Run,,,,T=25C
2023-12-15,07:30,76,4.145,,Run,,,,T=25C
2023-12-15,07:35,76,4.133,,Run,,,,T=25C
2023-12-15,07:40,75,4.128,,Run,,,,T=24C
2023-12-15,12:56,73,4.102,,Run,35:51,HRM+Stryd Power+Stryd+Tempe,All-systems Multiband,T=28C
2023-12-15,13:04,72,4.094,,Run,,,,T=29C
2023-12-15,13:09,72,4.088,,Run,,,,T=28C
2023-12-15,13:17,71,4.076,,Run,,,,T=27C
2023-12-15,13:22,70,4.011,,Run,,,,T=27C
2023-12-15,13:27,70,4.064,,Run,,,,T=27C
2023-12-15,13:32,69,4.052,,Run,,,,T=28C
2023-12-16,12:57,60,3.960,,Run,30:03,Stryd+Tempe+Stryd Power,All-systems Multiband,T=25C
2023-12-16,13:02,59,3.955,,Run,,,,T=25C
2023-12-16,13:10,59,3.948,,Run,,,,T=25C
2023-12-16,13:15,58,3.940,,Run,,,,T=24C
2023-12-16,13:20,58,3.936,,Run,,,,T=23C
2023-12-16,13:25,57,3.928,,Run,,,,T=23C
2023-12-16,13:30,57,3.927,,Run,,,,T=24C
2023-12-18,12:51,69,4.067,,Run,45:57,HRM+Power+Stryd+Tempe+Stryd Power,All-systems Multiband,T=26C
2023-12-18,12:52,69,4.067,,Run,,,,T=26C
2023-12-18,13:02,68,4.055,,Run,,,,T=21C
2023-12-18,13:07,67,4.045,,Run,,,,T=20C
2023-12-18,13:12,67,4.031,,Run,,,,T=20C
2023-12-18,13:17,66,4.027,,Run,,,,T=20C
2023-12-18,13:24,66,4.011,,Run,,,,T=20C
2023-12-18,13:29,65,3.995,,Run,,,,T=19C
2023-12-18,13:34,65,3.980,,Run,,,,T=20C
2023-12-18,13:40,64,3.974,,Run,,,,T=20C
2023-12-19,07:26,89,4.280,,Run,2:44:04,HRM+Power+Stryd+Tempe+Stryd Power,All-systems Multiband,T=23C
2023-12-19,07:28,89,4.280,,Run,,,,T=23C
2023-12-19,07:33,88,4.275,,Run,,,,T=20C
2023-12-19,07:38,88,4.261,,Run,,,,T=20C
2023-12-19,07:43,87,4.262,,Run,,,,T=19C
2023-12-19,07:48,87,4.252,,Run,,,,T=19C
2023-12-19,07:53,86,4.248,,Run,,,,T=19C
2023-12-19,07:58,86,4.243,,Run,,,,T=19C
2023-12-19,08:03,85,4.236,,Run,,,,T=19C
2023-12-19,08:08,85,4.230,,Run,,,,T=19C
2023-12-19,08:13,85,4.227,,Run,,,,T=18C
2023-12-19,08:18,84,4.228,,Run,,,,T=19C
2023-12-19,08:23,84,4.217,,Run,,,,T=19C
2023-12-19,08:28,83,4.213,,Run,,,,T=19C
2023-12-19,08:33,83,4.206,,Run,,,,T=19C
2023-12-19,08:38,82,4.198,,Run,,,,T=19C
2023-12-19,08:44,81,4.190,,Run,,,,T=19C
2023-12-19,08:49,81,4.184,,Run,,,,T=19C
2023-12-19,08:54,81,4.178,,Run,,,,T=18C
2023-12-19,08:59,80,4.174,,Run,,,,T=18C
2023-12-19,09:04,80,4.161,,Run,,,,T=19C
2023-12-19,09:09,79,4.162,,Run,,,,T=19C
2023-12-19,09:14,79,4.155,,Run,,,,T=19C
2023-12-19,09:19,78,4.151,,Run,,,,T=18C
2023-12-19,09:24,78,4.143,,Run,,,,T=18C
2023-12-19,09:29,77,4.135,,Run,,,,T=18C
2023-12-19,09:34,77,4.132,,Run,,,,T=18C
2023-12-19,09:39,76,4.129,,Run,,,,T=18C
2023-12-19,09:44,76,4.123,,Run,,,,T=18C
2023-12-19,09:49,75,4.126,,Run,,,,T=18C
2023-12-19,09:54,75,4.120,,Run,,,,T=18C
2023-12-19,09:59,74,4.114,,Run,,,,T=18C
2023-12-19,10:04,74,4.102,,Run,,,,T=18C
2023-12-19,10:10,73,4.024,,Run,,,,T=18C
2023-12-20,12:57,,,,Run,35:59,Stryd,All-systems Multiband,
2023-12-20,13:05,61,3.945,,Run,,,,T=22C
2023-12-20,13:10,60,3.934,,Run,,,,T=21C
2023-12-20,13:15,59,3.936,,Run,,,,T=21C
2023-12-20,13:25,58,3.915,,Run,,,,T=20C
2023-12-20,13:30,58,3.898,,Run,,,,T=20C
2023-12-21,07:29,,,,Run,21:47,Stryd Power+Stryd+Tempe,All-systems Multiband,
2023-12-21,07:31,86,4.247,,Run,,,,T=20C
2023-12-21,07:40,85,4.227,,Run,,,,T=16C
2023-12-21,07:45,85,4.229,,Run,,,,T=16C
2023-12-21,07:50,84,4.205,,Run,,,,T=15C
2023-12-21,12:59,79,4.171,,Run,41:09,Stryd Power+Stryd+Tempe,All-systems Multiband,T=25C
2023-12-21,13:00,79,4.171,,Run,,,,T=25C
2023-12-21,13:05,79,4.170,,Run,,,,T=20C
2023-12-21,13:10,78,4.159,,Run,,,,T=18C
2023-12-21,13:15,78,4.150,,Run,,,,T=18C
2023-12-21,13:20,77,4.075,,Run,,,,T=18C
2023-12-21,13:25,77,4.135,,Run,,,,T=17C
2023-12-21,13:30,76,4.132,,Run,,,,T=17C
2023-12-21,13:35,76,4.121,,Run,,,,T=16C
2023-12-21,13:40,75,4.117,,Run,,,,T=16C
2023-12-22,07:23,,,,Run,29:30,Stryd Power+Stryd+Tempe,All-systems Multiband,
2023-12-22,07:25,67,4.014,,Run,,,,T=21C
2023-12-22,07:30,66,4.005,,Run,,,,T=17C
2023-12-22,07:35,66,3.988,,Run,,,,T=16C
2023-12-22,07:40,65,3.978,,Run,,,,T=15C
2023-12-22,07:45,65,3.965,,Run,,,,T=14C
2023-12-22,07:50,64,3.953,,Run,,,,T=14C
2023-12-22,13:01,,,,Run,50:56,Stryd Power+Stryd+Tempe,All-systems Multiband,
2023-12-22,13:05,90,4.301,,Run,,,,T=20C
2023-12-22,13:10,90,4.286,,Run,,,,T=18C
2023-12-22,13:15,89,4.287,,Run,,,,T=17C
2023-12-22,13:25,88,4.274,,Run,,,,T=16C
2023-12-22,13:30,88,4.265,,Run,,,,T=15C
2023-12-22,13:35,87,4.259,,Run,,,,T=15C
2023-12-22,13:40,87,4.241,,Run,,,,T=15C
2023-12-22,13:45,86,4.245,,Run,,,,T=15C
2023-12-22,13:50,86,4.238,,Run,,,,T=15C
2023-12-25,05:48,61,3.965,,Run,34:28,Power+Stryd+Stryd Power,All-systems Multiband,T=25C
2023-12-25,05:49,61,3.965,,Run,,,,T=25C
2023-12-25,05:54,60,3.952,,Run,,,,T=21C
2023-12-25,05:59,60,3.943,,Run,,,,T=19C
2023-12-25,06:04,59,3.939,,Run,,,,T=18C
2023-12-25,06:09,59,3.929,,Run,,,,T=17C
2023-12-25,06:14,58,3.920,,Run,,,,T=17C
2023-12-25,06:19,58,3.915,,Run,,,,T=17C
2023-12-25,06:24,57,3.913,,Run,,,,T=17C
2023-12-28,07:26,,,,Run,19:23,Power+Stryd+Tempe+Stryd Power,All-systems Multiband,
2023-12-28,07:29,59,3.950,,Run,,,,T=23C
2023-12-28,07:34,59,3.937,,Run,,,,T=21C
2023-12-28,07:39,58,3.936,,Run,,,,T=21C
2023-12-28,07:44,58,3.925,,Run,,,,T=20C
2023-12-28,07:49,57,3.935,,Run,,,,T=24C
2023-12-28,12:56,,,,Run,49:05,HRM+Stryd+Tempe,All-systems Multiband,
2023-12-28,13:00,69,4.074,,Run,,,,T=26C
2023-12-28,13:05,69,4.065,,Run,,,,T=26C
2023-12-28,13:10,68,4.057,,Run,,,,T=26C
2023-12-28,13:15,67,4.050,,Run,,,,T=25C
2023-12-28,13:20,67,4.042,,Run,,,,T=26C
2023-12-28,13:25,66,4.039,,Run,,,,T=30C
2023-12-28,13:30,66,4.030,,Run,,,,T=30C
2023-12-28,13:35,65,4.020,,Run,,,,T=31C
2023-12-28,13:40,65,4.008,,Run,,,,T=31C
2023-12-28,13:45,64,3.995,,Run,,,,T=29C
2023-12-29,06:47,,,,Run,3:39:49,HRM+Stryd Power+Stryd+Tempe,All-systems Multiband,
2023-12-29,06:50,56,3.926,,Run,,,,T=24C
2023-12-29,06:55,56,3.917,,Run,,,,T=22C
2023-12-29,07:00,55,3.908,,Run,,,,T=22C
2023-12-29,07:05,55,3.907,,Run,,,,T=21C
2023-12-29,07:10,54,3.897,,Run,,,,T=21C
2023-12-29,07:15,54,3.894,,Run,,,,T=21C
2023-12-29,07:20,53,3.891,,Run,,,,T=21C
2023-12-29,07:25,53,3.891,,Run,,,,T=20C
2023-12-29,07:30,52,3.877,,Run,,,,T=20C
2023-12-29,07:35,52,3.877,,Run,,,,T=20C
2023-12-29,07:40,51,3.878,,Run,,,,T=20C
2023-12-29,07:50,50,3.870,,Run,,,,T=21C
2023-12-29,07:55,50,3.871,,Run,,,,T=21C
2023-12-29,08:00,49,3.855,,Run,,,,T=21C
2023-12-29,08:05,48,3.856,,Run,,,,T=21C
2023-12-29,08:10,48,3.860,,Run,,,,T=20C
2023-12-29,08:15,47,3.854,,Run,,,,T=21C
2023-12-29,08:23,47,3.850,,Run,,,,T=21C
2023-12-29,08:28,46,3.841,,Run,,,,T=20C
2023-12-29,08:33,46,3.844,,Run,,,,T=20C
2023-12-29,08:38,45,3.836,,Run,,,,T=20C
2023-12-29,08:43,44,3.835,,Run,,,,T=20C
2023-12-29,08:48,44,3.822,,Run,,,,T=20C
2023-12-29,08:53,43,3.825,,Run,,,,T=20C
2023-12-29,08:58,43,3.820,,Run,,,,T=20C
2023-12-29,09:03,42,3.820,,Run,,,,T=20C
2023-12-29,09:08,42,3.812,,Run,,,,T=21C
2023-12-29,09:13,41,3.811,,Run,,,,T=21C
2023-12-29,09:18,41,3.811,,Run,,,,T=21C
2023-12-29,09:23,40,3.811,,Run,,,,T=21C
2023-12-29,09:28,40,3.798,,Run,,,,T=21C
2023-12-29,09:33,39,3.805,,Run,,,,T=21C
2023-12-29,09:38,39,3.800,,Run,,,,T=21C
2023-12-29,09:46,38,3.792,,Run,,,,T=21C
2023-12-29,09:51,37,3.801,,Run,,,,T=22C
2023-12-29,09:56,37,3.798,,Run,,,,T=22C
2023-12-29,10:02,36,3.786,,Run,,,,T=21C
2023-12-29,10:07,36,3.790,,Run,,,,T=21C
2023-12-29,10:12,35,3.781,,Run,,,,T=21C
2023-12-29,10:22,34,3.778,,Run,,,,T=22C
2023-12-29,10:27,33,3.772,,Run,,,,T=22C
2024-01-02,07:32,,,,Run,18:53,Stryd Power+Stryd+Tempe,All-systems Multiband,
2024-01-02,07:37,78,4.168,,Run,,,,T=22C
2024-01-02,07:42,78,4.161,,Run,,,,T=22C
2024-01-02,07:48,77,4.148,,Run,,,,T=21C
2024-01-02,13:02,74,4.114,,Run,39:17,Stryd Power+Stryd+Tempe,All-systems Multiband,T=28C
2024-01-02,13:03,74,4.114,,Run,,,,T=28C
2024-01-02,13:08,73,4.115,,Run,,,,T=26C
2024-01-02,13:13,73,4.102,,Run,,,,T=25C
2024-01-02,13:18,72,4.095,,Run,,,,T=24C
2024-01-02,13:28,71,4.091,,Run,,,,T=23C
2024-01-02,13:33,71,4.079,,Run,,,,T=23C
2024-01-02,13:38,70,4.073,,Run,,,,T=22C
2024-01-03,13:01,61,3.970,,Run,47:16,Stryd Power+Stryd,All-systems Multiband,T=28C
2024-01-03,13:02,61,3.970,,Run,,,,T=28C
2024-01-03,13:07,61,3.966,,Run,,,,T=25C
2024-01-03,13:12,60,3.962,,Run,,,,T=25C
2024-01-03,13:17,60,3.955,,Run,,,,T=25C
2024-01-03,13:22,59,3.951,,Run,,,,T=25C
2024-01-03,13:27,59,3.948,,Run,,,,T=28C
2024-01-03,13:32,58,3.946,,Run,,,,T=28C
2024-01-03,13:37,58,3.940,,Run,,,,T=26C
2024-01-03,13:42,57,3.935,,Run,,,,T=26C
2024-01-03,13:47,57,3.928,,Run,,,,T=25C
2024-01-04,07:13,,,,Run,1:49:01,Stryd Power+Stryd,All-systems Multiband,
2024-01-04,07:16,92,4.312,,Run,,,,T=21C
2024-01-04,07:21,91,4.309,,Run,,,,T=19C
2024-01-04,07:26,91,4.290,,Run,,,,T=18C
2024-01-04,07:31,90,4.283,,Run,,,,T=18C
2024-01-04,07:36,89,4.271,,Run,,,,T=18C
2024-01-04,07:41,89,4.267,,Run,,,,T=18C
2024-01-04,07:46,88,4.265,,Run,,,,T=18C
2024-01-04,07:51,88,4.255,,Run,,,,T=18C
2024-01-04,07:56,87,4.255,,Run,,,,T=19C
2024-01-04,08:01,86,4.241,,Run,,,,T=19C
2024-01-04,08:06,86,4.243,,Run,,,,T=18C
2024-01-04,08:11,85,4.234,,Run,,,,T=18C
2024-01-04,08:16,85,4.228,,Run,,,,T=18C
2024-01-04,08:21,84,4.125,,Run,,,,T=18C
2024-01-04,08:26,83,4.215,,Run,,,,T=18C
2024-01-04,08:31,83,4.205,,Run,,,,T=18C
2024-01-04,08:37,82,4.185,,Run,,,,T=18C
2024-01-04,08:42,81,4.190,,Run,,,,T=18C
2024-01-04,08:47,81,4.177,,Run,,,,T=18C
2024-01-04,08:52,80,4.178,,Run,,,,T=18C
2024-01-04,08:57,80,4.158,,Run,,,,T=18C
2024-01-04,09:02,79,4.161,,Run,,,,T=18C
2024-01-04,12:57,77,4.142,,Run,24:16,Stryd Power+Stryd+Tempe,All-systems Multiband,T=28C
2024-01-04,13:02,76,4.151,,Run,,,,T=27C
2024-01-04,13:07,76,4.141,,Run,,,,T=26C
2024-01-04,13:12,75,4.135,,Run,,,,T=26C
2024-01-04,13:20,74,4.121,,Run,,,,T=24C
2024-01-05,07:21,,,,Run,22:27,Stryd,All-systems Multiband,
2024-01-05,07:25,61,3.951,,Run,,,,T=22C
2024-01-05,07:30,60,3.947,,Run,,,,T=21C
2024-01-05,07:35,60,3.936,,Run,,,,T=21C
2024-01-05,07:40,59,3.928,,Run,,,,T=20C
2024-01-05,12:54,54,3.898,,Run,46:24,HRM+Power+Stryd+Tempe+Stryd Power,All-systems Multiband,T=27C
2024-01-05,12:55,54,3.898,,Run,,,,T=27C
2024-01-05,13:00,53,3.896,,Run,,,,T=26C
2024-01-05,13:05,53,3.896,,Run,,,,T=25C
2024-01-05,13:10,52,3.883,,Run,,,,T=24C
2024-01-05,13:15,52,3.886,,Run,,,,T=24C
2024-01-05,13:20,51,3.881,,Run,,,,T=23C
2024-01-05,13:25,51,3.878,,Run,,,,T=23C
2024-01-05,13:30,50,3.871,,Run,,,,T=23C
2024-01-05,13:40,49,3.870,,Run,,,,T=24C
2024-01-08,07:20,73,4.107,,Track Run,23:02,HRM+Stryd Power+Stryd+Tempe,All-systems,T=23C
2024-01-08,07:22,73,4.107,,Track Run,,,,T=23C
2024-01-08,07:27,72,4.098,,Track Run,,,,T=22C
2024-01-08,07:32,72,4.088,,Track Run,,,,T=21C
2024-01-08,07:42,71,4.078,,Track Run,,,,T=20C
2024-01-08,12:57,68,4.050,,Run,44:18,HRM+Stryd Power+Stryd+Tempe,All-systems Multiband,T=28C
2024-01-08,13:02,68,4.043,,Run,,,,T=27C
2024-01-08,13:07,67,4.032,,Run,,,,T=25C
2024-01-08,13:12,67,4.031,,Run,,,,T=24C
2024-01-08,13:17,66,4.019,,Run,,,,T=24C
2024-01-08,13:22,66,4.010,,Run,,,,T=23C
2024-01-08,13:27,65,4.003,,Run,,,,T=24C
2024-01-08,13:32,65,3.993,,Run,,,,T=23C
2024-01-08,13:37,64,3.983,,Run,,,,T=23C
2024-01-08,13:42,64,3.980,,Run,,,,T=24C
2024-01-09,07:16,55,3.913,,Run,20:42,HRM+Stryd+Tempe,All-systems Multiband,T=25C
2024-01-09,07:17,55,3.913,,Run,,,,T=25C
2024-01-09,07:22,55,3.898,,Run,,,,T=23C
2024-01-09,07:27,54,3.890,,Run,,,,T=22C
2024-01-09,07:32,53,3.890,,Run,,,,T=21C
2024-01-09,07:37,53,3.880,,Run,,,,T=21C
2024-01-09,07:42,52,3.884,,Run,,,,T=22C
2024-01-09,12:52,49,3.863,,Run,42:43,HRM+Stryd Power+Stryd+Tempe,All-systems Multiband,T=28C
2024-01-09,12:57,49,3.865,,Run,,,,T=27C
2024-01-09,13:02,48,3.857,,Run,,,,T=26C
2024-01-09,13:07,48,3.856,,Run,,,,T=25C
2024-01-09,13:12,47,3.851,,Run,,,,T=25C
2024-01-09,13:17,47,3.845,,Run,,,,T=26C
2024-01-09,13:22,46,3.847,,Run,,,,T=27C
2024-01-09,13:27,46,3.841,,Run,,,,T=25C
2024-01-09,13:32,45,3.838,,Run,,,,T=25C
2024-01-09,13:37,45,3.836,,Run,,,,T=27C
2024-01-10,12:58,,,,Run,35:31,HRM+Stryd Power+Stryd+Tempe,All-systems Multiband,
2024-01-10,13:00,74,4.122,,Run,,,,T=28C
2024-01-10,13:05,74,4.115,,Run,,,,T=27C
2024-01-10,13:10,73,4.107,,Run,,,,T=25C
2024-01-10,13:15,73,4.100,,Run,,,,T=25C
2024-01-10,13:20,72,4.092,,Run,,,,T=24C
2024-01-10,13:25,72,4.081,,Run,,,,T=25C
2024-01-10,13:30,71,4.081,,Run,,,,T=25C
2024-01-11,13:01,,,,Run,37:33,Stryd+Power+Stryd Power,All-systems Multiband,
2024-01-11,13:06,84,4.234,,Run,,,,T=26C
2024-01-11,13:18,83,4.249,,Run,,,,T=24C
2024-01-11,13:32,83,4.250,,Run,,,,T=25C
2024-01-11,13:41,83,4.236,,Run,,,,T=25C
2024-01-11,13:57,82,4.238,,Run,,,,T=25C
2024-01-12,13:03,,,,Run,35:29,,All-systems Multiband,
2024-01-12,13:11,73,4.113,,Run,,,,T=25C
2024-01-12,13:16,73,4.104,,Run,,,,T=25C
2024-01-12,13:21,73,4.091,,Run,,,,T=25C
2024-01-12,13:31,72,4.081,,Run,,,,T=25C
2024-01-12,13:36,71,4.078,,Run,,,,T=25C
2024-01-15,12:56,,,,Run,37:39,Stryd Power+Stryd,All-systems Multiband,
2024-01-15,13:03,86,4.260,,Run,,,,T=29C
2024-01-15,13:08,85,4.255,,Run,,,,T=29C
2024-01-15,13:18,84,4.242,,Run,,,,T=29C
2024-01-15,13:23,84,4.238,,Run,,,,T=28C
2024-01-15,13:28,83,4.230,,Run,,,,T=30C
2024-01-15,13:33,83,4.225,,Run,,,,T=29C
2024-01-16,12:56,74,4.120,,Run,51:56,Stryd Power+Stryd,All-systems Multiband,T=28C
2024-01-16,12:58,74,4.120,,Run,,,,T=28C
2024-01-16,13:03,74,4.115,,Run,,,,T=27C
2024-01-16,13:08,73,4.105,,Run,,,,T=25C
2024-01-16,13:13,73,4.094,,Run,,,,T=24C
2024-01-16,13:18,72,4.090,,Run,,,,T=23C
2024-01-16,13:23,71,4.077,,Run,,,,T=23C
2024-01-16,13:28,71,4.076,,Run,,,,T=23C
2024-01-16,13:33,70,4.072,,Run,,,,T=23C
2024-01-16,13:38,70,4.064,,Run,,,,T=23C
2024-01-16,13:43,69,4.058,,Run,,,,T=23C
2024-01-18,12:56,,,,Run,08:37,,All-systems Multiband,
2024-01-18,12:58,84,4.244,,Run,,,,T=29C
2024-01-18,13:03,84,4.237,,Run,,,,T=28C
2024-01-19,13:06,,,,Track Run,04:11,,All-systems,
2024-01-19,13:08,75,4.133,,Track Run,,,,T=30C
2024-01-21,06:00,,,,Run,3:28:04,,All-systems Multiband,
2024-01-21,06:03,90,4.306,,Run,,,,T=27C
2024-01-21,06:08,89,4.299,,Run,,,,T=25C
2024-01-21,06:13,89,4.297,,Run,,,,T=23C
2024-01-21,06:18,89,4.287,,Run,,,,T=23C
2024-01-21,06:23,88,4.278,,Run,,,,T=23C
2024-01-21,06:28,88,4.280,,Run,,,,T=22C
2024-01-21,06:33,87,4.276,,Run,,,,T=22C
2024-01-21,06:38,87,4.271,,Run,,,,T=21C
2024-01-21,06:43,87,4.267,,Run,,,,T=21C
2024-01-21,06:48,86,4.263,,Run,,,,T=20C
2024-01-21,06:53,86,4.261,,Run,,,,T=19C
2024-01-21,06:58,86,4.255,,Run,,,,T=20C
2024-01-21,07:03,85,4.243,,Run,,,,T=21C
2024-01-21,07:08,85,4.241,,Run,,,,T=20C
2024-01-21,07:18,84,4.232,,Run,,,,T=20C
2024-01-21,07:23,84,4.232,,Run,,,,T=19C
2024-01-21,07:28,83,4.225,,Run,,,,T=18C
2024-01-21,07:33,83,4.226,,Run,,,,T=19C
2024-01-21,07:38,83,4.219,,Run,,,,T=19C
2024-01-21,07:43,82,4.211,,Run,,,,T=19C
2024-01-21,07:53,82,4.205,,Run,,,,T=20C
2024-01-21,08:03,81,4.195,,Run,,,,T=20C
2024-01-21,08:08,80,4.186,,Run,,,,T=20C
2024-01-21,08:13,80,4.191,,Run,,,,T=20C
2024-01-21,08:18,80,4.177,,Run,,,,T=20C
2024-01-21,08:28,79,4.175,,Run,,,,T=21C
2024-01-21,08:33,79,4.165,,Run,,,,T=20C
2024-01-21,08:38,78,4.170,,Run,,,,T=21C
2024-01-21,08:43,78,4.166,,Run,,,,T=22C
2024-01-21,08:53,77,4.146,,Run,,,,T=21C
2024-01-21,08:58,77,4.156,,Run,,,,T=21C
2024-01-21,09:03,76,4.153,,Run,,,,T=21C
2024-01-21,09:08,76,4.148,,Run,,,,T=21C
2024-01-21,09:13,76,4.145,,Run,,,,T=21C
2024-01-21,09:23,75,4.130,,Run,,,,T=22C
2024-01-21,09:28,75,4.125,,Run,,,,T=21C
2024-01-23,13:06,65,4.007,,Run,18:17,,All-systems Multiband,T=25C
2024-01-23,13:16,64,3.980,,Run,,,,T=17C
2024-01-23,13:21,64,3.970,,Run,,,,T=16C
2024-01-24,12:51,,,,Run,44:11,Tempe,All-systems Multiband,
2024-01-24,12:56,51,3.885,,Run,,,,T=23C
2024-01-24,13:01,51,3.878,,Run,,,,T=23C
2024-01-24,13:06,51,3.872,,Run,,,,T=22C
2024-01-24,13:11,50,3.872,,Run,,,,T=20C
2024-01-24,13:16,50,3.866,,Run,,,,T=20C
2024-01-24,13:26,49,3.846,,Run,,,,T=18C
2024-01-24,13:31,49,3.838,,Run,,,,T=18C
2024-01-25,13:01,,,,Run,43:27,Tempe,All-systems Multiband,
2024-01-25,13:11,69,4.050,,Run,,,,T=21C
2024-01-25,13:16,68,4.031,,Run,,,,T=21C
2024-01-25,13:21,67,4.025,,Run,,,,T=21C
2024-01-25,13:26,67,4.018,,Run,,,,T=22C
2024-01-25,13:31,66,4.011,,Run,,,,T=21C
2024-01-25,13:36,66,4.001,,Run,,,,T=20C
2024-01-25,13:41,65,3.989,,Run,,,,T=20C
2024-01-25,13:46,65,3.977,,Run,,,,T=20C
2024-01-26,12:57,,,,Run,28:11,,All-systems Multiband,
2024-01-26,13:03,91,4.323,,Run,,,,T=24C
2024-01-26,13:08,90,4.317,,Run,,,,T=23C
2024-01-26,13:13,90,4.313,,Run,,,,T=23C
2024-01-26,13:23,89,4.308,,Run,,,,T=21C
2024-01-29,12:56,,,,Run,43:51,HRM,All-systems Multiband,
2024-01-29,12:58,67,4.041,,Run,,,,T=24C
2024-01-29,13:04,67,4.033,,Run,,,,T=22C
2024-01-29,13:09,66,4.027,,Run,,,,T=22C
2024-01-29,13:14,66,4.019,,Run,,,,T=21C
2024-01-29,13:19,66,4.017,,Run,,,,T=21C
2024-01-29,13:24,65,4.009,,Run,,,,T=21C
2024-01-29,13:29,65,4.001,,Run,,,,T=21C
2024-01-29,13:34,64,3.996,,Run,,,,T=21C
2024-01-29,13:39,64,3.990,,Run,,,,T=21C
2024-01-30,06:37,,,,Pool Swim,26:50,HRM Pro,Off,
2024-01-30,06:44,55,3.920,,Pool Swim,,,,T=29C
2024-01-30,06:49,54,3.918,,Pool Swim,,,,T=29C
2024-01-30,06:54,54,3.917,,Pool Swim,,,,T=29C
2024-01-30,06:59,54,3.913,,Pool Swim,,,,T=29C
2024-01-30,07:04,54,3.913,,Pool Swim,,,,T=29C
2024-01-30,12:58,,,,Run,40:34,HRM,All-systems Multiband,
2024-01-30,13:00,99,4.390,,Run,,,,T=25C
2024-01-30,13:05,99,4.387,,Run,,,,T=24C
2024-01-30,13:10,98,4.380,,Run,,,,T=23C
2024-01-30,13:15,98,4.376,,Run,,,,T=22C
2024-01-30,13:20,97,4.371,,Run,,,,T=22C
2024-01-30,13:25,97,4.373,,Run,,,,T=22C
2024-01-30,13:30,96,4.363,,Run,,,,T=22C
2024-01-30,13:37,96,4.362,,Run,,,,T=22C
2024-01-31,13:02,86,4.257,,Run,42:52,HRM+Tempe,All-systems Multiband,T=26C
2024-01-31,13:07,85,4.255,,Run,,,,T=24C
2024-01-31,13:12,85,4.251,,Run,,,,T=23C
2024-01-31,13:17,84,4.238,,Run,,,,T=23C
2024-01-31,13:22,84,4.241,,Run,,,,T=22C
2024-01-31,13:32,83,4.221,,Run,,,,T=22C
2024-01-31,13:37,82,4.226,,Run,,,,T=23C
2024-01-31,13:42,82,4.215,,Run,,,,T=23C
2024-02-01,13:01,,,,Run,28:06,HRM+Tempe,Off,
2024-02-01,13:05,72,4.104,,Run,,,,T=27C
2024-02-01,13:10,72,4.105,,Run,,,,T=26C
2024-02-01,13:15,71,4.102,,Run,,,,T=26C
2024-02-01,13:20,71,4.091,,Run,,,,T=26C
2024-02-01,13:25,71,4.095,,Run,,,,T=26C
2024-02-01,13:30,70,4.091,,Run,,,,T=26C
2024-02-02,13:04,92,4.332,,Run,43:31,HRM+Tempe,All-systems Multiband,T=31C
2024-02-02,13:06,92,4.332,,Run,,,,T=31C
2024-02-02,13:12,92,4.328,,Run,,,,T=31C
2024-02-02,13:22,91,4.313,,Run,,,,T=31C
2024-02-02,13:27,90,4.311,,Run,,,,T=29C
2024-02-02,13:32,90,4.302,,Run,,,,T=31C
2024-02-02,13:37,89,4.301,,Run,,,,T=31C
2024-02-02,13:42,89,4.290,,Run,,,,T=30C
2024-02-02,13:47,88,4.283,,Run,,,,T=31C
2024-02-03,15:13,,,,Run,21:54,Tempe,All-systems Multiband,
2024-02-03,15:17,79,4.178,,Run,,,,T=23C
2024-02-03,15:22,79,4.176,,Run,,,,T=23C
2024-02-03,15:27,78,4.163,,Run,,,,T=23C
2024-02-03,15:32,78,4.155,,Run,,,,T=22C
2024-02-05,12:54,62,3.961,,Run,36:34,Tempe,All-systems Multiband,T=27C
2024-02-05,12:55,62,3.961,,Run,,,,T=27C
2024-02-05,13:00,61,3.961,,Run,,,,T=25C
2024-02-05,13:05,61,3.955,,Run,,,,T=24C
2024-02-05,13:10,60,3.949,,Run,,,,T=23C
2024-02-05,13:15,60,3.942,,Run,,,,T=23C
2024-02-05,13:20,59,3.935,,Run,,,,T=23C
2024-02-05,13:25,59,3.935,,Run,,,,T=23C
2024-02-05,13:30,58,3.929,,Run,,,,T=23C
2024-02-06,12:56,,,,Run,39:18,Tempe,All-systems Multiband,
2024-02-06,13:00,49,3.865,,Run,,,,T=24C
2024-02-06,13:05,49,3.863,,Run,,,,T=23C
2024-02-06,13:10,48,3.850,,Run,,,,T=23C
2024-02-06,13:15,48,3.845,,Run,,,,T=22C
2024-02-06,13:25,47,3.840,,Run,,,,T=22C
2024-02-06,13:35,46,3.837,,Run,,,,T=22C
2024-02-07,13:01,,,,Run,21:27,HRM+Stryd+Tempe,All-systems Multiband,
2024-02-07,13:06,53,3.885,,Run,,,,T=22C
2024-02-07,13:11,52,3.876,,Run,,,,T=20C
2024-02-07,13:21,51,3.863,,Run,,,,T=19C
2024-02-08,12:58,42,3.815,,Run,1:02:43,Stryd+Tempe,All-systems Multiband,T=24C
2024-02-08,12:59,42,3.815,,Run,,,,T=24C
2024-02-08,13:04,41,3.805,,Run,,,,T=20C
2024-02-08,13:09,41,3.795,,Run,,,,T=19C
2024-02-08,13:14,40,3.801,,Run,,,,T=18C
2024-02-08,13:19,39,3.790,,Run,,,,T=18C
2024-02-08,13:24,39,3.780,,Run,,,,T=17C
2024-02-08,13:30,38,3.776,,Run,,,,T=16C
2024-02-08,13:35,38,3.775,,Run,,,,T=17C
2024-02-08,13:40,37,3.773,,Run,,,,T=16C
2024-02-08,13:45,37,3.763,,Run,,,,T=16C
2024-02-08,13:50,36,3.764,,Run,,,,T=16C
2024-02-08,13:55,35,3.756,,Run,,,,T=15C
2024-02-08,14:02,35,3.743,,Run,,,,T=15C
2024-02-09,16:15,88,4.288,,Pool Swim,29:47,HRM Pro+Tempe,Off,from fixed/edited file T=27C
2024-02-09,16:17,88,4.288,,Pool Swim,,,,T=27C
2024-02-09,16:22,88,4.287,,Pool Swim,,,,T=30C
2024-02-09,16:27,87,4.285,,Pool Swim,,,,T=30C
2024-02-09,16:37,87,4.277,,Pool Swim,,,,T=30C
2024-02-09,16:42,87,4.275,,Pool Swim,,,,T=30C
2024-02-10,15:56,79,4.180,,Yoga,45:53,Tempe+Stryd,Off,T=26C
2024-02-10,15:57,79,4.180,,Yoga,,,,T=26C
2024-02-10,16:02,79,4.175,,Yoga,,,,T=26C
2024-02-10,16:07,78,4.178,,Yoga,,,,T=26C
2024-02-10,16:12,78,4.170,,Yoga,,,,T=26C
2024-02-10,16:22,78,4.171,,Yoga,,,,T=26C
2024-02-10,16:27,78,4.165,,Yoga,,,,T=26C
2024-02-10,16:32,77,4.162,,Yoga,,,,T=26C
2024-02-10,16:37,77,4.163,,Yoga,,,,T=25C
2024-02-15,13:06,43,3.829,,Track Run,22:49,Stryd+Tempe,All-systems,T=32C
2024-02-15,13:07,43,3.829,,Track Run,,,,T=32C
2024-02-15,13:12,42,3.829,,Track Run,,,,T=31C
2024-02-15,13:17,42,3.826,,Track Run,,,,T=31C
2024-02-15,13:22,42,3.824,,Track Run,,,,T=31C
2024-02-15,13:27,41,3.822,,Track Run,,,,T=32C
2024-02-19,13:01,,,,Run,24:42,HRM+Stryd+Tempe,All-systems Multiband,
2024-02-19,13:05,79,4.170,,Run,,,,T=27C
2024-02-19,13:10,78,4.168,,Run,,,,T=27C
2024-02-19,13:15,78,4.162,,Run,,,,T=27C
2024-02-19,13:20,77,4.157,,Run,,,,T=27C
2024-02-19,13:25,77,4.153,,Run,,,,T=27C
2024-02-20,12:58,,,,Run,34:56,Stryd+Tempe,All-systems Multiband,
2024-02-20,13:00,69,4.048,,Run,,,,T=28C
2024-02-20,13:05,68,4.043,,Run,,,,T=27C
2024-02-20,13:10,68,4.035,,Run,,,,T=27C
2024-02-20,13:15,67,4.026,,Run,,,,T=27C
2024-02-20,13:20,67,4.018,,Run,,,,T=27C
2024-02-20,13:25,66,4.016,,Run,,,,T=28C
2024-02-20,13:30,66,4.006,,Run,,,,T=28C
2024-02-21,07:29,58,3.952,,Yoga,25:55,Tempe,Off,T=29C
2024-02-21,07:30,58,3.952,,Yoga,,,,T=29C
2024-02-21,07:35,58,3.955,,Yoga,,,,T=29C
2024-02-21,07:40,58,3.955,,Yoga,,,,T=29C
2024-02-21,07:45,58,3.953,,Yoga,,,,T=29C
2024-02-21,07:50,58,3.955,,Yoga,,,,T=29C
2024-02-21,13:02,,,,Run,40:01,Stryd+Tempe,All-systems Multiband,
2024-02-21,13:05,56,3.923,,Run,,,,T=32C
2024-02-21,13:10,55,3.918,,Run,,,,T=32C
2024-02-21,13:15,55,3.915,,Run,,,,T=32C
2024-02-21,13:20,55,3.910,,Run,,,,T=32C
2024-02-21,13:25,54,3.908,,Run,,,,T=31C
2024-02-21,13:30,53,3.899,,Run,,,,T=32C
2024-02-21,13:35,53,3.896,,Run,,,,T=31C
2024-02-21,13:40,52,3.890,,Run,,,,T=31C
2024-02-22,07:41,,,,Yoga,27:48,Tempe,Off,
2024-02-22,07:45,92,4.338,,Yoga,,,,T=28C
2024-02-22,07:50,92,4.338,,Yoga,,,,T=28C
2024-02-22,07:55,92,4.338,,Yoga,,,,T=28C
2024-02-22,08:00,92,4.335,,Yoga,,,,T=28C
2024-02-22,08:05,92,4.335,,Yoga,,,,T=28C
2024-02-22,12:57,89,4.295,,Run,37:49,HRM+Stryd+Tempe,All-systems Multiband,T=28C
2024-02-22,12:59,89,4.295,,Run,,,,T=28C
2024-02-22,13:04,89,4.292,,Run,,,,T=27C
2024-02-22,13:09,89,4.288,,Run,,,,T=27C
2024-02-22,13:14,88,4.276,,Run,,,,T=28C
2024-02-22,13:19,88,4.274,,Run,,,,T=27C
2024-02-22,13:24,87,4.267,,Run,,,,T=28C
2024-02-22,13:29,87,4.260,,Run,,,,T=28C
2024-02-22,13:34,86,4.253,,Run,,,,T=28C
2024-02-23,07:28,81,4.203,,Yoga,40:11,Tempe,Off,T=26C
2024-02-23,07:29,81,4.203,,Yoga,,,,T=26C
2024-02-23,07:34,81,4.208,,Yoga,,,,T=26C
2024-02-23,07:39,81,4.210,,Yoga,,,,T=27C
2024-02-23,07:44,81,4.208,,Yoga,,,,T=27C
2024-02-23,07:49,80,4.206,,Yoga,,,,T=27C
2024-02-23,07:54,80,4.206,,Yoga,,,,T=27C
2024-02-23,07:59,80,4.201,,Yoga,,,,T=27C
2024-02-23,08:04,80,4.200,,Yoga,,,,T=27C
2024-02-23,13:00,,,,Strength,34:51,Stryd+Tempe,Off,
2024-02-23,13:04,78,4.171,,Strength,,,,T=24C
2024-02-23,13:09,78,4.170,,Strength,,,,T=24C
2024-02-23,13:14,78,4.171,,Strength,,,,T=23C
2024-02-23,13:19,78,4.168,,Strength,,,,T=24C
2024-02-23,13:24,77,4.161,,Strength,,,,T=24C
2024-02-23,13:29,77,4.162,,Strength,,,,T=25C
2024-02-23,13:34,77,4.162,,Strength,,,,T=25C
2024-02-26,12:56,,,,Run,35:21,Stryd+Tempe,All-systems Multiband,
2024-02-26,13:00,54,3.897,,Run,,,,T=25C
2024-02-26,13:05,53,3.891,,Run,,,,T=23C
2024-02-26,13:15,52,3.881,,Run,,,,T=23C
2024-02-26,13:20,52,3.873,,Run,,,,T=23C
2024-02-26,13:25,51,3.878,,Run,,,,T=23C
2024-02-26,13:30,51,3.871,,Run,,,,T=23C
2024-02-27,07:26,,,,Yoga,36:50,Tempe,Off,
2024-02-27,07:30,44,3.850,,Yoga,,,,T=25C
2024-02-27,07:35,44,3.844,,Yoga,,,,T=26C
2024-02-27,07:40,44,3.849,,Yoga,,,,T=26C
2024-02-27,07:50,44,3.848,,Yoga,,,,T=26C
2024-02-27,07:55,44,3.848,,Yoga,,,,T=26C
2024-02-27,08:00,44,3.847,,Yoga,,,,T=25C
2024-02-27,12:53,41,3.807,,Run,20:51,Stryd+Tempe,All-systems Multiband,T=26C
2024-02-27,12:55,41,3.807,,Run,,,,T=26C
2024-02-27,13:00,41,3.815,,Run,,,,T=24C
2024-02-27,13:05,40,3.800,,Run,,,,T=23C
2024-02-27,13:10,40,3.811,,Run,,,,T=23C
2024-02-27,13:15,39,3.805,,Run,,,,T=23C
2024-02-28,07:22,95,4.368,,Yoga,35:19,Tempe,Off,T=25C
2024-02-28,07:23,95,4.368,,Yoga,,,,T=25C
2024-02-28,07:28,95,4.368,,Yoga,,,,T=25C
2024-02-28,07:33,95,4.372,,Yoga,,,,T=26C
2024-02-28,07:43,95,4.369,,Yoga,,,,T=26C
2024-02-28,07:48,95,4.370,,Yoga,,,,T=26C
2024-02-28,07:53,95,4.370,,Yoga,,,,T=26C
2024-02-28,12:56,92,4.315,,Run,42:55,Stryd+Tempe,All-systems Multiband,T=25C
2024-02-28,12:58,92,4.315,,Run,,,,T=25C
2024-02-28,13:03,91,4.319,,Run,,,,T=23C
2024-02-28,13:08,91,4.315,,Run,,,,T=23C
2024-02-28,13:13,91,4.310,,Run,,,,T=22C
2024-02-28,13:23,90,4.300,,Run,,,,T=22C
2024-02-28,13:33,89,4.276,,Run,,,,T=22C
2024-02-28,13:38,88,4.274,,Run,,,,T=22C
2024-02-29,12:56,80,4.169,,Run,22:55,Stryd,All-systems Multiband,T=25C
2024-02-29,12:57,80,4.169,,Run,,,,T=25C
2024-02-29,13:02,79,4.169,,Run,,,,T=24C
2024-02-29,13:07,79,4.161,,Run,,,,T=24C
2024-02-29,13:12,78,4.153,,Run,,,,T=23C
2024-02-29,13:17,78,4.153,,Run,,,,T=23C
2024-03-01,12:58,,,,Run,23:48,Stryd+Tempe,All-systems Multiband,
2024-03-01,13:02,69,4.044,,Run,,,,T=21C
2024-03-01,13:07,69,4.028,,Run,,,,T=19C
2024-03-01,13:12,68,4.024,,Run,,,,T=18C
2024-03-01,13:17,68,4.015,,Run,,,,T=18C
2024-03-01,13:22,67,4.006,,Run,,,,T=17C
2024-03-04,12:58,,,,Run,20:11,Stryd,All-systems Multiband,
2024-03-04,13:02,43,3.826,,Run,,,,T=25C
2024-03-04,13:07,43,3.823,,Run,,,,T=23C
2024-03-04,13:12,42,3.823,,Run,,,,T=23C
2024-03-04,13:17,42,3.821,,Run,,,,T=23C
2024-03-05,12:59,31,3.775,,Strength,41:17,Stryd,Off,T=26C
2024-03-05,13:00,31,3.775,,Strength,,,,T=26C
2024-03-05,13:05,31,3.779,,Strength,,,,T=25C
2024-03-05,13:10,31,3.776,,Strength,,,,T=24C
2024-03-05,13:15,31,3.778,,Strength,,,,T=24C
2024-03-05,13:20,30,3.773,,Strength,,,,T=24C
2024-03-05,13:25,30,3.774,,Strength,,,,T=24C
2024-03-05,13:30,30,3.771,,Strength,,,,T=24C
2024-03-05,13:35,30,3.766,,Strength,,,,T=24C
2024-03-05,13:40,30,3.772,,Strength,,,,T=24C
2024-03-06,13:00,,,,Run,24:56,Stryd,All-systems Multiband,
2024-03-06,13:04,82,4.237,,Run,,,,T=26C
2024-03-06,13:10,81,4.151,,Run,,,,T=25C
2024-03-06,13:15,80,4.221,,Run,,,,T=24C
2024-03-06,13:20,80,4.220,,Run,,,,T=24C
2024-03-06,13:25,80,4.211,,Run,,,,T=24C
2024-03-07,12:58,73,4.104,,Run,48:33,Stryd,All-systems Multiband,T=25C
2024-03-07,13:00,73,4.104,,Run,,,,T=25C
2024-03-07,13:05,73,4.101,,Run,,,,T=23C
2024-03-07,13:10,72,4.096,,Run,,,,T=22C
2024-03-07,13:15,72,4.085,,Run,,,,T=22C
2024-03-07,13:20,71,4.081,,Run,,,,T=22C
2024-03-07,13:25,71,4.077,,Run,,,,T=22C
2024-03-07,13:31,70,4.073,,Run,,,,T=22C
2024-03-07,13:36,70,4.063,,Run,,,,T=23C
2024-03-07,13:41,69,4.063,,Run,,,,T=23C
2024-03-07,13:46,69,4.056,,Run,,,,T=23C
2024-03-07,13:51,68,4.053,,Run,,,,T=25C
2024-03-08,12:56,59,3.952,,Run,47:08,Stryd,All-systems Multiband,T=28C
2024-03-08,13:01,59,3.946,,Run,,,,T=26C
2024-03-08,13:06,58,3.940,,Run,,,,T=25C
2024-03-08,13:11,58,3.934,,Run,,,,T=25C
2024-03-08,13:16,57,3.925,,Run,,,,T=24C
2024-03-08,13:21,57,3.927,,Run,,,,T=25C
2024-03-08,13:26,56,3.923,,Run,,,,T=27C
2024-03-08,13:31,56,3.918,,Run,,,,T=26C
2024-03-08,13:36,55,3.915,,Run,,,,T=26C
2024-03-08,13:41,55,3.914,,Run,,,,T=27C
2024-03-11,12:59,,,,Strength,49:22,Stryd,Off,
2024-03-11,13:08,96,4.382,,Strength,,,,T=24C
2024-03-11,13:13,96,4.378,,Strength,,,,T=25C
2024-03-11,13:18,96,4.380,,Strength,,,,T=25C
2024-03-11,13:28,96,4.378,,Strength,,,,T=24C
2024-03-11,13:33,96,4.370,,Strength,,,,T=25C
2024-03-11,13:38,95,4.370,,Strength,,,,T=25C
2024-03-11,13:43,95,4.370,,Strength,,,,T=25C
2024-03-12,13:01,,,,Run,42:49,Stryd,All-systems Multiband,
2024-03-12,13:08,88,4.246,,Run,,,,T=28C
2024-03-12,13:13,87,4.273,,Run,,,,T=27C
2024-03-12,13:18,87,4.269,,Run,,,,T=26C
2024-03-12,13:23,86,4.258,,Run,,,,T=25C
2024-03-12,13:28,86,4.255,,Run,,,,T=26C
2024-03-12,13:33,85,4.249,,Run,,,,T=26C
2024-03-12,13:38,85,4.248,,Run,,,,T=26C
2024-03-12,13:43,84,4.241,,Run,,,,T=28C
2024-03-13,12:53,,,,Run,37:33,Stryd,All-systems Multiband,
2024-03-13,12:56,90,4.310,,Run,,,,T=26C
2024-03-13,13:01,90,4.304,,Run,,,,T=25C
2024-03-13,13:06,89,4.298,,Run,,,,T=24C
2024-03-13,13:16,88,4.278,,Run,,,,T=23C
2024-03-13,13:21,88,4.268,,Run,,,,T=23C
2024-03-13,13:26,87,4.259,,Run,,,,T=24C
2024-03-14,07:41,,,,Yoga,38:27,,Off,
2024-03-14,07:46,81,4.205,,Yoga,,,,T=26C
2024-03-14,07:51,81,4.218,,Yoga,,,,T=26C
2024-03-14,07:56,81,4.216,,Yoga,,,,T=26C
2024-03-14,08:01,81,4.218,,Yoga,,,,T=26C
2024-03-14,08:06,81,4.218,,Yoga,,,,T=26C
2024-03-14,08:11,81,4.217,,Yoga,,,,T=26C
2024-03-14,08:16,81,4.216,,Yoga,,,,T=26C
2024-03-14,08:21,81,4.211,,Yoga,,,,T=26C
2024-03-15,06:42,,,,Pool Swim,26:01,HRM+Tempe,Off,
2024-03-15,06:50,72,4.101,,Pool Swim,,,,T=29C
2024-03-15,06:55,71,4.098,,Pool Swim,,,,T=29C
2024-03-15,07:00,71,4.096,,Pool Swim,,,,T=29C
2024-03-15,07:05,71,4.090,,Pool Swim,,,,T=29C
2024-03-15,12:59,,,,Track Run,44:54,HRM+Stryd+Tempe,All-systems,
2024-03-15,13:02,68,4.056,,Track Run,,,,T=25C
2024-03-15,13:07,68,4.052,,Track Run,,,,T=25C
2024-03-15,13:12,67,4.040,,Track Run,,,,T=24C
2024-03-15,13:17,67,4.040,,Track Run,,,,T=24C
2024-03-15,13:22,67,4.028,,Track Run,,,,T=24C
2024-03-15,13:27,66,4.020,,Track Run,,,,T=24C
2024-03-15,13:32,66,4.019,,Track Run,,,,T=24C
2024-03-15,13:37,65,4.013,,Track Run,,,,T=25C
2024-03-15,13:42,65,4.005,,Track Run,,,,T=26C
2024-03-18,12:59,,,,Run,26:37,HRM+Stryd,All-systems Multiband,
2024-03-18,13:02,42,3.817,,Run,,,,T=25C
2024-03-18,13:07,41,3.813,,Run,,,,T=24C
2024-03-18,13:12,41,3.813,,Run,,,,T=23C
2024-03-18,13:17,40,3.809,,Run,,,,T=23C
2024-03-18,13:22,39,3.803,,Run,,,,T=24C
2024-03-19,07:28,68,4.066,,Yoga,41:21,,Off,T=27C
2024-03-19,07:33,68,4.063,,Yoga,,,,T=27C
2024-03-19,07:38,68,4.060,,Yoga,,,,T=28C
2024-03-19,07:43,68,4.057,,Yoga,,,,T=28C
2024-03-19,07:53,67,4.050,,Yoga,,,,T=28C
2024-03-19,08:03,67,4.045,,Yoga,,,,T=28C
2024-03-19,12:56,,,,Run,31:37,Stryd,All-systems Multiband,
2024-03-19,12:58,64,4.001,,Run,,,,T=27C
2024-03-19,13:03,64,3.993,,Run,,,,T=26C
2024-03-19,13:08,63,3.980,,Run,,,,T=26C
2024-03-19,13:13,63,3.980,,Run,,,,T=26C
2024-03-19,13:18,62,3.968,,Run,,,,T=25C
2024-03-19,13:23,62,3.968,,Run,,,,T=27C
2024-03-19,13:28,61,3.953,,Run,,,,T=27C
2024-03-20,07:17,,,,Run,27:27,Stryd,All-systems Multiband,
2024-03-20,07:24,94,4.346,,Run,,,,T=22C
2024-03-20,07:29,94,4.336,,Run,,,,T=21C
2024-03-20,07:34,93,4.335,,Run,,,,T=21C
2024-03-20,07:39,93,4.327,,Run,,,,T=20C
2024-03-20,07:44,92,4.320,,Run,,,,T=20C
2024-03-21,12:58,,,,Run,43:07,Stryd+Tempe,All-systems Multiband,
2024-03-21,13:04,80,4.188,,Run,,,,T=27C
2024-03-21,13:09,79,4.176,,Run,,,,T=27C
2024-03-21,13:14,79,4.175,,Run,,,,T=27C
2024-03-21,13:19,78,4.167,,Run,,,,T=26C
2024-03-21,13:24,78,4.160,,Run,,,,T=27C
2024-03-21,13:29,77,4.156,,Run,,,,T=27C
2024-03-21,13:34,77,4.153,,Run,,,,T=28C
2024-03-21,13:39,76,4.153,,Run,,,,T=29C
2024-03-22,12:59,68,4.051,,Run,35:15,Stryd+Tempe,All-systems Multiband,T=29C
2024-03-22,13:00,68,4.051,,Run,,,,T=29C
2024-03-22,13:05,68,4.048,,Run,,,,T=29C
2024-03-22,13:10,67,4.039,,Run,,,,T=28C
2024-03-22,13:15,67,4.030,,Run,,,,T=27C
2024-03-22,13:20,66,4.019,,Run,,,,T=28C
2024-03-22,13:25,66,4.010,,Run,,,,T=28C
2024-03-22,13:30,65,4.005,,Run,,,,T=28C
2024-03-22,13:35,65,3.992,,Run,,,,T=29C
2024-03-25,13:03,,,,Strength,48:19,Stryd,Off,
2024-03-25,13:06,41,3.835,,Strength,,,,T=27C
2024-03-25,13:11,41,3.830,,Strength,,,,T=26C
2024-03-25,13:16,41,3.832,,Strength,,,,T=25C
2024-03-25,13:26,41,3.823,,Strength,,,,T=25C
2024-03-25,13:31,41,3.827,,Strength,,,,T=25C
2024-03-25,13:41,40,3.828,,Strength,,,,T=25C
2024-03-25,13:46,40,3.817,,Strength,,,,T=24C
2024-03-26,13:01,31,3.767,,Run,36:39,Stryd,All-systems Multiband,T=30C
2024-03-26,13:06,30,3.761,,Run,,,,T=33C
2024-03-26,13:11,30,3.762,,Run,,,,T=33C
2024-03-26,13:16,29,3.755,,Run,,,,T=32C
2024-03-26,13:21,28,3.757,,Run,,,,T=33C
2024-03-26,13:26,28,3.747,,Run,,,,T=32C
2024-03-26,13:31,27,3.743,,Run,,,,T=32C
2024-03-26,13:36,27,3.741,,Run,,,,T=33C
2024-03-28,13:01,,,,Strength,34:18,Tempe,Off,
2024-03-28,13:05,68,4.062,,Strength,,,,T=26C
2024-03-28,13:10,68,4.061,,Strength,,,,T=25C
2024-03-28,13:15,68,4.055,,Strength,,,,T=25C
2024-03-28,13:20,68,4.058,,Strength,,,,T=25C
2024-03-28,13:25,68,4.056,,Strength,,,,T=24C
2024-03-28,13:30,67,4.055,,Strength,,,,T=25C
2024-03-28,13:35,67,4.050,,Strength,,,,T=26C
2024-04-02,13:06,,,,Pool Swim,25:09,HRM Pro+Tempe,Off,
2024-04-02,13:10,86,4.262,,Pool Swim,,,,T=27C
2024-04-02,13:15,86,4.216,,Pool Swim,,,,T=27C
2024-04-02,13:20,86,4.255,,Pool Swim,,,,T=27C
2024-04-02,13:25,85,4.253,,Pool Swim,,,,T=26C
2024-04-03,13:01,77,4.153,,Run,30:16,Stryd,All-systems Multiband,T=30C
2024-04-03,13:03,77,4.153,,Run,,,,T=30C
2024-04-03,13:08,77,4.131,,Run,,,,T=30C
2024-04-03,13:13,76,4.132,,Run,,,,T=27C
2024-04-03,13:18,76,4.128,,Run,,,,T=27C
2024-04-03,13:23,75,4.121,,Run,,,,T=28C
2024-04-03,13:28,74,4.116,,Run,,,,T=29C
2024-04-03,13:33,74,4.111,,Run,,,,T=30C
2024-04-05,07:18,,,,Strength,41:52,Stryd,Off,
2024-04-05,07:23,57,3.943,,Strength,,,,T=26C
2024-04-05,07:28,57,3.935,,Strength,,,,T=26C
2024-04-05,07:33,57,3.938,,Strength,,,,T=26C
2024-04-05,07:38,57,3.940,,Strength,,,,T=27C
2024-04-05,07:43,57,3.936,,Strength,,,,T=26C
2024-04-05,07:48,57,3.928,,Strength,,,,T=26C
2024-04-05,07:58,56,3.935,,Strength,,,,T=26C
2024-04-05,12:59,,,,Track Run,33:44,HRM+Stryd+Tempe,All-systems,
2024-04-05,13:02,85,4.256,,Track Run,,,,T=30C
2024-04-05,13:07,84,4.239,,Track Run,,,,T=30C
2024-04-05,13:12,84,4.232,,Track Run,,,,T=30C
2024-04-05,13:17,83,4.232,,Track Run,,,,T=30C
2024-04-05,13:22,83,4.232,,Track Run,,,,T=31C
2024-04-05,13:27,82,4.221,,Track Run,,,,T=31C
2024-04-05,13:32,82,4.217,,Track Run,,,,T=29C
2024-04-08,12:18,,,,Strength,54:07,,Off,
2024-04-08,12:27,56,3.933,,Strength,,,,T=26C
2024-04-08,12:32,56,3.932,,Strength,,,,T=26C
2024-04-08,12:42,56,3.931,,Strength,,,,T=26C
2024-04-08,12:47,56,3.929,,Strength,,,,T=25C
2024-04-08,12:52,56,3.925,,Strength,,,,T=25C
2024-04-08,12:57,56,3.928,,Strength,,,,T=25C
2024-04-08,13:02,55,3.928,,Strength,,,,T=25C
2024-04-09,10:47,,,,Yoga,29:38,Tempe,Off,
2024-04-09,10:52,50,3.884,,Yoga,,,,T=28C
2024-04-09,10:57,50,3.877,,Yoga,,,,T=27C
2024-04-09,11:02,50,3.882,,Yoga,,,,T=27C
2024-04-09,11:07,50,3.881,,Yoga,,,,T=27C
2024-04-09,11:12,50,3.879,,Yoga,,,,T=27C
2024-04-09,11:17,50,3.873,,Yoga,,,,T=27C
2024-04-10,12:45,,,,Run,1:22:29,,All-systems Multiband,
2024-04-10,12:47,41,3.814,,Run,,,,T=29C
2024-04-10,12:52,41,3.816,,Run,,,,T=28C
2024-04-10,12:57,40,3.813,,Run,,,,T=27C
2024-04-10,13:02,40,3.805,,Run,,,,T=27C
2024-04-10,13:22,39,3.825,,Run,,,,T=26C
2024-04-10,13:27,39,3.803,,Run,,,,T=27C
2024-04-10,13:32,38,3.798,,Run,,,,T=26C
2024-04-10,13:37,38,3.794,,Run,,,,T=26C
2024-04-10,14:00,37,3.816,,Run,,,,T=25C
2024-04-10,14:02,37,3.789,,Run,,,,T=27C
2024-04-10,14:12,36,3.786,,Run,,,,T=26C
2024-04-11,12:59,,,,Run,46:00,HRM+Stryd+Tempe,All-systems Multiband,
2024-04-11,13:09,70,4.110,,Run,,,,T=29C
2024-04-11,13:14,69,4.094,,Run,,,,T=30C
2024-04-11,13:19,69,4.091,,Run,,,,T=29C
2024-04-11,13:24,68,4.090,,Run,,,,T=29C
2024-04-11,13:29,68,4.085,,Run,,,,T=30C
2024-04-11,13:34,67,4.076,,Run,,,,T=30C
2024-04-11,13:39,67,4.072,,Run,,,,T=31C
2024-04-11,13:49,66,4.058,,Run,,,,T=32C
2024-04-12,12:58,58,3.950,,Strength,44:24,HRM+Tempe,Off,T=27C
2024-04-12,12:59,58,3.950,,Strength,,,,T=27C
2024-04-12,13:04,58,3.958,,Strength,,,,T=26C
2024-04-12,13:09,58,3.958,,Strength,,,,T=26C
2024-04-12,13:14,58,3.958,,Strength,,,,T=25C
2024-04-12,13:19,58,3.957,,Strength,,,,T=25C
2024-04-12,13:29,58,3.955,,Strength,,,,T=25C
2024-04-12,13:34,58,3.955,,Strength,,,,T=26C
2024-04-12,13:39,58,3.956,,Strength,,,,T=27C
2024-04-15,13:02,93,4.320,,Run,51:39,HRM+Stryd+Tempe,All-systems Multiband,T=29C
2024-04-15,13:03,93,4.320,,Run,,,,T=29C
2024-04-15,13:08,92,4.319,,Run,,,,T=31C
2024-04-15,13:13,92,4.314,,Run,,,,T=31C
2024-04-15,13:18,91,4.305,,Run,,,,T=32C
2024-04-15,13:23,91,4.303,,Run,,,,T=32C
2024-04-15,13:28,90,4.297,,Run,,,,T=32C
2024-04-15,13:33,90,4.295,,Run,,,,T=33C
2024-04-15,13:38,89,4.288,,Run,,,,T=33C
2024-04-15,13:43,89,4.282,,Run,,,,T=32C
2024-04-15,13:48,88,4.276,,Run,,,,T=33C
2024-04-15,13:53,88,4.273,,Run,,,,T=33C
2024-04-16,13:06,,,,Pool Swim,27:31,Tempe,Off,
2024-04-16,13:10,79,4.191,,Pool Swim,,,,T=28C
2024-04-16,13:15,79,4.191,,Pool Swim,,,,T=28C
2024-04-16,13:20,79,4.192,,Pool Swim,,,,T=28C
2024-04-16,13:25,79,4.193,,Pool Swim,,,,T=28C
2024-04-16,13:30,79,4.191,,Pool Swim,,,,T=28C
2024-04-17,13:00,72,4.086,,Run,29:51,HRM+Stryd+Tempe,All-systems Multiband,T=31C
2024-04-17,13:01,72,4.086,,Run,,,,T=31C
2024-04-17,13:06,71,4.085,,Run,,,,T=33C
2024-04-17,13:11,71,4.080,,Run,,,,T=32C
2024-04-17,13:16,70,4.071,,Run,,,,T=32C
2024-04-17,13:21,70,4.070,,Run,,,,T=32C
2024-04-17,13:26,69,4.064,,Run,,,,T=33C
2024-04-18,13:02,,,,Strength,39:08,Tempe,Off,
2024-04-18,13:06,57,3.946,,Strength,,,,T=27C
2024-04-18,13:11,57,3.946,,Strength,,,,T=27C
2024-04-18,13:16,57,3.945,,Strength,,,,T=26C
2024-04-18,13:21,57,3.945,,Strength,,,,T=26C
2024-04-18,13:26,57,3.943,,Strength,,,,T=26C
2024-04-18,13:31,57,3.944,,Strength,,,,T=26C
2024-04-18,13:36,57,3.943,,Strength,,,,T=27C
2024-04-18,13:41,57,3.940,,Strength,,,,T=27C
2024-04-19,16:15,,,,Run,08:32,Stryd+Tempe,All-systems Multiband,
2024-04-19,16:19,47,3.850,,Run,,,,T=29C
2024-04-19,16:28,46,3.846,,Track Run,28:41,Stryd+Tempe,All-systems,T=29C
2024-04-19,16:29,46,3.846,,Track Run,,,,T=29C
2024-04-19,16:34,45,3.841,,Track Run,,,,T=28C
2024-04-19,16:44,44,3.830,,Track Run,,,,T=28C
2024-04-19,16:49,44,3.833,,Track Run,,,,T=27C
2024-04-19,16:54,43,3.824,,Track Run,,,,T=28C
2024-04-22,13:05,,,,Run,35:13,HRM+Stryd+Tempe,All-systems Multiband,
2024-04-22,13:07,88,4.283,,Run,,,,T=27C
2024-04-22,13:12,88,4.276,,Run,,,,T=26C
2024-04-22,13:17,87,4.275,,Run,,,,T=26C
2024-04-22,13:22,87,4.270,,Run,,,,T=26C
2024-04-22,13:27,86,4.260,,Run,,,,T=27C
2024-04-22,13:32,86,4.259,,Run,,,,T=27C
2024-04-22,13:37,85,4.252,,Run,,,,T=27C
2024-04-23,13:03,,,,Strength,40:41,,Off,
2024-04-23,13:12,77,4.173,,Strength,,,,T=25C
2024-04-23,13:22,77,4.171,,Strength,,,,T=24C
2024-04-23,13:27,77,4.161,,Strength,,,,T=24C
2024-04-23,13:32,77,4.168,,Strength,,,,T=25C
2024-04-23,13:37,77,4.161,,Strength,,,,T=25C
2024-04-23,13:42,76,4.165,,Strength,,,,T=25C
2024-04-23,13:47,76,4.163,,Strength,,,,T=25C
2024-04-24,13:07,70,4.080,,Pool Swim,26:00,HRM Pro+Tempe,Off,T=27C
2024-04-24,13:08,70,4.080,,Pool Swim,,,,T=27C
2024-04-24,13:13,69,4.075,,Pool Swim,,,,T=26C
2024-04-24,13:18,69,4.068,,Pool Swim,,,,T=26C
2024-04-24,13:23,69,4.069,,Pool Swim,,,,T=26C
2024-04-24,13:28,69,4.069,,Pool Swim,,,,T=26C
2024-04-24,13:33,68,4.058,,Pool Swim,,,,T=26C
2024-04-25,07:34,,,,Yoga,46:03,Tempe,Off,
2024-04-25,07:44,61,3.983,,Yoga,,,,T=29C
2024-04-25,07:49,61,3.985,,Yoga,,,,T=29C
2024-04-25,07:54,61,3.983,,Yoga,,,,T=29C
2024-04-25,07:59,61,3.977,,Yoga,,,,T=29C
2024-04-25,08:04,60,3.979,,Yoga,,,,T=29C
2024-04-25,08:09,60,3.981,,Yoga,,,,T=29C
2024-04-25,08:14,60,3.978,,Yoga,,,,T=29C
2024-04-25,08:19,60,3.976,,Yoga,,,,T=29C
2024-04-25,12:56,57,3.923,,Run,38:13,HRM+Tempe,All-systems Multiband,T=28C
2024-04-25,13:01,57,3.917,,Run,,,,T=28C
2024-04-25,13:06,56,3.913,,Run,,,,T=29C
2024-04-25,13:12,55,3.908,,Run,,,,T=30C
2024-04-25,13:17,54,3.911,,Run,,,,T=31C
2024-04-25,13:22,54,3.903,,Run,,,,T=32C
2024-04-25,13:27,53,3.894,,Run,,,,T=31C
2024-04-25,13:32,52,3.890,,Run,,,,T=31C
2024-04-26,07:29,,,,Yoga,45:05,Tempe,Off,
2024-04-26,07:32,45,3.855,,Yoga,,,,T=28C
2024-04-26,07:37,45,3.856,,Yoga,,,,T=28C
2024-04-26,07:42,45,3.856,,Yoga,,,,T=28C
2024-04-26,07:52,45,3.853,,Yoga,,,,T=28C
2024-04-26,07:57,45,3.854,,Yoga,,,,T=28C
2024-04-26,08:02,44,3.848,,Yoga,,,,T=28C
2024-04-26,08:07,44,3.853,,Yoga,,,,T=28C
2024-04-26,08:12,44,3.851,,Yoga,,,,T=28C
2024-04-26,08:17,44,3.852,,Yoga,,,,T=28C
2024-04-29,13:04,,,,Run,24:29,HRM+Tempe,All-systems Multiband,
2024-04-29,13:08,83,4.267,,Run,,,,T=30C
2024-04-29,13:13,83,4.261,,Run,,,,T=31C
2024-04-29,13:18,82,4.249,,Run,,,,T=31C
2024-04-29,13:23,81,4.245,,Run,,,,T=31C
2024-04-29,13:28,81,4.241,,Run,,,,T=32C
2024-04-30,13:05,,,,Pool Swim,25:33,HRM Pro+Tempe,Off,
2024-04-30,13:08,74,4.143,,Pool Swim,,,,T=27C
2024-04-30,13:13,74,4.140,,Pool Swim,,,,T=27C
2024-04-30,13:18,74,4.135,,Pool Swim,,,,T=27C
2024-04-30,13:23,73,4.135,,Pool Swim,,,,T=27C
2024-04-30,13:28,73,4.130,,Pool Swim,,,,T=27C
2024-05-02,12:53,57,3.933,,Run,34:16,HRM+Tempe,All-systems Multiband,T=27C
2024-05-02,12:58,57,3.920,,Run,,,,T=27C
2024-05-02,13:03,56,3.919,,Run,,,,T=26C
2024-05-02,13:08,55,3.913,,Run,,,,T=26C
2024-05-02,13:13,55,3.903,,Run,,,,T=27C
2024-05-02,13:18,54,3.900,,Run,,,,T=28C
2024-05-02,13:23,53,3.887,,Run,,,,T=29C
2024-05-02,13:28,53,3.893,,Run,,,,T=28C
2024-05-03,13:05,56,3.925,,Pool Swim,26:57,HRM Pro+Tempe,Off,T=27C
2024-05-03,13:10,56,3.924,,Pool Swim,,,,T=26C
2024-05-03,13:15,56,3.923,,Pool Swim,,,,T=26C
2024-05-03,13:20,55,3.920,,Pool Swim,,,,T=26C
2024-05-03,13:30,55,3.920,,Pool Swim,,,,T=25C
2024-05-06,12:54,33,3.776,,Run,37:01,HRM,All-systems Multiband,T=30C
2024-05-06,12:55,33,3.776,,Run,,,,T=30C
2024-05-06,13:05,32,3.768,,Run,,,,T=32C
2024-05-06,13:10,31,3.748,,Run,,,,T=32C
2024-05-06,13:15,30,3.744,,Run,,,,T=32C
2024-05-06,13:20,30,3.755,,Run,,,,T=32C
2024-05-06,13:25,29,3.745,,Run,,,,T=32C
2024-05-06,13:30,28,3.745,,Run,,,,T=33C
2024-05-07,13:06,,,,Pool Swim,24:12,HRM Pro+Tempe,Off,
2024-05-07,13:11,15,3.695,,Pool Swim,,,,T=27C
2024-05-07,13:16,14,3.695,,Pool Swim,,,,T=27C
2024-05-07,13:21,14,3.691,,Pool Swim,,,,T=27C
2024-05-07,13:26,14,3.690,,Pool Swim,,,,T=27C
2024-05-08,13:05,,,,Strength,41:23,HRM,Off,
2024-05-08,13:14,44,3.865,,Strength,,,,T=26C
2024-05-08,13:19,44,3.865,,Strength,,,,T=26C
2024-05-08,13:24,44,3.865,,Strength,,,,T=26C
2024-05-08,13:29,44,3.863,,Strength,,,,T=26C
2024-05-08,13:34,44,3.863,,Strength,,,,T=26C
2024-05-08,13:39,44,3.864,,Strength,,,,T=26C
2024-05-08,13:49,44,3.858,,Strength,,,,T=26C
2024-05-09,13:03,38,3.808,,Track Run,30:11,HRM,All-systems,T=31C
2024-05-09,13:05,38,3.808,,Track Run,,,,T=31C
2024-05-09,13:10,37,3.803,,Track Run,,,,T=32C
2024-05-09,13:15,37,3.803,,Track Run,,,,T=31C
2024-05-09,13:20,36,3.799,,Track Run,,,,T=31C
2024-05-09,13:25,36,3.796,,Track Run,,,,T=32C
2024-05-09,13:30,35,3.790,,Track Run,,,,T=32C
2024-05-09,13:35,35,3.785,,Track Run,,,,T=33C
2024-05-10,12:17,23,3.742,,Strength,30:45,HRM Pro,Off,T=27C
2024-05-10,12:19,23,3.742,,Strength,,,,T=27C
2024-05-10,12:24,22,3.746,,Strength,,,,T=26C
2024-05-10,12:29,22,3.746,,Strength,,,,T=26C
2024-05-10,12:39,22,3.744,,Strength,,,,T=26C
2024-05-10,12:44,22,3.744,,Strength,,,,T=26C
2024-05-10,13:06,,,,Pool Swim,25:18,HRM Pro,Off,
2024-05-10,13:09,21,3.736,,Pool Swim,,,,T=27C
2024-05-10,13:14,21,3.732,,Pool Swim,,,,T=27C
2024-05-10,13:19,21,3.733,,Pool Swim,,,,T=27C
2024-05-10,13:24,20,3.730,,Pool Swim,,,,T=27C
2024-05-10,13:29,20,3.730,,Pool Swim,,,,T=27C
2024-05-13,12:56,67,4.046,,Run,29:07,HRM+Tempe,All-systems Multiband,T=29C
2024-05-13,12:57,67,4.046,,Run,,,,T=29C
2024-05-13,13:02,66,4.042,,Run,,,,T=31C
2024-05-13,13:07,66,4.038,,Run,,,,T=30C
2024-05-13,13:12,65,4.025,,Run,,,,T=30C
2024-05-13,13:17,64,4.016,,Run,,,,T=31C
2024-05-13,13:27,63,3.995,,Run,,,,T=32C
2024-05-14,13:05,54,3.924,,Strength,43:06,HRM+Tempe,Off,T=27C
2024-05-14,13:07,54,3.924,,Strength,,,,T=27C
2024-05-14,13:12,54,3.931,,Strength,,,,T=26C
2024-05-14,13:22,54,3.925,,Strength,,,,T=26C
2024-05-14,13:27,54,3.927,,Strength,,,,T=26C
2024-05-14,13:37,54,3.929,,Strength,,,,T=26C
2024-05-14,13:42,54,3.928,,Strength,,,,T=26C
2024-05-14,13:47,54,3.924,,Strength,,,,T=26C
2024-05-16,13:04,41,3.827,,Track Run,28:00,HRM+Stryd+Tempe,All-systems,T=32C
2024-05-16,13:05,41,3.827,,Track Run,,,,T=32C
2024-05-16,13:14,41,3.825,,Track Run,,,,T=33C
2024-05-16,13:19,40,3.821,,Track Run,,,,T=33C
2024-05-16,13:24,40,3.823,,Track Run,,,,T=32C
2024-05-16,13:29,39,3.816,,Track Run,,,,T=32C
2024-05-16,13:34,39,3.815,,Track Run,,,,T=32C
2024-05-17,13:06,94,4.376,,Pool Swim,25:21,HRM Pro+Tempe,Off,T=28C
2024-05-17,13:11,94,4.372,,Pool Swim,,,,T=28C
2024-05-17,13:16,94,4.370,,Pool Swim,,,,T=28C
2024-05-17,13:21,94,4.367,,Pool Swim,,,,T=28C
2024-05-17,13:26,93,4.366,,Pool Swim,,,,T=28C
2024-05-17,13:31,93,4.358,,Pool Swim,,,,T=28C
2024-05-20,13:02,,,,Strength,36:32,HRM+Tempe,Off,
2024-05-20,13:06,74,4.150,,Strength,,,,T=26C
2024-05-20,13:11,74,4.149,,Strength,,,,T=26C
2024-05-20,13:21,74,4.146,,Strength,,,,T=26C
2024-05-20,13:26,74,4.146,,Strength,,,,T=26C
2024-05-20,13:31,74,4.145,,Strength,,,,T=26C
2024-05-20,13:36,73,4.138,,Strength,,,,T=26C
2024-05-21,12:54,64,3.999,,Run,32:28,HRM+Tempe,All-systems Multiband,T=27C
2024-05-21,12:56,64,3.999,,Run,,,,T=27C
2024-05-21,13:01,63,3.991,,Run,,,,T=26C
2024-05-21,13:06,62,3.978,,Run,,,,T=26C
2024-05-21,13:11,62,3.968,,Run,,,,T=26C
2024-05-21,13:16,61,3.928,,Run,,,,T=26C
2024-05-21,13:21,61,3.956,,Run,,,,T=27C
2024-05-21,13:26,60,3.948,,Run,,,,T=27C
2024-05-22,13:01,,,,Track Run,30:02,HRM+Stryd+Tempe,All-systems,
2024-05-22,13:06,52,3.886,,Track Run,,,,T=29C
2024-05-22,13:11,51,3.890,,Track Run,,,,T=29C
2024-05-22,13:16,51,3.886,,Track Run,,,,T=29C
2024-05-22,13:21,50,3.883,,Track Run,,,,T=29C
2024-05-22,13:26,50,3.880,,Track Run,,,,T=29C
2024-05-22,13:31,50,3.876,,Track Run,,,,T=29C
2024-05-23,13:06,,,,Pool Swim,21:32,HRM Pro,Off,
2024-05-23,13:11,42,3.835,,Pool Swim,,,,T=27C
2024-05-23,13:16,41,3.831,,Pool Swim,,,,T=27C
2024-05-23,13:21,41,3.830,,Pool Swim,,,,T=27C
2024-05-23,13:26,41,3.831,,Pool Swim,,,,T=27C
2024-05-24,13:01,,,,Strength,43:46,HRM+Tempe,Off,
2024-05-24,13:05,91,4.343,,Strength,,,,T=26C
2024-05-24,13:10,91,4.343,,Strength,,,,T=26C
2024-05-24,13:15,91,4.341,,Strength,,,,T=26C
2024-05-24,13:20,91,4.340,,Strength,,,,T=26C
2024-05-24,13:25,91,4.340,,Strength,,,,T=26C
2024-05-24,13:30,91,4.340,,Strength,,,,T=26C
2024-05-24,13:35,90,4.337,,Strength,,,,T=26C
2024-05-24,13:40,90,4.335,,Strength,,,,T=26C
2024-05-24,13:45,90,4.335,,Strength,,,,T=27C
2024-05-24,13:50,90,4.331,,Strength,,,,T=27C
2024-05-24,13:55,90,4.329,,Strength,,,,T=27C
2024-05-24,14:00,90,4.328,,Strength,,,,T=27C
2024-05-27,13:01,,,,Run,20:06,HRM+Tempe,All-systems Multiband,
2024-05-27,13:05,69,4.070,,Run,,,,T=31C
2024-05-27,13:10,69,4.063,,Run,,,,T=32C
2024-05-27,13:15,68,4.053,,Run,,,,T=32C
2024-05-27,13:20,67,4.048,,Run,,,,T=32C
2024-05-27,13:25,67,4.039,,Run,,,,T=31C
2024-05-28,12:58,57,3.940,,Run,43:12,HRM+Stryd+Tempe,All-systems Multiband,T=31C
2024-05-28,13:00,57,3.940,,Run,,,,T=31C
2024-05-28,13:05,57,3.938,,Run,,,,T=32C
2024-05-28,13:10,56,3.937,,Run,,,,T=33C
2024-05-28,13:15,56,3.931,,Run,,,,T=32C
2024-05-28,13:20,55,3.926,,Run,,,,T=33C
2024-05-28,13:25,55,3.925,,Run,,,,T=33C
2024-05-28,13:30,54,3.917,,Run,,,,T=33C
2024-05-28,13:35,54,3.915,,Run,,,,T=34C
2024-05-28,13:40,53,3.911,,Run,,,,T=33C
2024-05-29,13:05,47,3.863,,Pool Swim,24:47,HRM Pro+Tempe,Off,T=29C
2024-05-29,13:06,47,3.863,,Pool Swim,,,,T=29C
2024-05-29,13:11,47,3.866,,Pool Swim,,,,T=28C
2024-05-29,13:16,46,3.863,,Pool Swim,,,,T=28C
2024-05-29,13:21,46,3.859,,Pool Swim,,,,T=28C
2024-05-29,13:26,46,3.861,,Pool Swim,,,,T=28C
2024-05-30,13:04,39,3.813,,Strength,36:23,HRM,Off,T=27C
2024-05-30,13:06,39,3.813,,Strength,,,,T=27C
2024-05-30,13:11,38,3.822,,Strength,,,,T=27C
2024-05-30,13:16,38,3.821,,Strength,,,,T=27C
2024-05-30,13:21,38,3.821,,Strength,,,,T=27C
2024-05-30,13:26,38,3.821,,Strength,,,,T=27C
2024-05-30,13:31,38,3.821,,Strength,,,,T=27C
2024-05-30,13:36,38,3.817,,Strength,,,,T=27C
2024-05-31,13:06,,,,Pool Swim,25:56,HRM Pro+Tempe,Off,
2024-05-31,13:15,27,3.731,,Pool Swim,,,,T=28C
2024-05-31,13:25,27,3.758,,Pool Swim,,,,T=28C
2024-05-31,13:30,27,3.759,,Pool Swim,,,,T=28C
2024-06-03,13:10,,,,Strength,30:33,HRM+Tempe,Off,
2024-06-03,13:13,49,3.883,,Strength,,,,T=27C
2024-06-03,13:18,49,3.883,,Strength,,,,T=26C
2024-06-03,13:23,49,3.884,,Strength,,,,T=26C
2024-06-03,13:33,49,3.882,,Strength,,,,T=26C
2024-06-03,13:43,49,3.880,,Strength,,,,T=27C
2024-06-04,13:05,,,,Pool Swim,24:20,HRM Pro+Tempe,Off,
2024-06-04,13:10,41,3.831,,Pool Swim,,,,T=27C
2024-06-04,13:15,41,3.830,,Pool Swim,,,,T=27C
2024-06-04,13:20,41,3.828,,Pool Swim,,,,T=27C
2024-06-04,13:25,40,3.829,,Pool Swim,,,,T=27C
2024-06-05,13:00,31,3.766,,Run,36:15,HRM+Stryd+Tempe,All-systems Multiband,T=29C
2024-06-05,13:01,31,3.766,,Run,,,,T=29C
2024-06-05,13:06,31,3.763,,Run,,,,T=28C
2024-06-05,13:11,30,3.760,,Run,,,,T=28C
2024-06-05,13:16,29,3.757,,Run,,,,T=28C
2024-06-05,13:21,29,3.751,,Run,,,,T=28C
2024-06-05,13:26,28,3.746,,Run,,,,T=28C
2024-06-05,13:31,28,3.750,,Run,,,,T=28C
2024-06-05,13:36,27,3.740,,Run,,,,T=28C
2024-06-06,13:06,89,4.323,,Pool Swim,28:08,HRM Pro+Tempe,Off,T=27C
2024-06-06,13:08,89,4.323,,Pool Swim,,,,T=27C
2024-06-06,13:13,89,4.313,,Pool Swim,,,,T=27C
2024-06-06,13:18,88,4.313,,Pool Swim,,,,T=26C
2024-06-06,13:23,88,4.313,,Pool Swim,,,,T=26C
2024-06-06,13:28,88,4.311,,Pool Swim,,,,T=26C
2024-06-07,09:31,,,,Strength,35:10,HRM,Off,
2024-06-07,09:36,94,4.367,,Strength,,,,T=27C
2024-06-07,09:41,94,4.371,,Strength,,,,T=27C
2024-06-07,09:46,94,4.370,,Strength,,,,T=27C
2024-06-07,09:51,94,4.370,,Strength,,,,T=26C
2024-06-07,09:56,94,4.366,,Strength,,,,T=26C
2024-06-07,10:06,94,4.366,,Strength,,,,T=26C
2024-06-11,13:05,68,4.063,,Pool Swim,35:27,HRM Pro+Tempe,Off,T=30C
2024-06-11,13:06,68,4.063,,Pool Swim,,,,T=30C
2024-06-11,13:11,68,4.060,,Pool Swim,,,,T=29C
2024-06-11,13:16,67,4.053,,Pool Swim,,,,T=29C
2024-06-11,13:21,67,4.045,,Pool Swim,,,,T=29C
2024-06-11,13:26,67,4.048,,Pool Swim,,,,T=29C
2024-06-11,13:31,67,4.043,,Pool Swim,,,,T=29C
2024-06-11,13:36,66,4.037,,Pool Swim,,,,T=29C
2024-06-12,12:55,58,3.935,,Run,35:30,HRM+Stryd+Tempe,All-systems Multiband,T=32C
2024-06-12,12:56,58,3.935,,Run,,,,T=32C
2024-06-12,13:01,57,3.932,,Run,,,,T=33C
2024-06-12,13:06,57,3.931,,Run,,,,T=33C
2024-06-12,13:11,56,3.926,,Run,,,,T=33C
2024-06-12,13:16,56,3.924,,Run,,,,T=34C
2024-06-12,13:23,55,3.924,,Run,,,,T=35C
2024-06-12,13:28,54,3.914,,Run,,,,T=36C
2024-06-13,13:04,,,,Strength,39:27,HRM+Tempe,Off,
2024-06-13,13:08,47,3.871,,Strength,,,,T=30C
2024-06-13,13:13,47,3.870,,Strength,,,,T=29C
2024-06-13,13:18,47,3.868,,Strength,,,,T=29C
2024-06-13,13:23,47,3.866,,Strength,,,,T=28C
2024-06-13,13:33,47,3.865,,Strength,,,,T=28C
2024-06-13,13:38,47,3.866,,Strength,,,,T=28C
2024-06-13,13:43,47,3.862,,Strength,,,,T=28C
2024-06-14,13:03,,,,Cardio,45:41,HRM+Tempe,Off,
2024-06-14,13:05,99,4.415,,Cardio,,,,T=28C
2024-06-14,13:10,99,4.417,,Cardio,,,,T=27C
2024-06-14,13:15,99,4.413,,Cardio,,,,T=27C
2024-06-14,13:20,99,4.415,,Cardio,,,,T=27C
2024-06-14,13:25,99,4.414,,Cardio,,,,T=27C
2024-06-14,13:35,99,4.415,,Cardio,,,,T=28C
2024-06-14,13:40,99,4.414,,Cardio,,,,T=29C
2024-06-14,13:45,98,4.413,,Cardio,,,,T=29C
2024-06-14,13:50,98,4.404,,Cardio,,,,T=29C
2024-06-14,13:55,98,4.406,,Cardio,,,,T=29C
2024-06-17,12:58,,,,Run,29:55,HRM+Stryd+Tempe,All-systems Multiband,
2024-06-17,13:01,78,4.189,,Run,,,,T=32C
2024-06-17,13:11,77,4.183,,Run,,,,T=32C
2024-06-17,13:16,76,4.178,,Run,,,,T=32C
2024-06-17,13:26,75,4.168,,Run,,,,T=34C
2024-06-18,07:28,70,4.108,,Yoga,34:51,Tempe,Off,T=30C
2024-06-18,07:33,70,4.113,,Yoga,,,,T=30C
2024-06-18,07:38,70,4.108,,Yoga,,,,T=30C
2024-06-18,07:43,70,4.108,,Yoga,,,,T=30C
2024-06-18,07:48,70,4.113,,Yoga,,,,T=29C
2024-06-18,07:53,69,4.112,,Yoga,,,,T=30C
2024-06-18,08:03,69,4.108,,Yoga,,,,T=30C
2024-06-18,13:02,68,4.086,,Strength,45:06,Tempe,Off,T=29C
2024-06-18,13:03,68,4.086,,Strength,,,,T=29C
2024-06-18,13:08,68,4.088,,Strength,,,,T=28C
2024-06-18,13:13,68,4.087,,Strength,,,,T=27C
2024-06-18,13:18,67,4.086,,Strength,,,,T=27C
2024-06-18,13:23,67,4.083,,Strength,,,,T=27C
2024-06-18,13:33,67,4.081,,Strength,,,,T=27C
2024-06-18,13:38,67,4.081,,Strength,,,,T=28C
2024-06-18,13:43,67,4.078,,Strength,,,,T=27C
2024-06-19,13:06,,,,Pool Swim,33:08,HRM Pro+Tempe,Off,
2024-06-19,13:08,59,3.985,,Pool Swim,,,,T=31C
2024-06-19,13:13,59,3.983,,Pool Swim,,,,T=31C
2024-06-19,13:18,59,3.980,,Pool Swim,,,,T=31C
2024-06-19,13:23,59,3.977,,Pool Swim,,,,T=31C
2024-06-19,13:28,59,3.980,,Pool Swim,,,,T=31C
2024-06-19,13:33,58,3.973,,Pool Swim,,,,T=31C
2024-06-19,13:38,58,3.970,,Pool Swim,,,,T=31C
2024-06-20,13:06,,,,Pool Swim,22:14,Tempe,Off,
2024-06-20,13:11,99,4.414,,Pool Swim,,,,T=31C
2024-06-20,13:16,98,4.413,,Pool Swim,,,,T=31C
2024-06-20,13:21,98,4.382,,Pool Swim,,,,T=31C
2024-06-20,13:26,98,4.409,,Pool Swim,,,,T=31C
2024-06-24,12:58,,,,Run,33:29,HRM+Stryd+Tempe,All-systems Multiband,
2024-06-24,13:01,73,4.128,,Run,,,,T=33C
2024-06-24,13:06,72,4.120,,Run,,,,T=33C
2024-06-24,13:11,72,4.113,,Run,,,,T=33C
2024-06-24,13:16,71,4.104,,Run,,,,T=33C
2024-06-24,13:21,71,4.103,,Run,,,,T=33C
2024-06-24,13:31,70,4.090,,Run,,,,T=34C
2024-06-25,13:06,,,,Pool Swim,30:39,HRM Pro+Tempe,Off,
2024-06-25,13:11,59,3.977,,Pool Swim,,,,T=32C
2024-06-25,13:21,59,3.970,,Pool Swim,,,,T=32C
2024-06-25,13:26,59,3.962,,Pool Swim,,,,T=32C
2024-06-25,13:31,58,3.968,,Pool Swim,,,,T=32C
2024-06-25,13:36,58,3.952,,Pool Swim,,,,T=32C
2024-06-26,13:13,,,,Strength,32:48,HRM+Tempe,Off,
2024-06-26,13:16,52,3.903,,Strength,,,,T=29C
2024-06-26,13:21,52,3.904,,Strength,,,,T=28C
2024-06-26,13:26,52,3.901,,Strength,,,,T=28C
2024-06-26,13:36,52,3.898,,Strength,,,,T=27C
2024-06-26,13:41,51,3.901,,Strength,,,,T=27C
2024-06-26,13:46,51,3.896,,Strength,,,,T=27C
2024-06-27,13:08,,,,Track Run,23:37,HRM+Stryd+Tempe,All-systems,
2024-06-27,13:12,99,4.411,,Track Run,,,,T=36C
2024-06-27,13:17,99,4.395,,Track Run,,,,T=37C
2024-06-27,13:22,98,4.394,,Track Run,,,,T=37C
2024-06-27,13:27,98,4.390,,Track Run,,,,T=36C
2024-06-27,13:32,98,4.391,,Track Run,,,,T=36C
2024-06-28,12:59,,,,Strength,45:36,HRM,Off,
2024-06-28,13:02,90,4.338,,Strength,,,,T=29C
2024-06-28,13:07,89,4.337,,Strength,,,,T=28C
2024-06-28,13:12,89,4.336,,Strength,,,,T=27C
2024-06-28,13:17,89,4.337,,Strength,,,,T=27C
2024-06-28,13:22,89,4.336,,Strength,,,,T=27C
2024-06-28,13:27,89,4.336,,Strength,,,,T=28C
2024-06-28,13:32,89,4.321,,Strength,,,,T=28C
2024-06-28,13:37,89,4.335,,Strength,,,,T=28C
2024-06-28,13:42,89,4.331,,Strength,,,,T=27C
2024-07-02,13:05,65,4.045,,Pool Swim,30:52,HRM Pro+Tempe,Off,T=31C
2024-07-02,13:07,65,4.045,,Pool Swim,,,,T=31C
2024-07-02,13:12,65,4.038,,Pool Swim,,,,T=31C
2024-07-02,13:17,65,4.033,,Pool Swim,,,,T=31C
2024-07-02,13:22,64,4.030,,Pool Swim,,,,T=32C
2024-07-02,13:27,64,4.025,,Pool Swim,,,,T=31C
2024-07-02,13:32,64,4.020,,Pool Swim,,,,T=31C
2024-07-03,13:07,55,3.928,,Run,25:50,HRM+Stryd+Tempe,All-systems Multiband,T=35C
2024-07-03,13:09,55,3.928,,Run,,,,T=35C
2024-07-03,13:14,55,3.929,,Run,,,,T=36C
2024-07-03,13:19,54,3.923,,Run,,,,T=37C
2024-07-03,13:24,54,3.919,,Run,,,,T=36C
2024-07-03,13:29,53,3.913,,Run,,,,T=37C
2024-07-04,13:06,,,,Pool Swim,25:46,HRM Pro+Tempe,Off,
2024-07-04,13:10,99,4.365,,Pool Swim,,,,T=32C
2024-07-04,13:15,99,4.411,,Pool Swim,,,,T=32C
2024-07-04,13:25,99,4.404,,Pool Swim,,,,T=31C
2024-07-04,13:30,98,4.402,,Pool Swim,,,,T=31C
2024-07-05,07:37,,,,Yoga,37:25,Tempe,Off,
2024-07-05,07:40,91,4.355,,Yoga,,,,T=29C
2024-07-05,07:45,91,4.354,,Yoga,,,,T=30C
2024-07-05,07:50,91,4.355,,Yoga,,,,T=30C
2024-07-05,07:55,91,4.355,,Yoga,,,,T=30C
2024-07-05,08:00,91,4.353,,Yoga,,,,T=30C
2024-07-05,08:10,91,4.353,,Yoga,,,,T=29C
2024-07-05,13:02,,,,Strength,42:21,HRM+Tempe,Off,
2024-07-05,13:06,100,4.421,,Strength,,,,T=28C
2024-07-05,13:11,100,4.421,,Strength,,,,T=27C
2024-07-05,13:21,99,4.420,,Strength,,,,T=27C
2024-07-05,13:26,99,4.418,,Strength,,,,T=27C
2024-07-05,13:31,99,4.420,,Strength,,,,T=27C
2024-07-05,13:36,99,4.413,,Strength,,,,T=26C
2024-07-05,13:41,99,4.416,,Strength,,,,T=26C
2024-07-05,13:46,99,4.413,,Strength,,,,T=26C
2024-07-08,13:01,80,4.209,,Strength,39:30,,Off,T=30C
2024-07-08,13:06,80,4.212,,Strength,,,,T=28C
2024-07-08,13:11,80,4.216,,Strength,,,,T=27C
2024-07-08,13:16,80,4.211,,Strength,,,,T=26C
2024-07-08,13:21,80,4.215,,Strength,,,,T=25C
2024-07-08,13:26,80,4.213,,Strength,,,,T=26C
2024-07-08,13:31,80,4.213,,Strength,,,,T=26C
2024-07-08,13:36,80,4.212,,Strength,,,,T=25C
2024-07-09,07:39,,,,Yoga,32:52,Stryd+Tempe,Off,
2024-07-09,07:46,75,4.148,,Yoga,,,,T=30C
2024-07-09,07:51,75,4.143,,Yoga,,,,T=30C
2024-07-09,07:56,75,4.146,,Yoga,,,,T=31C
2024-07-09,08:06,74,4.139,,Yoga,,,,T=30C
2024-07-09,08:11,74,4.135,,Yoga,,,,T=30C
2024-07-09,13:05,72,4.118,,Pool Swim,29:12,Tempe+HRM Pro,Off,T=33C
2024-07-09,13:06,72,4.118,,Pool Swim,,,,T=33C
2024-07-09,13:11,72,4.113,,Pool Swim,,,,T=32C
2024-07-09,13:16,72,4.115,,Pool Swim,,,,T=32C
2024-07-09,13:21,72,4.110,,Pool Swim,,,,T=32C
2024-07-09,13:31,71,4.106,,Pool Swim,,,,T=32C
2024-07-10,07:53,,,,Pool Swim,38:51,Tempe,Off,
2024-07-10,07:56,66,4.040,,Pool Swim,,,,T=31C
2024-07-10,08:01,66,4.038,,Pool Swim,,,,T=31C
2024-07-10,08:11,65,4.033,,Pool Swim,,,,T=31C
2024-07-10,08:16,65,4.031,,Pool Swim,,,,T=31C
2024-07-10,08:21,65,4.029,,Pool Swim,,,,T=31C
2024-07-10,08:26,65,4.028,,Pool Swim,,,,T=31C
2024-07-10,08:31,65,4.027,,Pool Swim,,,,T=31C
2024-07-10,12:58,,,,Run,38:17,HRM+Stryd+Tempe,All-systems Multiband,
2024-07-10,13:00,97,4.373,,Run,,,,T=34C
2024-07-10,13:10,96,4.368,,Run,,,,T=37C
2024-07-10,13:15,95,4.364,,Run,,,,T=37C
2024-07-10,13:20,95,4.356,,Run,,,,T=36C
2024-07-10,13:25,94,4.356,,Run,,,,T=37C
2024-07-10,13:30,94,4.350,,Run,,,,T=36C
2024-07-10,13:35,93,4.343,,Run,,,,T=36C
2024-07-11,14:34,85,4.259,,Run,31:04,Tempe,All-systems Multiband,T=32C
2024-07-11,14:35,85,4.259,,Run,,,,T=32C
2024-07-11,14:40,84,4.248,,Run,,,,T=33C
2024-07-11,14:45,84,4.246,,Run,,,,T=34C
2024-07-11,14:50,83,4.235,,Run,,,,T=36C
2024-07-11,14:55,83,4.231,,Run,,,,T=35C
2024-07-11,15:00,82,4.226,,Run,,,,T=35C
2024-07-11,15:05,82,4.220,,Run,,,,T=35C
2024-07-12,13:05,,,,Pool Swim,29:59,HRM Pro,Off,
2024-07-12,13:10,74,4.146,,Pool Swim,,,,T=32C
2024-07-12,13:20,74,4.140,,Pool Swim,,,,T=32C
2024-07-12,13:25,74,4.136,,Pool Swim,,,,T=32C
2024-07-12,13:30,73,4.133,,Pool Swim,,,,T=32C
2024-07-12,13:35,73,4.129,,Pool Swim,,,,T=32C
2024-07-15,13:05,53,3.906,,Strength,59:53,HRM,Off,T=29C
2024-07-15,13:10,53,3.906,,Strength,,,,T=27C
2024-07-15,13:15,53,3.903,,Strength,,,,T=27C
2024-07-15,13:20,53,3.910,,Strength,,,,T=26C
2024-07-15,13:25,53,3.908,,Strength,,,,T=26C
2024-07-15,13:35,53,3.909,,Strength,,,,T=25C
2024-07-15,13:40,53,3.907,,Strength,,,,T=25C
2024-07-15,13:45,53,3.906,,Strength,,,,T=26C
2024-07-15,13:50,53,3.903,,Strength,,,,T=26C
2024-07-15,13:55,52,3.906,,Strength,,,,T=26C
2024-07-15,14:00,52,3.905,,Strength,,,,T=29C
2024-07-16,13:08,46,3.854,,Pool Swim,30:15,Tempe,Off,T=32C
2024-07-16,13:10,46,3.854,,Pool Swim,,,,T=32C
2024-07-16,13:15,45,3.856,,Pool Swim,,,,T=32C
2024-07-16,13:20,45,3.855,,Pool Swim,,,,T=32C
2024-07-16,13:25,45,3.856,,Pool Swim,,,,T=32C
2024-07-16,13:30,45,3.858,,Pool Swim,,,,T=32C
2024-07-16,13:35,45,3.851,,Pool Swim,,,,T=32C
2024-07-17,13:07,,,,Pool Swim,25:23,Tempe+HRM Pro,Off,
2024-07-17,13:10,37,3.810,,Pool Swim,,,,T=33C
2024-07-17,13:15,37,3.808,,Pool Swim,,,,T=33C
2024-07-17,13:20,36,3.806,,Pool Swim,,,,T=33C
2024-07-17,13:25,36,3.804,,Pool Swim,,,,T=33C
2024-07-18,13:03,,,,Track Run,26:22,HRM+Stryd+Tempe,All-systems,
2024-07-18,13:06,37,3.824,,Track Run,,,,T=32C
2024-07-18,13:11,36,3.814,,Track Run,,,,T=32C
2024-07-18,13:16,36,3.820,,Track Run,,,,T=32C
2024-07-18,13:21,35,3.812,,Track Run,,,,T=32C
2024-07-18,13:26,35,3.804,,Track Run,,,,T=32C
2024-07-18,13:31,34,3.800,,Track Run,,,,T=32C
2024-07-19,12:55,,,,Strength,02:40,HRM+Tempe+Stryd,Off,
2024-07-19,12:58,75,4.148,,Cardio,40:45,HRM+Tempe+Stryd,Off,T=28C
2024-07-19,12:59,75,4.148,,Cardio,,,,T=28C
2024-07-19,13:04,75,4.153,,Cardio,,,,T=26C
2024-07-19,13:09,75,4.151,,Cardio,,,,T=25C
2024-07-19,13:14,75,4.150,,Cardio,,,,T=24C
2024-07-19,13:19,74,4.143,,Cardio,,,,T=25C
2024-07-19,13:24,74,4.146,,Cardio,,,,T=25C
2024-07-19,13:29,74,4.138,,Cardio,,,,T=26C
2024-07-19,13:34,74,4.138,,Cardio,,,,T=25C
2024-07-22,07:29,,,,Yoga,35:53,Tempe,Off,
2024-07-22,07:34,56,3.940,,Yoga,,,,T=31C
2024-07-22,07:39,56,3.938,,Yoga,,,,T=31C
2024-07-22,07:44,55,3.937,,Yoga,,,,T=31C
2024-07-22,07:54,55,3.939,,Yoga,,,,T=31C
2024-07-22,07:59,55,3.938,,Yoga,,,,T=31C
2024-07-22,08:04,55,3.936,,Yoga,,,,T=31C
2024-07-22,12:59,54,3.857,,Run,40:13,HRM+Stryd+Tempe,All-systems Multiband,T=31C
2024-07-22,13:04,53,3.899,,Run,,,,T=34C
2024-07-22,13:09,53,3.900,,Run,,,,T=35C
2024-07-22,13:14,52,3.896,,Run,,,,T=34C
2024-07-22,13:19,52,3.891,,Run,,,,T=33C
2024-07-22,13:24,51,3.886,,Run,,,,T=33C
2024-07-22,13:29,51,3.883,,Run,,,,T=33C
2024-07-22,13:34,50,3.880,,Run,,,,T=34C
2024-07-22,13:39,50,3.875,,Run,,,,T=34C
2024-07-23,13:05,,,,Pool Swim,37:24,Tempe+HRM Pro,Off,
2024-07-23,13:10,42,3.840,,Pool Swim,,,,T=32C
2024-07-23,13:20,41,3.834,,Pool Swim,,,,T=32C
2024-07-23,13:25,41,3.833,,Pool Swim,,,,T=32C
2024-07-23,13:30,41,3.833,,Pool Swim,,,,T=32C
2024-07-23,13:35,41,3.831,,Pool Swim,,,,T=32C
2024-07-23,13:40,40,3.829,,Pool Swim,,,,T=32C
2024-07-24,07:43,,,,Run,18:27,HRM+Stryd+Tempe,All-systems Multiband,
2024-07-24,07:47,76,4.148,,Run,,,,T=30C
2024-07-24,07:52,75,4.145,,Run,,,,T=30C
2024-07-24,07:57,75,4.141,,Run,,,,T=31C
2024-07-24,08:02,74,4.131,,Run,,,,T=31C
2024-07-24,13:07,,,,Pool Swim,32:02,Tempe+HRM Pro,Off,
2024-07-24,13:12,72,4.118,,Pool Swim,,,,T=32C
2024-07-24,13:17,72,4.116,,Pool Swim,,,,T=32C
2024-07-24,13:22,72,4.115,,Pool Swim,,,,T=32C
2024-07-24,13:32,71,4.103,,Pool Swim,,,,T=32C
2024-07-25,13:03,,,,Strength,40:25,HRM+Stryd+Tempe,Off,
2024-07-25,13:12,63,4.000,,Strength,,,,T=28C
2024-07-25,13:22,62,3.999,,Strength,,,,T=28C
2024-07-25,13:27,62,3.992,,Strength,,,,T=27C
2024-07-25,13:32,62,3.996,,Strength,,,,T=27C
2024-07-25,13:42,62,3.989,,Strength,,,,T=27C
2024-07-26,07:24,,,,Run,22:14,Stryd+Tempe,All-systems Multiband,
2024-07-26,07:27,55,3.919,,Run,,,,T=30C
2024-07-26,07:32,55,3.915,,Run,,,,T=30C
2024-07-26,07:37,54,3.913,,Run,,,,T=29C
2024-07-26,07:42,54,3.908,,Run,,,,T=29C
2024-07-26,07:47,53,3.905,,Run,,,,T=29C
2024-07-26,13:07,,,,Pool Swim,26:42,HRM Pro+Tempe,Off,
2024-07-26,13:10,51,3.900,,Pool Swim,,,,T=31C
2024-07-26,13:15,51,3.898,,Pool Swim,,,,T=31C
2024-07-26,13:20,51,3.896,,Pool Swim,,,,T=31C
2024-07-26,13:25,51,3.891,,Pool Swim,,,,T=31C
2024-07-29,12:58,,,,Strength,51:56,HRM+Stryd+Tempe,Off,
2024-07-29,13:02,37,3.837,,Strength,,,,T=28C
2024-07-29,13:07,37,3.833,,Strength,,,,T=27C
2024-07-29,13:12,37,3.830,,Strength,,,,T=27C
2024-07-29,13:17,37,3.831,,Strength,,,,T=27C
2024-07-29,13:22,37,3.827,,Strength,,,,T=27C
2024-07-29,13:27,36,3.830,,Strength,,,,T=26C
2024-07-29,13:32,36,3.824,,Strength,,,,T=26C
2024-07-29,13:37,36,3.823,,Strength,,,,T=26C
2024-07-29,13:47,36,3.823,,Strength,,,,T=25C
2024-07-30,13:06,89,4.328,,Pool Swim,27:56,Tempe,Off,T=30C
2024-07-30,13:11,89,4.330,,Pool Swim,,,,T=29C
2024-07-30,13:16,89,4.330,,Pool Swim,,,,T=29C
2024-07-30,13:21,89,4.328,,Pool Swim,,,,T=29C
2024-07-30,13:26,89,4.328,,Pool Swim,,,,T=29C
2024-07-30,13:31,89,4.324,,Pool Swim,,,,T=29C
2024-07-31,07:21,,,,Run,20:17,HRM+Stryd+Tempe,All-systems Multiband,
2024-07-31,07:26,84,4.246,,Run,,,,T=28C
2024-07-31,07:31,83,4.233,,Run,,,,T=27C
2024-07-31,07:36,83,4.235,,Run,,,,T=28C
2024-07-31,07:41,82,4.223,,Run,,,,T=28C
2024-07-31,13:06,,,,Pool Swim,36:44,Tempe,Off,
2024-07-31,13:12,92,4.347,,Pool Swim,,,,T=29C
2024-07-31,13:17,91,4.343,,Pool Swim,,,,T=29C
2024-07-31,13:22,91,4.340,,Pool Swim,,,,T=29C
2024-07-31,13:27,91,4.342,,Pool Swim,,,,T=29C
2024-07-31,13:32,91,4.338,,Pool Swim,,,,T=29C
2024-07-31,13:42,90,4.333,,Pool Swim,,,,T=29C
2024-08-01,07:28,,,,Yoga,45:22,,Off,
2024-08-01,07:32,85,4.284,,Yoga,,,,T=30C
2024-08-01,07:37,85,4.283,,Yoga,,,,T=30C
2024-08-01,07:42,85,4.283,,Yoga,,,,T=30C
2024-08-01,07:47,85,4.283,,Yoga,,,,T=30C
2024-08-01,07:57,85,4.280,,Yoga,,,,T=30C
2024-08-01,08:02,85,4.279,,Yoga,,,,T=30C
2024-08-01,08:07,85,4.279,,Yoga,,,,T=30C
2024-08-01,08:12,85,4.280,,Yoga,,,,T=30C
2024-08-01,13:00,,,,Run,39:08,HRM+Stryd+Tempe,All-systems Multiband,
2024-08-01,13:07,82,4.231,,Run,,,,T=30C
2024-08-01,13:12,82,4.227,,Run,,,,T=30C
2024-08-01,13:17,81,4.219,,Run,,,,T=30C
2024-08-01,13:22,81,4.216,,Run,,,,T=31C
2024-08-01,13:27,80,4.209,,Run,,,,T=31C
2024-08-01,13:32,80,4.204,,Run,,,,T=31C
2024-08-02,07:30,,,,Strength,1:01:00,,Off,
2024-08-02,07:35,74,4.149,,Strength,,,,T=28C
2024-08-02,07:40,74,4.148,,Strength,,,,T=27C
2024-08-02,07:45,74,4.148,,Strength,,,,T=27C
2024-08-02,07:50,74,4.146,,Strength,,,,T=27C
2024-08-02,07:55,74,4.147,,Strength,,,,T=27C
2024-08-02,08:00,74,4.145,,Strength,,,,T=27C
2024-08-02,08:05,74,4.143,,Strength,,,,T=26C
2024-08-02,08:10,73,4.142,,Strength,,,,T=25C
2024-08-02,08:15,73,4.141,,Strength,,,,T=26C
2024-08-02,08:20,73,4.139,,Strength,,,,T=26C
2024-08-02,08:25,73,4.137,,Strength,,,,T=27C
2024-08-02,08:30,73,4.140,,Strength,,,,T=27C
2024-08-02,13:05,71,4.108,,Pool Swim,25:41,HRM Pro+Tempe,Off,T=33C
2024-08-02,13:15,71,4.105,,Pool Swim,,,,T=30C
2024-08-02,13:20,71,4.105,,Pool Swim,,,,T=31C
2024-08-02,13:25,70,4.101,,Pool Swim,,,,T=31C
2024-08-02,13:30,70,4.099,,Pool Swim,,,,T=31C
2024-08-05,13:05,,,,Run,38:11,HRM+Stryd+Tempe,All-systems Multiband,
2024-08-05,13:10,46,3.853,,Run,,,,T=34C
2024-08-05,13:15,45,3.851,,Run,,,,T=35C
2024-08-05,13:22,44,3.846,,Run,,,,T=35C
2024-08-05,13:27,44,3.838,,Run,,,,T=35C
2024-08-05,13:32,43,3.835,,Run,,,,T=35C
2024-08-05,13:37,43,3.833,,Run,,,,T=35C
2024-08-05,13:42,42,3.834,,Run,,,,T=36C
2024-08-06,07:24,89,4.303,,Run,18:00,HRM+Stryd+Tempe,All-systems Multiband,T=30C
2024-08-06,07:26,89,4.303,,Run,,,,T=30C
2024-08-06,07:36,88,4.293,,Run,,,,T=31C
2024-08-06,07:41,87,4.288,,Run,,,,T=32C
2024-08-06,13:10,85,4.270,,Strength,36:19,HRM+Tempe,Off,T=29C
2024-08-06,13:11,85,4.270,,Strength,,,,T=29C
2024-08-06,13:16,85,4.273,,Strength,,,,T=28C
2024-08-06,13:26,84,4.272,,Strength,,,,T=27C
2024-08-06,13:31,84,4.271,,Strength,,,,T=26C
2024-08-06,13:36,84,4.267,,Strength,,,,T=26C
2024-08-06,13:41,84,4.267,,Strength,,,,T=26C
2024-08-07,07:35,78,4.190,,Yoga,28:37,Tempe,Off,T=30C
2024-08-07,07:36,78,4.190,,Yoga,,,,T=30C
2024-08-07,07:41,78,4.195,,Yoga,,,,T=29C
2024-08-07,07:46,78,4.195,,Yoga,,,,T=30C
2024-08-07,07:51,78,4.193,,Yoga,,,,T=30C
2024-08-07,07:56,78,4.193,,Yoga,,,,T=30C
2024-08-07,08:01,78,4.193,,Yoga,,,,T=30C
2024-08-07,08:06,78,4.189,,Yoga,,,,T=30C
2024-08-07,13:06,,,,Pool Swim,26:43,HRM Pro+Tempe,Off,
2024-08-07,13:11,75,4.153,,Pool Swim,,,,T=32C
2024-08-07,13:16,75,4.149,,Pool Swim,,,,T=32C
2024-08-07,13:21,74,4.146,,Pool Swim,,,,T=33C
2024-08-07,13:26,74,4.146,,Pool Swim,,,,T=33C
2024-08-08,07:30,68,4.071,,Yoga,38:35,,Off,T=30C
2024-08-08,07:31,68,4.071,,Yoga,,,,T=30C
2024-08-08,07:36,68,4.070,,Yoga,,,,T=30C
2024-08-08,07:41,68,4.076,,Yoga,,,,T=30C
2024-08-08,07:46,68,4.074,,Yoga,,,,T=30C
2024-08-08,07:51,68,4.074,,Yoga,,,,T=30C
2024-08-08,07:56,67,4.073,,Yoga,,,,T=30C
2024-08-08,08:01,67,4.070,,Yoga,,,,T=30C
2024-08-08,08:06,67,4.068,,Yoga,,,,T=30C
2024-08-08,13:08,,,,Track Run,22:01,HRM+Stryd+Tempe,All-systems,
2024-08-08,13:16,64,4.020,,Track Run,,,,T=35C
2024-08-08,13:21,64,4.008,,Track Run,,,,T=35C
2024-08-08,13:26,64,4.000,,Track Run,,,,T=36C
2024-08-08,13:31,63,3.995,,Track Run,,,,T=37C
2024-08-09,13:05,,,,Pool Swim,30:02,Tempe+HRM Pro,Off,
2024-08-09,13:10,99,4.408,,Pool Swim,,,,T=33C
2024-08-09,13:15,98,4.406,,Pool Swim,,,,T=33C
2024-08-09,13:20,98,4.404,,Pool Swim,,,,T=33C
2024-08-09,13:25,98,4.373,,Pool Swim,,,,T=34C
2024-08-09,13:30,98,4.399,,Pool Swim,,,,T=33C
2024-08-09,13:35,97,4.391,,Pool Swim,,,,T=34C
2024-08-12,07:39,81,4.225,,Yoga,39:01,,Off,T=30C
2024-08-12,07:40,81,4.225,,Yoga,,,,T=30C
2024-08-12,07:50,81,4.225,,Yoga,,,,T=30C
2024-08-12,08:00,81,4.227,,Yoga,,,,T=30C
2024-08-12,08:10,81,4.227,,Yoga,,,,T=31C
2024-08-12,08:15,81,4.226,,Yoga,,,,T=30C
2024-08-12,08:20,81,4.220,,Yoga,,,,T=30C
2024-08-12,08:25,81,4.220,,Yoga,,,,T=30C
2024-08-12,08:30,80,4.217,,Yoga,,,,T=30C
2024-08-12,13:06,,,,Run,50:35,HRM+Stryd+Tempe,All-systems Multiband,
2024-08-12,13:10,78,4.175,,Run,,,,T=32C
2024-08-12,13:20,77,4.164,,Run,,,,T=32C
2024-08-12,13:30,76,4.150,,Run,,,,T=32C
2024-08-12,13:35,75,4.146,,Run,,,,T=34C
2024-08-12,13:45,74,4.138,,Run,,,,T=33C
2024-08-12,13:50,74,4.133,,Run,,,,T=33C
2024-08-12,13:55,73,4.128,,Run,,,,T=34C
2024-08-13,13:06,,,,Pool Swim,25:36,Tempe,Off,from fixed/edited file
2024-08-13,13:10,66,4.041,,Pool Swim,,,,T=32C
2024-08-13,13:15,66,4.035,,Pool Swim,,,,T=33C
2024-08-13,13:20,65,4.031,,Pool Swim,,,,T=32C
2024-08-13,13:25,65,4.021,,Pool Swim,,,,T=32C
2024-08-13,13:30,65,4.021,,Pool Swim,,,,T=32C
2024-08-14,07:17,,,,Run,24:06,HRM+Stryd+Tempe,All-systems Multiband,
2024-08-14,07:20,57,3.936,,Run,,,,T=29C
2024-08-14,07:25,57,3.930,,Run,,,,T=28C
2024-08-14,07:30,56,3.926,,Run,,,,T=28C
2024-08-14,07:35,56,3.921,,Run,,,,T=28C
2024-08-14,07:40,55,3.918,,Run,,,,T=28C
2024-08-14,13:13,,,,Strength,35:29,HRM+Stryd+Tempe,Off,
2024-08-14,13:20,52,3.910,,Strength,,,,T=27C
2024-08-14,13:25,52,3.906,,Strength,,,,T=27C
2024-08-14,13:30,52,3.903,,Strength,,,,T=27C
2024-08-14,13:35,52,3.900,,Strength,,,,T=27C
2024-08-14,13:40,51,3.901,,Strength,,,,T=27C
2024-08-14,13:45,51,3.900,,Strength,,,,T=27C
2024-08-15,07:27,92,4.346,,Pool Swim,43:17,Tempe+HRM Pro,Off,from fixed/edited file T=30C
2024-08-15,07:29,92,4.346,,Pool Swim,,,,T=30C
2024-08-15,07:34,91,4.342,,Pool Swim,,,,T=31C
2024-08-15,07:39,91,4.340,,Pool Swim,,,,T=31C
2024-08-15,07:49,91,4.336,,Pool Swim,,,,T=31C
2024-08-15,07:54,91,4.333,,Pool Swim,,,,T=31C
2024-08-15,08:04,90,4.326,,Pool Swim,,,,T=31C
2024-08-15,08:09,90,4.326,,Pool Swim,,,,T=31C
2024-08-15,13:04,,,,Cardio,45:02,HRM+Tempe+Stryd,Off,
2024-08-15,13:09,88,4.301,,Cardio,,,,T=27C
2024-08-15,13:14,87,4.300,,Cardio,,,,T=27C
2024-08-15,13:19,87,4.301,,Cardio,,,,T=26C
2024-08-15,13:24,87,4.297,,Cardio,,,,T=26C
2024-08-15,13:29,87,4.295,,Cardio,,,,T=26C
2024-08-15,13:34,87,4.295,,Cardio,,,,T=26C
2024-08-15,13:39,87,4.295,,Cardio,,,,T=26C
2024-08-15,13:44,87,4.293,,Cardio,,,,T=27C
2024-08-15,13:49,86,4.290,,Cardio,,,,T=28C
2024-08-16,13:02,94,4.349,,Run,29:46,HRM+Stryd+Tempe,All-systems Multiband,T=30C
2024-08-16,13:03,94,4.349,,Run,,,,T=30C
2024-08-16,13:08,93,4.346,,Run,,,,T=31C
2024-08-16,13:13,93,4.341,,Run,,,,T=30C
2024-08-16,13:18,92,4.338,,Run,,,,T=30C
2024-08-16,13:23,92,4.334,,Run,,,,T=30C
2024-08-16,13:28,91,4.328,,Run,,,,T=30C
2024-08-16,13:33,91,4.320,,Run,,,,T=31C
2024-08-19,13:01,,,,Strength,48:07,HRM+Tempe,Off,
2024-08-19,13:05,68,4.075,,Strength,,,,T=28C
2024-08-19,13:15,68,4.075,,Strength,,,,T=28C
2024-08-19,13:20,68,4.073,,Strength,,,,T=28C
2024-08-19,13:25,68,4.070,,Strength,,,,T=28C
2024-08-19,13:30,68,4.069,,Strength,,,,T=28C
2024-08-19,13:35,68,4.068,,Strength,,,,T=28C
2024-08-19,13:40,68,4.067,,Strength,,,,T=28C
2024-08-19,13:45,67,4.066,,Strength,,,,T=28C
2024-08-20,13:05,,,,Pool Swim,26:02,HRM Pro+Tempe,Off,
2024-08-20,13:10,59,3.960,,Pool Swim,,,,T=29C
2024-08-20,13:20,58,3.950,,Pool Swim,,,,T=29C
2024-08-20,13:25,58,3.949,,Pool Swim,,,,T=29C
2024-08-20,13:30,57,3.947,,Pool Swim,,,,T=29C
2024-08-21,07:35,,,,Run,24:20,HRM+Stryd+Tempe,All-systems Multiband,
2024-08-21,07:38,95,4.358,,Run,,,,T=29C
2024-08-21,07:43,95,4.358,,Run,,,,T=29C
2024-08-21,07:53,94,4.353,,Run,,,,T=29C
2024-08-21,07:58,94,4.343,,Run,,,,T=29C
2024-08-21,13:03,91,4.330,,Track Run,27:56,HRM+Stryd+Tempe,All-systems,T=30C
2024-08-21,13:08,91,4.323,,Track Run,,,,T=30C
2024-08-21,13:13,91,4.320,,Track Run,,,,T=29C
2024-08-21,13:18,90,4.314,,Track Run,,,,T=29C
2024-08-21,13:23,90,4.311,,Track Run,,,,T=29C
2024-08-21,13:28,90,4.305,,Track Run,,,,T=30C
2024-08-21,13:33,89,4.298,,Track Run,,,,T=30C
2024-08-22,07:23,83,4.240,,Cardio,38:30,,Off,T=29C
2024-08-22,07:28,83,4.240,,Cardio,,,,T=27C
2024-08-22,07:33,83,4.243,,Cardio,,,,T=26C
2024-08-22,07:38,83,4.243,,Cardio,,,,T=26C
2024-08-22,07:43,83,4.241,,Cardio,,,,T=26C
2024-08-22,07:48,83,4.241,,Cardio,,,,T=27C
2024-08-22,07:53,83,4.240,,Cardio,,,,T=27C
2024-08-22,07:58,83,4.240,,Cardio,,,,T=27C
2024-08-22,13:07,,,,Pool Swim,25:30,Tempe,Off,
2024-08-22,13:10,81,4.208,,Pool Swim,,,,T=30C
2024-08-22,13:15,80,4.208,,Pool Swim,,,,T=30C
2024-08-22,13:20,80,4.205,,Pool Swim,,,,T=30C
2024-08-22,13:25,80,4.204,,Pool Swim,,,,T=30C
2024-08-22,13:30,80,4.200,,Pool Swim,,,,T=30C
2024-08-23,12:58,,,,Run,48:19,HRM+Stryd+Tempe,All-systems Multiband,
2024-08-23,13:00,72,4.102,,Run,,,,T=31C
2024-08-23,13:05,72,4.098,,Run,,,,T=31C
2024-08-23,13:10,71,4.090,,Run,,,,T=31C
2024-08-23,13:20,70,4.074,,Run,,,,T=32C
2024-08-23,13:25,70,4.067,,Run,,,,T=33C
2024-08-23,13:30,69,4.064,,Run,,,,T=33C
2024-08-23,13:35,69,4.063,,Run,,,,T=33C
2024-08-23,13:40,68,4.051,,Run,,,,T=33C
2024-08-23,13:45,68,4.046,,Run,,,,T=33C
2024-08-26,12:58,,,,Run,37:46,HRM+Stryd,All-systems Multiband,
2024-08-26,13:02,94,4.345,,Run,,,,T=33C
2024-08-26,13:07,93,4.341,,Run,,,,T=33C
2024-08-26,13:12,93,4.338,,Run,,,,T=32C
2024-08-26,13:17,92,4.334,,Run,,,,T=31C
2024-08-26,13:22,92,4.323,,Run,,,,T=31C
2024-08-26,13:27,91,4.321,,Run,,,,T=31C
2024-08-26,13:32,91,4.316,,Run,,,,T=31C
2024-08-27,07:26,85,4.246,,Run,29:23,Stryd,All-systems Multiband,T=29C
2024-08-27,07:27,85,4.246,,Run,,,,T=29C
2024-08-27,07:37,84,4.235,,Run,,,,T=30C
2024-08-27,07:42,83,4.226,,Run,,,,T=30C
2024-08-27,07:47,83,4.223,,Run,,,,T=31C
2024-08-27,07:52,82,4.218,,Run,,,,T=32C
2024-08-27,13:06,79,4.195,,Pool Swim,39:05,Tempe+HRM Pro,Off,T=32C
2024-08-27,13:07,79,4.195,,Pool Swim,,,,T=32C
2024-08-27,13:12,79,4.194,,Pool Swim,,,,T=32C
2024-08-27,13:17,79,4.193,,Pool Swim,,,,T=32C
2024-08-27,13:22,79,4.189,,Pool Swim,,,,T=32C
2024-08-27,13:27,79,4.188,,Pool Swim,,,,T=32C
2024-08-27,13:32,78,4.183,,Pool Swim,,,,T=32C
2024-08-27,13:42,78,4.171,,Pool Swim,,,,T=31C
2024-08-28,12:58,,,,Strength,45:58,,Off,
2024-08-28,13:02,71,4.098,,Strength,,,,T=28C
2024-08-28,13:07,71,4.096,,Strength,,,,T=28C
2024-08-28,13:12,71,4.095,,Strength,,,,T=27C
2024-08-28,13:17,70,4.088,,Strength,,,,T=27C
2024-08-28,13:22,70,4.094,,Strength,,,,T=27C
2024-08-28,13:27,70,4.093,,Strength,,,,T=27C
2024-08-28,13:32,70,4.091,,Strength,,,,T=27C
2024-08-28,13:37,70,4.090,,Strength,,,,T=27C
2024-08-28,13:42,70,4.090,,Strength,,,,T=27C
2024-08-29,07:20,,,,Run,57:38,HRM+Stryd+Tempe,All-systems Multiband,
2024-08-29,07:27,59,3.945,,Run,,,,T=29C
2024-08-29,07:32,58,3.938,,Run,,,,T=29C
2024-08-29,07:37,58,3.933,,Run,,,,T=30C
2024-08-29,07:42,57,3.929,,Run,,,,T=30C
2024-08-29,07:52,56,3.919,,Run,,,,T=30C
2024-08-29,07:57,55,3.917,,Run,,,,T=31C
2024-08-29,08:02,55,3.912,,Run,,,,T=31C
2024-08-29,08:07,54,3.908,,Run,,,,T=31C
2024-08-29,08:12,54,3.904,,Run,,,,T=31C
2024-08-29,08:17,53,3.896,,Run,,,,T=32C
2024-08-29,13:05,99,4.406,,Pool Swim,26:41,Tempe+HRM Pro,Off,T=32C
2024-08-29,13:06,99,4.406,,Pool Swim,,,,T=32C
2024-08-29,13:11,99,4.404,,Pool Swim,,,,T=32C
2024-08-29,13:16,98,4.403,,Pool Swim,,,,T=32C
2024-08-29,13:21,98,4.403,,Pool Swim,,,,T=32C
2024-08-29,13:26,98,4.399,,Pool Swim,,,,T=32C
2024-09-02,07:24,,,,Strength,37:36,HRM,Off,
2024-09-02,07:26,72,4.113,,Strength,,,,T=29C
2024-09-02,07:31,72,4.111,,Strength,,,,T=28C
2024-09-02,07:36,72,4.109,,Strength,,,,T=28C
2024-09-02,07:41,72,4.111,,Strength,,,,T=28C
2024-09-02,07:46,72,4.109,,Strength,,,,T=28C
2024-09-02,07:51,72,4.110,,Strength,,,,T=28C
2024-09-02,07:56,72,4.108,,Strength,,,,T=28C
2024-09-02,08:01,72,4.107,,Strength,,,,T=28C
2024-09-02,12:56,69,4.053,,Run,59:05,HRM+Stryd+Tempe,All-systems Multiband,T=31C
2024-09-02,13:01,68,4.043,,Run,,,,T=32C
2024-09-02,13:06,68,4.042,,Run,,,,T=33C
2024-09-02,13:16,67,4.028,,Run,,,,T=34C
2024-09-02,13:21,66,4.016,,Run,,,,T=34C
2024-09-02,13:26,66,4.010,,Run,,,,T=37C
2024-09-02,13:31,65,4.009,,Run,,,,T=37C
2024-09-02,13:36,65,4.000,,Run,,,,T=36C
2024-09-02,13:41,64,3.988,,Run,,,,T=36C
2024-09-02,13:46,63,3.985,,Run,,,,T=35C
2024-09-02,13:51,63,3.976,,Run,,,,T=35C
2024-09-03,13:02,,,,Track Run,28:56,HRM+Stryd,All-systems,
2024-09-03,13:06,51,3.876,,Track Run,,,,T=35C
2024-09-03,13:11,51,3.871,,Track Run,,,,T=36C
2024-09-03,13:16,50,3.868,,Track Run,,,,T=35C
2024-09-03,13:21,50,3.863,,Track Run,,,,T=35C
2024-09-03,13:26,49,3.861,,Track Run,,,,T=35C
2024-09-04,07:20,,,,Run,25:32,HRM+Stryd+Tempe,All-systems Multiband,
2024-09-04,07:29,75,4.130,,Run,,,,T=28C
2024-09-04,07:34,75,4.127,,Run,,,,T=28C
2024-09-04,07:39,74,4.115,,Run,,,,T=28C
2024-09-04,07:44,74,4.108,,Run,,,,T=29C
2024-09-04,13:06,,,,Pool Swim,27:27,Tempe+HRM Pro,Off,
2024-09-04,13:09,71,4.098,,Pool Swim,,,,T=32C
2024-09-04,13:14,71,4.091,,Pool Swim,,,,T=32C
2024-09-04,13:19,70,4.090,,Pool Swim,,,,T=32C
2024-09-04,13:29,70,4.083,,Pool Swim,,,,T=32C
2024-09-05,07:20,,,,Cardio,45:39,HRM+Tempe,Off,
2024-09-05,07:24,64,4.012,,Cardio,,,,T=29C
2024-09-05,07:29,64,4.011,,Cardio,,,,T=28C
2024-09-05,07:34,64,4.010,,Cardio,,,,T=27C
2024-09-05,07:39,64,4.008,,Cardio,,,,T=26C
2024-09-05,07:44,63,4.000,,Cardio,,,,T=26C
2024-09-05,07:49,63,4.005,,Cardio,,,,T=26C
2024-09-05,07:54,63,4.006,,Cardio,,,,T=26C
2024-09-05,07:59,63,4.006,,Cardio,,,,T=26C
2024-09-05,08:04,63,4.005,,Cardio,,,,T=27C
2024-09-05,13:03,60,3.962,,Track Run,38:25,HRM+Stryd+Tempe,All-systems,T=34C
2024-09-05,13:04,60,3.962,,Track Run,,,,T=34C
2024-09-05,13:12,60,3.958,,Track Run,,,,T=35C
2024-09-05,13:17,59,3.957,,Track Run,,,,T=35C
2024-09-05,13:22,59,3.953,,Track Run,,,,T=35C
2024-09-05,13:27,58,3.946,,Track Run,,,,T=35C
2024-09-05,13:32,58,3.948,,Track Run,,,,T=35C
2024-09-05,13:37,58,3.944,,Track Run,,,,T=33C
2024-09-05,13:42,57,3.936,,Track Run,,,,T=35C
2024-09-06,06:06,53,3.906,,Yoga,40:39,Tempe,Off,T=30C
2024-09-06,06:07,53,3.906,,Yoga,,,,T=30C
2024-09-06,06:17,53,3.908,,Yoga,,,,T=30C
2024-09-06,06:27,53,3.906,,Yoga,,,,T=30C
2024-09-06,06:32,53,3.906,,Yoga,,,,T=30C
2024-09-06,06:37,53,3.906,,Yoga,,,,T=30C
2024-09-06,06:42,53,3.903,,Yoga,,,,T=30C
2024-09-06,06:47,53,3.903,,Yoga,,,,T=30C
2024-09-09,08:01,29,3.749,,Run,1:22:02,HRM+Stryd+Tempe,All-systems Multiband,T=31C
2024-09-09,08:02,29,3.749,,Run,,,,T=31C
2024-09-09,08:07,28,3.747,,Run,,,,T=30C
2024-09-09,08:12,28,3.746,,Run,,,,T=29C
2024-09-09,08:17,27,3.741,,Run,,,,T=28C
2024-09-09,08:22,27,3.738,,Run,,,,T=29C
2024-09-09,08:27,26,3.736,,Run,,,,T=29C
2024-09-09,08:32,26,3.735,,Run,,,,T=29C
2024-09-09,08:37,25,3.732,,Run,,,,T=29C
2024-09-09,08:42,25,3.730,,Run,,,,T=29C
2024-09-09,08:47,24,3.726,,Run,,,,T=30C
2024-09-09,08:52,23,3.722,,Run,,,,T=29C
2024-09-09,08:57,23,3.721,,Run,,,,T=30C
2024-09-09,09:02,22,3.714,,Run,,,,T=30C
2024-09-09,09:07,22,3.714,,Run,,,,T=30C
2024-09-09,09:12,21,3.710,,Run,,,,T=30C
2024-09-09,09:17,21,3.705,,Run,,,,T=31C
2024-09-09,09:22,20,3.702,,Run,,,,T=31C
2024-09-09,13:02,96,4.386,,Strength,42:27,HRM+Tempe,Off,T=29C
2024-09-09,13:03,96,4.386,,Strength,,,,T=29C
2024-09-09,13:08,96,4.390,,Strength,,,,T=28C
2024-09-09,13:13,96,4.388,,Strength,,,,T=27C
2024-09-09,13:18,96,4.389,,Strength,,,,T=27C
2024-09-09,13:23,95,4.388,,Strength,,,,T=26C
2024-09-09,13:28,95,4.387,,Strength,,,,T=27C
2024-09-09,13:33,95,4.386,,Strength,,,,T=27C
2024-09-09,13:38,95,4.385,,Strength,,,,T=26C
2024-09-09,13:43,95,4.378,,Strength,,,,T=26C
2024-09-10,07:27,90,4.311,,Run,24:25,Stryd+Tempe,All-systems Multiband,T=30C
2024-09-10,07:28,90,4.311,,Run,,,,T=30C
2024-09-10,07:38,89,4.298,,Run,,,,T=30C
2024-09-10,07:43,89,4.293,,Run,,,,T=30C
2024-09-10,07:48,88,4.290,,Run,,,,T=30C
2024-09-10,07:53,88,4.283,,Run,,,,T=31C
2024-09-10,13:05,,,,Pool Swim,27:19,HRM Pro,Off,
2024-09-10,13:09,97,4.385,,Pool Swim,,,,T=31C
2024-09-10,13:14,96,4.379,,Pool Swim,,,,T=31C
2024-09-10,13:19,96,4.380,,Pool Swim,,,,T=31C
2024-09-10,13:24,96,4.377,,Pool Swim,,,,T=31C
2024-09-10,13:29,96,4.376,,Pool Swim,,,,T=31C
2024-09-11,13:07,,,,Run,35:33,HRM+Stryd+Tempe,All-systems Multiband,
2024-09-11,13:14,88,4.285,,Run,,,,T=34C
2024-09-11,13:19,88,4.281,,Run,,,,T=33C
2024-09-11,13:24,87,4.275,,Run,,,,T=33C
2024-09-11,13:29,87,4.269,,Run,,,,T=34C
2024-09-11,13:34,86,4.264,,Run,,,,T=34C
2024-09-11,13:39,86,4.260,,Run,,,,T=34C
2024-09-11,13:44,85,4.253,,Run,,,,T=35C
2024-09-12,07:11,,,,Run,29:03,HRM+Stryd+Tempe,All-systems Multiband,
2024-09-12,07:14,80,4.180,,Run,,,,T=28C
2024-09-12,07:19,79,4.172,,Run,,,,T=29C
2024-09-12,07:24,79,4.169,,Run,,,,T=29C
2024-09-12,07:29,78,4.161,,Run,,,,T=28C
2024-09-12,07:34,78,4.157,,Run,,,,T=29C
2024-09-12,07:39,77,4.149,,Run,,,,T=29C
2024-09-12,13:10,96,4.369,,Pool Swim,20:44,HRM Pro+Tempe,Off,T=31C
2024-09-12,13:11,96,4.369,,Pool Swim,,,,T=31C
2024-09-12,13:16,96,4.365,,Pool Swim,,,,T=31C
2024-09-12,13:21,95,4.361,,Pool Swim,,,,T=31C
2024-09-13,13:01,,,,Run,36:25,HRM+Stryd+Tempe,All-systems Multiband,
2024-09-13,13:05,88,4.258,,Run,,,,T=35C
2024-09-13,13:10,87,4.259,,Run,,,,T=34C
2024-09-13,13:15,86,4.249,,Run,,,,T=32C
2024-09-13,13:20,86,4.249,,Run,,,,T=32C
2024-09-13,13:25,85,4.237,,Run,,,,T=32C
2024-09-13,13:30,85,4.232,,Run,,,,T=31C
2024-09-13,13:35,84,4.229,,Run,,,,T=32C
2024-09-13,13:40,84,4.215,,Run,,,,T=33C
2024-09-16,12:51,,,,Run,33:28,HRM+Stryd,All-systems Multiband,
2024-09-16,13:01,58,3.925,,Run,,,,T=31C
2024-09-16,13:06,57,3.921,,Run,,,,T=30C
2024-09-16,13:11,56,3.917,,Run,,,,T=30C
2024-09-16,13:16,56,3.911,,Run,,,,T=30C
2024-09-16,13:21,55,3.909,,Run,,,,T=30C
2024-09-17,07:14,,,,Run,37:35,Stryd,All-systems Multiband,
2024-09-17,07:18,90,4.295,,Run,,,,T=30C
2024-09-17,07:23,90,4.291,,Run,,,,T=30C
2024-09-17,07:28,89,4.283,,Run,,,,T=31C
2024-09-17,07:33,89,4.277,,Run,,,,T=31C
2024-09-17,07:38,88,4.271,,Run,,,,T=31C
2024-09-17,07:43,88,4.266,,Run,,,,T=31C
2024-09-17,07:48,87,4.259,,Run,,,,T=31C
2024-09-17,13:05,,,,Pool Swim,27:09,HRM Pro+Tempe,Off,
2024-09-17,13:10,83,4.230,,Pool Swim,,,,T=32C
2024-09-17,13:20,83,4.226,,Pool Swim,,,,T=32C
2024-09-17,13:30,83,4.220,,Pool Swim,,,,T=32C
2024-09-19,07:32,70,4.055,,Run,1:28:45,HRM+Stryd+Tempe,All-systems Multiband,T=29C
2024-09-19,07:33,70,4.055,,Run,,,,T=29C
2024-09-19,07:38,69,4.044,,Run,,,,T=30C
2024-09-19,07:43,69,4.042,,Run,,,,T=30C
2024-09-19,07:48,68,4.029,,Run,,,,T=30C
2024-09-19,07:53,68,4.027,,Run,,,,T=31C
2024-09-19,07:58,67,4.017,,Run,,,,T=31C
2024-09-19,08:03,67,4.010,,Run,,,,T=31C
2024-09-19,08:08,66,4.001,,Run,,,,T=32C
2024-09-19,08:13,66,3.995,,Run,,,,T=34C
2024-09-19,08:18,65,3.988,,Run,,,,T=33C
2024-09-19,08:23,65,3.981,,Run,,,,T=32C
2024-09-19,08:28,64,3.976,,Run,,,,T=32C
2024-09-19,08:33,64,3.972,,Run,,,,T=32C
2024-09-19,08:38,63,3.965,,Run,,,,T=32C
2024-09-19,08:43,62,3.956,,Run,,,,T=32C
2024-09-19,08:48,62,3.955,,Run,,,,T=32C
2024-09-19,08:53,61,3.947,,Run,,,,T=33C
2024-09-19,08:58,61,3.945,,Run,,,,T=33C
2024-09-19,13:06,,,,Pool Swim,27:18,Tempe,Off,
2024-09-19,13:08,57,3.928,,Pool Swim,,,,T=32C
2024-09-19,13:13,57,3.930,,Pool Swim,,,,T=32C
2024-09-19,13:23,56,3.925,,Pool Swim,,,,T=32C
2024-09-19,13:28,56,3.925,,Pool Swim,,,,T=32C
2024-09-19,13:33,56,3.921,,Pool Swim,,,,T=31C
2024-09-20,13:01,49,3.866,,Strength,47:03,HRM+Tempe,Off,T=28C
2024-09-20,13:03,49,3.866,,Strength,,,,T=28C
2024-09-20,13:08,49,3.871,,Strength,,,,T=27C
2024-09-20,13:13,49,3.871,,Strength,,,,T=27C
2024-09-20,13:18,49,3.871,,Strength,,,,T=27C
2024-09-20,13:28,48,3.865,,Strength,,,,T=25C
2024-09-20,13:33,48,3.863,,Strength,,,,T=26C
2024-09-20,13:38,48,3.867,,Strength,,,,T=27C
2024-09-20,13:43,48,3.863,,Strength,,,,T=27C
2024-09-20,13:48,48,3.869,,Strength,,,,T=27C
2024-09-23,12:58,,,,Run,43:41,HRM+Stryd+Tempe,All-systems Multiband,
2024-09-23,13:03,21,3.729,,Run,,,,T=28C
2024-09-23,13:13,20,3.718,,Run,,,,T=28C
2024-09-23,13:18,19,3.712,,Run,,,,T=28C
2024-09-23,13:23,19,3.714,,Run,,,,T=28C
2024-09-23,13:28,18,3.710,,Run,,,,T=28C
2024-09-23,13:33,17,3.709,,Run,,,,T=28C
2024-09-23,13:38,17,3.704,,Run,,,,T=28C
2024-09-23,13:43,16,3.699,,Run,,,,T=29C
2024-09-24,07:14,,,,Run,29:37,HRM+Stryd,All-systems Multiband,
2024-09-24,07:18,75,4.145,,Run,,,,T=28C
2024-09-24,07:23,75,4.135,,Run,,,,T=28C
2024-09-24,07:28,74,4.135,,Run,,,,T=29C
2024-09-24,07:33,74,4.130,,Run,,,,T=29C
2024-09-24,07:38,73,4.123,,Run,,,,T=29C
2024-09-24,07:43,73,4.116,,Run,,,,T=29C
2024-09-24,07:48,72,4.110,,Run,,,,T=29C
2024-09-24,13:05,,,,Strength,41:13,HRM,Off,
2024-09-24,13:08,69,4.086,,Strength,,,,T=26C
2024-09-24,13:13,69,4.086,,Strength,,,,T=26C
2024-09-24,13:18,69,4.086,,Strength,,,,T=25C
2024-09-24,13:28,69,4.085,,Strength,,,,T=26C
2024-09-24,13:33,69,4.082,,Strength,,,,T=25C
2024-09-24,13:38,69,4.082,,Strength,,,,T=25C
2024-09-24,13:43,69,4.081,,Strength,,,,T=25C
2024-09-24,13:48,68,4.075,,Strength,,,,T=25C
2024-09-25,12:58,,,,Run,38:29,HRM+Stryd,All-systems Multiband,
2024-09-25,13:04,86,4.268,,Run,,,,T=31C
2024-09-25,13:09,86,4.260,,Run,,,,T=30C
2024-09-25,13:14,85,4.253,,Run,,,,T=30C
2024-09-25,13:19,85,4.248,,Run,,,,T=30C
2024-09-25,13:24,84,4.238,,Run,,,,T=30C
2024-09-25,13:29,84,4.235,,Run,,,,T=31C
2024-09-25,13:34,83,4.225,,Run,,,,T=32C
2024-09-25,13:39,83,4.224,,Run,,,,T=32C
2024-09-26,13:03,69,4.042,,Run,46:29,HRM+Power+Stryd+Tempe+Stryd Power,All-systems Multiband,T=33C
2024-09-26,13:04,69,4.042,,Run,,,,T=33C
2024-09-26,13:09,68,4.041,,Run,,,,T=34C
2024-09-26,13:14,68,4.033,,Run,,,,T=33C
2024-09-26,13:19,67,4.020,,Run,,,,T=32C
2024-09-26,13:24,66,4.011,,Run,,,,T=32C
2024-09-26,13:29,66,4.005,,Run,,,,T=32C
2024-09-26,13:34,65,3.998,,Run,,,,T=32C
2024-09-26,13:39,65,3.992,,Run,,,,T=32C
2024-09-26,13:44,64,3.978,,Run,,,,T=33C
2024-09-26,13:49,63,3.959,,Run,,,,T=33C
2024-09-27,07:31,,,,Run,22:54,,All-systems Multiband,
2024-09-27,07:39,88,4.271,,Run,,,,T=30C
2024-09-27,07:44,87,4.265,,Run,,,,T=30C
2024-09-27,07:49,87,4.262,,Run,,,,T=30C
2024-09-30,07:18,47,3.859,,Strength,46:33,,Off,T=28C
2024-09-30,07:19,47,3.859,,Strength,,,,T=28C
2024-09-30,07:24,47,3.864,,Strength,,,,T=27C
2024-09-30,07:29,47,3.861,,Strength,,,,T=27C
2024-09-30,07:39,47,3.862,,Strength,,,,T=26C
2024-09-30,07:44,47,3.863,,Strength,,,,T=27C
2024-09-30,07:49,47,3.863,,Strength,,,,T=27C
2024-09-30,07:54,46,3.862,,Strength,,,,T=27C
2024-09-30,07:59,46,3.861,,Strength,,,,T=27C
2024-09-30,08:04,46,3.859,,Strength,,,,T=27C
2024-09-30,12:57,,,,Run,54:43,HRM+Power+Stryd+Tempe+Stryd Power,All-systems Multiband,
2024-09-30,12:59,93,4.316,,Run,,,,T=32C
2024-09-30,13:04,92,4.310,,Run,,,,T=34C
2024-09-30,13:09,92,4.271,,Run,,,,T=33C
2024-09-30,13:14,91,4.298,,Run,,,,T=32C
2024-09-30,13:19,91,4.298,,Run,,,,T=33C
2024-09-30,13:24,90,4.286,,Run,,,,T=33C
2024-09-30,13:29,89,4.279,,Run,,,,T=33C
2024-09-30,13:34,89,4.278,,Run,,,,T=32C
2024-09-30,13:39,88,4.265,,Run,,,,T=33C
2024-09-30,13:44,88,4.263,,Run,,,,T=33C
2024-09-30,13:49,87,4.262,,Run,,,,T=34C
2024-09-30,13:54,87,4.252,,Run,,,,T=34C
2024-10-02,07:20,62,3.965,,Run,28:45,,All-systems Multiband,T=27C
2024-10-02,07:25,62,3.956,,Run,,,,T=27C
2024-10-02,07:30,61,3.952,,Run,,,,T=26C
2024-10-02,07:35,60,3.940,,Run,,,,T=26C
2024-10-02,07:40,60,3.938,,Run,,,,T=26C
2024-10-02,07:45,59,3.936,,Run,,,,T=26C
2024-10-02,13:07,,,,Pool Swim,25:46,HRM Pro,Off,from fixed/edited file
2024-10-02,13:15,55,3.917,,Pool Swim,,,,T=30C
2024-10-02,13:20,54,3.915,,Pool Swim,,,,T=30C
2024-10-02,13:30,54,3.908,,Pool Swim,,,,T=30C
2024-10-03,07:18,,,,Run,1:37:51,HRM+Stryd Power+Stryd+Tempe,All-systems Multiband,
2024-10-03,07:26,47,3.846,,Run,,,,T=26C
2024-10-03,07:31,47,3.839,,Run,,,,T=26C
2024-10-03,07:41,46,3.841,,Run,,,,T=27C
2024-10-03,07:46,45,3.832,,Run,,,,T=27C
2024-10-03,07:51,44,3.835,,Run,,,,T=27C
2024-10-03,07:56,44,3.833,,Run,,,,T=27C
2024-10-03,08:01,43,3.825,,Run,,,,T=28C
2024-10-03,08:06,43,3.825,,Run,,,,T=27C
2024-10-03,08:11,42,3.818,,Run,,,,T=27C
2024-10-03,08:16,42,3.817,,Run,,,,T=27C
2024-10-03,08:21,41,3.810,,Run,,,,T=27C
2024-10-03,08:26,41,3.814,,Run,,,,T=27C
2024-10-03,08:31,40,3.804,,Run,,,,T=27C
2024-10-03,08:36,39,3.806,,Run,,,,T=26C
2024-10-03,08:41,39,3.796,,Run,,,,T=27C
2024-10-03,08:46,38,3.801,,Run,,,,T=27C
2024-10-03,08:51,38,3.791,,Run,,,,T=26C
2024-10-03,08:56,37,3.787,,Run,,,,T=27C
2024-10-03,13:06,33,3.785,,Pool Swim,22:59,HRM Pro+Tempe,Off,from fixed/edited file T=30C
2024-10-03,13:07,33,3.785,,Pool Swim,,,,T=30C
2024-10-03,13:12,33,3.780,,Pool Swim,,,,T=29C
2024-10-03,13:17,33,3.783,,Pool Swim,,,,T=29C
2024-10-03,13:22,32,3.780,,Pool Swim,,,,T=29C
2024-10-03,13:27,32,3.778,,Pool Swim,,,,T=29C
2024-10-04,07:27,,,,Cardio,44:39,Tempe,Off,
2024-10-04,07:37,24,3.754,,Cardio,,,,T=27C
2024-10-04,07:42,24,3.754,,Cardio,,,,T=27C
2024-10-04,07:47,24,3.754,,Cardio,,,,T=27C
2024-10-04,07:52,24,3.754,,Cardio,,,,T=26C
2024-10-04,07:57,24,3.753,,Cardio,,,,T=25C
2024-10-04,08:02,24,3.755,,Cardio,,,,T=25C
2024-10-04,08:12,24,3.753,,Cardio,,,,T=24C
2024-10-04,12:50,21,3.720,,Run,1:09:40,HRM+Stryd Power+Stryd+Tempe,All-systems Multiband,T=31C
2024-10-04,12:51,21,3.720,,Run,,,,T=31C
2024-10-04,12:56,21,3.722,,Run,,,,T=32C
2024-10-04,13:01,20,3.716,,Run,,,,T=32C
2024-10-04,13:06,19,3.712,,Run,,,,T=31C
2024-10-04,13:11,19,3.709,,Run,,,,T=31C
2024-10-04,13:16,18,3.703,,Run,,,,T=30C
2024-10-04,13:21,18,3.696,,Run,,,,T=32C
2024-10-04,13:26,17,3.694,,Run,,,,T=32C
2024-10-04,13:31,16,3.690,,Run,,,,T=33C
2024-10-04,13:36,16,3.685,,Run,,,,T=32C
2024-10-04,13:41,15,3.682,,Run,,,,T=32C
2024-10-04,13:46,15,3.677,,Run,,,,T=32C
2024-10-04,13:51,14,3.671,,Run,,,,T=31C
2024-10-04,13:56,13,3.672,,Run,,,,T=32C
2024-10-07,13:01,29,3.756,,Run,37:47,HRM+Power+Stryd+Tempe+Stryd Power,All-systems Multiband,T=31C
2024-10-07,13:03,29,3.756,,Run,,,,T=31C
2024-10-07,13:13,28,3.748,,Run,,,,T=32C
2024-10-07,13:18,27,3.748,,Run,,,,T=31C
2024-10-07,13:23,27,3.743,,Run,,,,T=31C
2024-10-07,13:28,26,3.740,,Run,,,,T=32C
2024-10-07,13:33,26,3.739,,Run,,,,T=32C
2024-10-07,13:38,25,3.740,,Run,,,,T=32C
2024-10-08,07:13,74,4.115,,Run,29:11,,All-systems Multiband,T=27C
2024-10-08,07:14,74,4.115,,Run,,,,T=27C
2024-10-08,07:19,73,4.088,,Run,,,,T=27C
2024-10-08,07:24,72,4.088,,Run,,,,T=27C
2024-10-08,07:29,72,4.091,,Run,,,,T=27C
2024-10-08,07:37,71,4.078,,Run,,,,T=27C
2024-10-08,07:42,70,4.073,,Run,,,,T=27C
2024-10-08,13:05,,,,Pool Swim,24:17,HRM Pro,Off,
2024-10-08,13:07,68,4.063,,Pool Swim,,,,T=30C
2024-10-08,13:12,68,4.058,,Pool Swim,,,,T=29C
2024-10-08,13:17,68,4.058,,Pool Swim,,,,T=29C
2024-10-08,13:22,67,4.053,,Pool Swim,,,,T=29C
2024-10-08,13:27,67,4.051,,Pool Swim,,,,T=29C
2024-10-09,04:41,,,,Run,2:15:00,HRM+Stryd Power+Stryd+Tempe,All-systems Multiband,
2024-10-09,04:47,59,3.955,,Run,,,,T=28C
2024-10-09,04:52,59,3.945,,Run,,,,T=27C
2024-10-09,04:57,58,3.939,,Run,,,,T=27C
2024-10-09,05:02,58,3.934,,Run,,,,T=27C
2024-10-09,05:07,57,3.929,,Run,,,,T=28C
2024-10-09,05:12,57,3.927,,Run,,,,T=27C
2024-10-09,05:17,56,3.923,,Run,,,,T=27C
2024-10-09,05:22,55,3.915,,Run,,,,T=27C
2024-10-09,05:27,55,3.911,,Run,,,,T=27C
2024-10-09,05:32,54,3.906,,Run,,,,T=27C
2024-10-09,05:37,54,3.899,,Run,,,,T=26C
2024-10-09,05:42,53,3.896,,Run,,,,T=26C
2024-10-09,05:47,53,3.892,,Run,,,,T=26C
2024-10-09,05:52,52,3.888,,Run,,,,T=26C
2024-10-09,05:57,52,3.885,,Run,,,,T=26C
2024-10-09,06:02,51,3.888,,Run,,,,T=26C
2024-10-09,06:07,51,3.879,,Run,,,,T=26C
2024-10-09,06:12,50,3.873,,Run,,,,T=26C
2024-10-09,06:17,50,3.870,,Run,,,,T=26C
2024-10-09,06:22,49,3.866,,Run,,,,T=26C
2024-10-09,06:27,49,3.863,,Run,,,,T=26C
2024-10-09,06:32,48,3.865,,Run,,,,T=26C
2024-10-09,06:37,47,3.856,,Run,,,,T=25C
2024-10-09,06:42,47,3.860,,Run,,,,T=26C
2024-10-09,06:47,46,3.855,,Run,,,,T=26C
2024-10-09,06:52,46,3.845,,Run,,,,T=26C
2024-10-09,06:57,45,3.840,,Run,,,,T=26C
2024-10-10,12:52,,,,Run,29:55,HRM+Power+Stryd+Tempe+Stryd Power,All-systems Multiband,
2024-10-10,12:55,94,4.348,,Run,,,,T=32C
2024-10-10,13:00,94,4.338,,Run,,,,T=32C
2024-10-10,13:05,93,4.333,,Run,,,,T=33C
2024-10-10,13:15,92,4.322,,Run,,,,T=31C
2024-10-10,13:20,92,4.314,,Run,,,,T=31C
2024-10-12,06:07,,,,Run,36:22,HRM+Stryd Power+Stryd+Tempe,All-systems Multiband,
2024-10-12,06:12,76,4.140,,Run,,,,T=28C
2024-10-12,06:17,76,4.137,,Run,,,,T=27C
2024-10-12,06:22,75,4.131,,Run,,,,T=27C
2024-10-12,06:27,75,4.118,,Run,,,,T=26C
2024-10-12,06:32,74,4.113,,Run,,,,T=26C
2024-10-12,06:37,74,4.107,,Run,,,,T=26C
2024-10-12,06:42,73,4.102,,Run,,,,T=26C
2024-10-12,06:51,72,4.081,,Basketball,10:15,HRM+Stryd Power+Stryd+Tempe,All-systems,T=28C
2024-10-12,06:52,72,4.081,,Basketball,,,,T=28C
2024-10-12,06:57,71,4.080,,Basketball,,,,T=28C
2024-10-14,13:01,53,3.883,,Run,32:54,HRM+Power+Stryd+Tempe+Stryd Power,All-systems Multiband,T=32C
2024-10-14,13:02,53,3.883,,Run,,,,T=32C
2024-10-14,13:07,53,3.891,,Run,,,,T=33C
2024-10-14,13:17,52,3.881,,Run,,,,T=33C
2024-10-14,13:27,50,3.868,,Run,,,,T=31C
2024-10-14,13:32,50,3.865,,Run,,,,T=32C
2024-10-15,12:58,,,,Run,52:13,HRM+Stryd+Tempe,All-systems Multiband,
2024-10-15,13:02,40,3.807,,Run,,,,T=33C
2024-10-15,13:07,40,3.805,,Run,,,,T=33C
2024-10-15,13:12,39,3.799,,Run,,,,T=32C
2024-10-15,13:17,38,3.794,,Run,,,,T=32C
2024-10-15,13:22,37,3.791,,Run,,,,T=32C
2024-10-15,13:27,37,3.786,,Run,,,,T=32C
2024-10-15,13:32,36,3.780,,Run,,,,T=32C
2024-10-15,13:37,35,3.775,,Run,,,,T=31C
2024-10-15,13:42,35,3.769,,Run,,,,T=32C
2024-10-15,13:47,34,3.767,,Run,,,,T=32C
2024-10-16,07:14,68,4.039,,Run,27:19,HRM+Stryd Power+Stryd+Tempe,All-systems Multiband,T=28C
2024-10-16,07:19,67,4.033,,Run,,,,T=28C
2024-10-16,07:29,66,4.010,,Run,,,,T=28C
2024-10-16,07:34,66,4.001,,Run,,,,T=28C
2024-10-16,07:39,65,3.992,,Run,,,,T=28C
2024-10-16,12:58,62,3.958,,Run,43:29,HRM+Stryd Power+Stryd+Tempe,All-systems Multiband,T=31C
2024-10-16,12:59,62,3.958,,Run,,,,T=31C
2024-10-16,13:04,61,3.960,,Run,,,,T=33C
2024-10-16,13:09,61,3.954,,Run,,,,T=32C
2024-10-16,13:14,60,3.946,,Run,,,,T=32C
2024-10-16,13:22,59,3.941,,Run,,,,T=32C
2024-10-16,13:27,59,3.938,,Run,,,,T=31C
2024-10-16,13:32,58,3.930,,Run,,,,T=31C
2024-10-16,13:37,58,3.923,,Run,,,,T=31C
2024-10-17,12:56,,,,Run,46:10,HRM+Stryd Power+Stryd+Tempe,All-systems Multiband,
2024-10-17,13:01,48,3.855,,Run,,,,T=29C
2024-10-17,13:06,48,3.842,,Run,,,,T=29C
2024-10-17,13:11,47,3.836,,Run,,,,T=29C
2024-10-17,13:16,47,3.850,,Run,,,,T=29C
2024-10-17,13:21,46,3.846,,Run,,,,T=32C
2024-10-17,13:26,46,3.845,,Run,,,,T=31C
2024-10-17,13:31,45,3.841,,Run,,,,T=30C
2024-10-17,13:36,44,3.841,,Run,,,,T=31C
2024-10-17,13:41,44,3.836,,Run,,,,T=31C
2024-10-18,05:52,,,,Run,1:08:09,HRM+Stryd Power+Stryd+Tempe,All-systems Multiband,
2024-10-18,05:56,37,3.800,,Run,,,,T=29C
2024-10-18,06:01,37,3.792,,Run,,,,T=28C
2024-10-18,06:06,36,3.788,,Run,,,,T=28C
2024-10-18,06:11,35,3.785,,Run,,,,T=28C
2024-10-18,06:16,35,3.771,,Run,,,,T=28C
2024-10-18,06:21,34,3.771,,Run,,,,T=28C
2024-10-18,06:26,34,3.769,,Run,,,,T=28C
2024-10-18,06:31,33,3.761,,Run,,,,T=28C
2024-10-18,06:36,32,3.759,,Run,,,,T=28C
2024-10-18,06:41,32,3.755,,Run,,,,T=28C
2024-10-18,06:46,31,3.750,,Run,,,,T=28C
2024-10-18,06:51,31,3.745,,Run,,,,T=28C
2024-10-18,06:56,30,3.744,,Run,,,,T=28C
2024-10-18,07:01,30,3.738,,Run,,,,T=28C
2024-10-18,13:00,,,,Strength,45:25,HRM+Tempe,Off,
2024-10-18,13:04,68,4.071,,Strength,,,,T=28C
2024-10-18,13:09,68,4.071,,Strength,,,,T=27C
2024-10-18,13:14,68,4.065,,Strength,,,,T=26C
2024-10-18,13:24,68,4.068,,Strength,,,,T=27C
2024-10-18,13:34,68,4.060,,Strength,,,,T=26C
2024-10-18,13:39,67,4.063,,Strength,,,,T=26C
2024-10-18,13:44,67,4.056,,Strength,,,,T=26C
2024-10-18,13:49,67,4.051,,Strength,,,,T=26C
2024-10-19,12:07,58,3.956,,Cardio,7:47:12,Tempe,Off,T=30C
2024-10-19,12:09,58,3.956,,Cardio,,,,T=30C
2024-10-19,12:14,58,3.960,,Cardio,,,,T=31C
2024-10-19,12:19,58,3.946,,Cardio,,,,T=31C
2024-10-19,12:24,58,3.956,,Cardio,,,,T=31C
2024-10-19,12:34,58,3.953,,Cardio,,,,T=30C
2024-10-19,12:39,58,3.947,,Cardio,,,,T=32C
2024-10-19,12:44,58,3.952,,Cardio,,,,T=31C
2024-10-19,12:49,58,3.953,,Cardio,,,,T=32C
2024-10-19,12:54,58,3.949,,Cardio,,,,T=32C
2024-10-19,12:59,57,3.950,,Cardio,,,,T=31C
2024-10-19,13:04,57,3.951,,Cardio,,,,T=31C
2024-10-19,13:16,57,3.949,,Cardio,,,,T=30C
2024-10-19,13:34,57,3.949,,Cardio,,,,T=29C
2024-10-19,14:27,57,3.947,,Cardio,,,,T=29C
2024-10-19,14:48,57,3.948,,Cardio,,,,T=30C
2024-10-19,14:49,57,3.946,,Cardio,,,,T=30C
2024-10-19,15:36,57,3.944,,Cardio,,,,T=30C
2024-10-19,15:49,57,3.943,,Cardio,,,,T=30C
2024-10-19,16:06,57,3.943,,Cardio,,,,T=30C
2024-10-19,16:20,57,3.942,,Cardio,,,,T=29C
2024-10-19,16:44,56,3.939,,Cardio,,,,T=29C
2024-10-19,16:49,56,3.940,,Cardio,,,,T=28C
2024-10-19,16:54,56,3.939,,Cardio,,,,T=28C
2024-10-19,16:59,56,3.933,,Cardio,,,,T=29C
2024-10-19,17:04,56,3.938,,Cardio,,,,T=29C
2024-10-19,17:09,56,3.937,,Cardio,,,,T=29C
2024-10-19,17:46,56,3.936,,Cardio,,,,T=28C
2024-10-19,18:32,56,3.935,,Cardio,,,,T=27C
2024-10-19,18:39,56,3.934,,Cardio,,,,T=28C
2024-10-19,19:03,56,3.935,,Cardio,,,,T=26C
2024-10-19,19:07,56,3.934,,Cardio,,,,T=26C
2024-10-19,19:15,56,3.932,,Cardio,,,,T=26C
2024-10-19,19:19,56,3.932,,Cardio,,,,T=27C
2024-10-19,19:30,56,3.931,,Cardio,,,,T=26C
2024-10-19,19:34,56,3.932,,Cardio,,,,T=27C
2024-10-19,19:47,56,3.931,,Cardio,,,,T=29C
2024-10-19,19:55,56,3.931,,Cardio,,,,T=29C
2024-10-20,10:38,53,3.896,,Cardio,8:37:33,Tempe,Off,T=29C
2024-10-20,10:39,53,3.896,,Cardio,,,,T=29C
2024-10-20,10:44,53,3.901,,Cardio,,,,T=30C
2024-10-20,10:49,53,3.900,,Cardio,,,,T=30C
2024-10-20,10:54,52,3.896,,Cardio,,,,T=29C
2024-10-20,10:59,52,3.891,,Cardio,,,,T=29C
2024-10-20,11:04,52,3.897,,Cardio,,,,T=30C
2024-10-20,11:11,52,3.896,,Cardio,,,,T=29C
2024-10-20,11:22,52,3.895,,Cardio,,,,T=29C
2024-10-20,12:10,52,3.896,,Cardio,,,,T=31C
2024-10-20,12:14,52,3.894,,Cardio,,,,T=31C
2024-10-20,12:24,52,3.895,,Cardio,,,,T=31C
2024-10-20,12:29,52,3.893,,Cardio,,,,T=32C
2024-10-20,12:34,52,3.896,,Cardio,,,,T=31C
2024-10-20,12:39,51,3.893,,Cardio,,,,T=31C
2024-10-20,16:29,50,3.887,,Cardio,,,,T=30C
2024-10-20,16:34,50,3.885,,Cardio,,,,T=30C
2024-10-20,16:39,50,3.883,,Cardio,,,,T=30C
2024-10-20,16:44,50,3.884,,Cardio,,,,T=30C
2024-10-20,16:49,50,3.883,,Cardio,,,,T=30C
2024-10-20,16:54,50,3.880,,Cardio,,,,T=30C
2024-10-20,16:59,49,3.880,,Cardio,,,,T=30C
2024-10-20,17:20,49,3.881,,Cardio,,,,T=30C
2024-10-20,17:55,49,3.880,,Cardio,,,,T=29C
2024-10-20,18:30,49,3.876,,Cardio,,,,T=29C
2024-10-20,18:41,49,3.880,,Cardio,,,,T=30C
2024-10-20,18:54,49,3.861,,Cardio,,,,T=31C
2024-10-20,19:13,49,3.878,,Cardio,,,,T=30C
2024-10-20,19:14,48,3.871,,Cardio,,,,T=31C
2024-10-20,19:19,48,3.871,,Cardio,,,,T=30C
2024-10-21,12:57,,,,Run,42:42,HRM+Stryd Power+Stryd+Tempe,All-systems Multiband,
2024-10-21,12:59,42,3.825,,Run,,,,T=31C
2024-10-21,13:04,42,3.820,,Run,,,,T=32C
2024-10-21,13:09,41,3.814,,Run,,,,T=31C
2024-10-21,13:14,41,3.817,,Run,,,,T=30C
2024-10-21,13:19,40,3.809,,Run,,,,T=31C
2024-10-21,13:24,40,3.806,,Run,,,,T=30C
2024-10-21,13:31,39,3.807,,Run,,,,T=31C
2024-10-21,13:36,38,3.798,,Run,,,,T=31C
2024-10-21,13:41,37,3.790,,Run,,,,T=32C
2024-10-22,07:22,,,,Run,28:00,Power+Stryd+Tempe+Stryd Power,All-systems Multiband,
2024-10-22,07:25,44,3.827,,Run,,,,T=28C
2024-10-22,07:30,44,3.827,,Run,,,,T=28C
2024-10-22,07:35,43,3.827,,Run,,,,T=27C
2024-10-22,07:40,42,3.821,,Run,,,,T=27C
2024-10-22,07:45,42,3.818,,Run,,,,T=27C
2024-10-22,07:50,41,3.814,,Run,,,,T=27C
2024-10-22,13:01,,,,Run,44:48,HRM+Power+Stryd+Tempe+Stryd Power,All-systems Multiband,
2024-10-22,13:05,99,4.408,,Run,,,,T=33C
2024-10-22,13:10,99,4.400,,Run,,,,T=33C
2024-10-22,13:15,98,4.396,,Run,,,,T=31C
2024-10-22,13:20,98,4.395,,Run,,,,T=31C
2024-10-22,13:25,97,4.390,,Run,,,,T=32C
2024-10-22,13:30,97,4.388,,Run,,,,T=31C
2024-10-22,13:35,96,4.383,,Run,,,,T=31C
2024-10-22,13:40,96,4.381,,Run,,,,T=31C
2024-10-22,13:45,95,4.373,,Run,,,,T=31C
2024-10-23,12:52,,,,Cardio,38:46,HRM+Power+Stryd+Tempe+Stryd Power,Off,
2024-10-23,12:55,86,4.305,,Cardio,,,,T=30C
2024-10-23,13:00,86,4.305,,Cardio,,,,T=31C
2024-10-23,13:05,85,4.303,,Cardio,,,,T=31C
2024-10-23,13:10,85,4.301,,Cardio,,,,T=32C
2024-10-23,13:15,85,4.304,,Cardio,,,,T=32C
2024-10-23,13:20,85,4.302,,Cardio,,,,T=32C
2024-10-23,13:30,85,4.295,,Cardio,,,,T=29C
2024-10-24,04:34,80,4.220,,Run,2:06:48,HRM+Stryd Power+Stryd+Tempe,All-systems Multiband,T=28C
2024-10-24,04:35,80,4.220,,Run,,,,T=28C
2024-10-24,04:40,79,4.216,,Run,,,,T=26C
2024-10-24,04:45,79,4.211,,Run,,,,T=25C
2024-10-24,04:50,78,4.201,,Run,,,,T=24C
2024-10-24,04:55,78,4.196,,Run,,,,T=24C
2024-10-24,05:00,77,4.184,,Run,,,,T=24C
2024-10-24,05:05,77,4.183,,Run,,,,T=24C
2024-10-24,05:10,76,4.175,,Run,,,,T=24C
2024-10-24,05:15,76,4.163,,Run,,,,T=24C
2024-10-24,05:20,75,4.158,,Run,,,,T=24C
2024-10-24,05:25,75,4.155,,Run,,,,T=23C
2024-10-24,05:30,74,4.150,,Run,,,,T=23C
2024-10-24,05:35,74,4.143,,Run,,,,T=23C
2024-10-24,05:40,73,4.138,,Run,,,,T=23C
2024-10-24,05:45,73,4.125,,Run,,,,T=23C
2024-10-24,05:50,72,4.120,,Run,,,,T=23C
2024-10-24,05:55,72,4.115,,Run,,,,T=23C
2024-10-24,06:00,71,4.111,,Run,,,,T=23C
2024-10-24,06:05,71,4.106,,Run,,,,T=23C
2024-10-24,06:15,70,4.090,,Run,,,,T=22C
2024-10-24,06:20,69,4.089,,Run,,,,T=23C
2024-10-24,06:30,68,4.071,,Run,,,,T=23C
2024-10-24,06:35,68,4.066,,Run,,,,T=23C
2024-10-24,06:45,67,4.053,,Run,,,,T=24C
2024-10-24,13:07,,,,Pool Swim,25:29,HRM Pro+Tempe,Off,
2024-10-24,13:09,63,4.035,,Pool Swim,,,,T=27C
2024-10-24,13:14,63,4.033,,Pool Swim,,,,T=27C
2024-10-24,13:19,63,4.028,,Pool Swim,,,,T=27C
2024-10-24,13:29,63,4.018,,Pool Swim,,,,T=27C
2024-10-25,13:06,,,,Track Run,24:33,Stryd Power+Stryd+Tempe,All-systems,
2024-10-25,13:09,55,3.933,,Track Run,,,,T=31C
2024-10-25,13:14,54,3.935,,Track Run,,,,T=31C
2024-10-25,13:19,54,3.925,,Track Run,,,,T=32C
2024-10-25,13:24,54,3.928,,Track Run,,,,T=32C
2024-10-25,13:29,53,3.921,,Track Run,,,,T=32C
2024-10-28,13:02,,,,Run,38:25,Stryd Power+Stryd+Tempe,All-systems Multiband,
2024-10-28,13:04,29,3.755,,Run,,,,T=27C
2024-10-28,13:09,28,3.743,,Run,,,,T=27C
2024-10-28,13:14,28,3.744,,Run,,,,T=27C
2024-10-28,13:24,26,3.742,,Run,,,,T=27C
2024-10-28,13:29,26,3.736,,Run,,,,T=28C
2024-10-28,13:34,25,3.736,,Run,,,,T=29C
2024-10-28,13:39,25,3.731,,Run,,,,T=29C
2024-10-29,09:00,,,,Run,2:50:39,Stryd Power+Stryd+Tempe,All-systems Multiband,
2024-10-29,09:02,86,4.291,,Run,,,,T=27C
2024-10-29,09:07,86,4.292,,Run,,,,T=26C
2024-10-29,09:12,85,4.283,,Run,,,,T=26C
2024-10-29,09:21,84,4.275,,Run,,,,T=25C
2024-10-29,09:26,84,4.268,,Run,,,,T=25C
2024-10-29,09:31,83,4.261,,Run,,,,T=26C
2024-10-29,09:36,83,4.260,,Run,,,,T=26C
2024-10-29,09:41,82,4.253,,Run,,,,T=27C
2024-10-29,09:46,82,4.249,,Run,,,,T=27C
2024-10-29,09:51,81,4.239,,Run,,,,T=28C
2024-10-29,09:56,81,4.238,,Run,,,,T=29C
2024-10-29,10:01,80,4.229,,Run,,,,T=30C
2024-10-29,10:06,80,4.220,,Run,,,,T=27C
2024-10-29,10:11,79,4.222,,Run,,,,T=27C
2024-10-29,10:16,79,4.213,,Run,,,,T=27C
2024-10-29,10:21,78,4.212,,Run,,,,T=29C
2024-10-29,10:27,78,4.198,,Run,,,,T=26C
2024-10-29,10:32,77,4.190,,Run,,,,T=26C
2024-10-29,10:37,77,4.185,,Run,,,,T=26C
2024-10-29,10:42,76,4.176,,Run,,,,T=27C
2024-10-29,10:47,76,4.176,,Run,,,,T=27C
2024-10-29,10:52,75,4.168,,Run,,,,T=27C
2024-10-29,10:57,75,4.163,,Run,,,,T=27C
2024-10-29,11:02,74,4.158,,Run,,,,T=27C
2024-10-29,11:07,74,4.150,,Run,,,,T=28C
2024-10-29,11:12,73,4.146,,Run,,,,T=28C
2024-10-29,11:17,73,4.142,,Run,,,,T=28C
2024-10-29,11:22,72,4.136,,Run,,,,T=29C
2024-10-29,11:27,72,4.131,,Run,,,,T=30C
2024-10-29,11:32,71,4.121,,Run,,,,T=29C
2024-10-29,11:37,71,4.113,,Run,,,,T=28C
2024-10-29,11:42,70,4.113,,Run,,,,T=28C
2024-10-29,11:47,70,4.108,,Run,,,,T=28C
2024-10-29,11:52,69,4.100,,Run,,,,T=29C
2024-10-09,13:06,,,,Pool Swim,27:08,HRM Pro+Tempe,Off,from fixed/edited file
2024-10-09,13:10,42,3.839,,Pool Swim,,,,T=28C
2024-10-09,13:15,42,3.844,,Pool Swim,,,,T=28C
2024-10-09,13:25,42,3.838,,Pool Swim,,,,T=28C
2024-11-01,06:08,,,,Run,28:32,Stryd Power+Stryd+Tempe,All-systems Multiband,
2024-11-01,06:12,48,3.865,,Run,,,,T=28C
2024-11-01,06:17,48,3.858,,Run,,,,T=27C
2024-11-01,06:22,47,3.855,,Run,,,,T=26C
2024-11-01,06:27,47,3.851,,Run,,,,T=26C
2024-11-01,06:35,46,3.851,,Run,,,,T=27C
2024-11-01,13:02,,,,Run,51:13,Stryd Power+Stryd+Tempe,All-systems Multiband,
2024-11-01,13:06,62,3.991,,Run,,,,T=32C
2024-11-01,13:16,60,3.978,,Run,,,,T=31C
2024-11-01,13:21,60,3.971,,Run,,,,T=30C
2024-11-01,13:26,59,3.961,,Run,,,,T=31C
2024-11-01,13:36,58,3.955,,Run,,,,T=31C
2024-11-01,13:41,58,3.945,,Run,,,,T=30C
2024-11-01,13:46,57,3.941,,Run,,,,T=31C
2024-11-01,13:51,57,3.926,,Run,,,,T=31C
2024-11-04,07:14,,,,Run,23:58,Stryd Power+Stryd+Tempe,All-systems Multiband,
2024-11-04,07:17,36,3.800,,Run,,,,T=26C
2024-11-04,07:22,36,3.790,,Run,,,,T=26C
2024-11-04,07:27,35,3.781,,Run,,,,T=25C
2024-11-04,07:32,35,3.781,,Run,,,,T=25C
2024-11-04,07:37,34,3.771,,Run,,,,T=25C
2024-11-04,12:57,30,3.751,,Run,35:30,Power+Stryd+Tempe+Stryd Power,All-systems Multiband,T=30C
2024-11-04,13:02,30,3.756,,Run,,,,T=30C
2024-11-04,13:07,29,3.750,,Run,,,,T=30C
2024-11-04,13:12,29,3.745,,Run,,,,T=31C
2024-11-04,13:17,28,3.744,,Run,,,,T=31C
2024-11-04,13:22,28,3.736,,Run,,,,T=30C
2024-11-04,13:27,27,3.736,,Run,,,,T=31C
2024-11-04,13:32,26,3.737,,Run,,,,T=31C
2024-11-05,04:40,,,,Run,1:40:12,Stryd Power+Stryd+Tempe,All-systems Multiband,
2024-11-05,04:43,88,4.314,,Run,,,,T=28C
2024-11-05,04:48,87,4.303,,Run,,,,T=27C
2024-11-05,04:53,87,4.302,,Run,,,,T=26C
2024-11-05,04:58,86,4.293,,Run,,,,T=25C
2024-11-05,05:03,86,4.290,,Run,,,,T=25C
2024-11-05,05:08,85,4.288,,Run,,,,T=25C
2024-11-05,05:13,85,4.284,,Run,,,,T=25C
2024-11-05,05:23,84,4.271,,Run,,,,T=25C
2024-11-05,05:28,83,4.262,,Run,,,,T=25C
2024-11-05,05:33,83,4.258,,Run,,,,T=25C
2024-11-05,05:43,82,4.247,,Run,,,,T=25C
2024-11-05,05:48,81,4.241,,Run,,,,T=25C
2024-11-05,05:53,81,4.236,,Run,,,,T=25C
2024-11-05,05:58,80,4.230,,Run,,,,T=25C
2024-11-05,06:03,80,4.227,,Run,,,,T=25C
2024-11-05,06:13,79,4.208,,Run,,,,T=25C
2024-11-05,06:18,78,4.203,,Run,,,,T=25C
2024-11-05,13:00,,,,Strength,36:27,Tempe,Off,
2024-11-05,13:03,76,4.195,,Strength,,,,T=28C
2024-11-05,13:08,76,4.194,,Strength,,,,T=27C
2024-11-05,13:13,76,4.192,,Strength,,,,T=26C
2024-11-05,13:18,76,4.190,,Strength,,,,T=26C
2024-11-05,13:23,76,4.190,,Strength,,,,T=26C
2024-11-05,13:28,76,4.190,,Strength,,,,T=26C
2024-11-05,13:33,76,4.188,,Strength,,,,T=25C
2024-11-06,07:22,,,,Run,24:07,Stryd Power+Stryd+Tempe,All-systems Multiband,
2024-11-06,07:28,70,4.093,,Run,,,,T=25C
2024-11-06,07:33,69,4.077,,Run,,,,T=25C
2024-11-06,07:43,68,4.063,,Run,,,,T=25C
2024-11-06,13:02,,,,Run,54:15,Stryd Power+Stryd+Tempe,All-systems Multiband,
2024-11-06,13:08,64,4.021,,Run,,,,T=29C
2024-11-06,13:13,64,4.012,,Run,,,,T=29C
2024-11-06,13:18,63,4.010,,Run,,,,T=28C
2024-11-06,13:28,62,3.993,,Run,,,,T=28C
2024-11-06,13:33,62,3.984,,Run,,,,T=31C
2024-11-06,13:38,61,3.982,,Run,,,,T=32C
2024-11-06,13:43,61,3.973,,Run,,,,T=30C
2024-11-06,13:48,60,3.967,,Run,,,,T=30C
2024-11-06,13:53,60,3.963,,Run,,,,T=30C
2024-11-06,13:58,59,3.954,,Run,,,,T=31C
2024-11-07,07:18,,,,Run,24:14,Power+Stryd+Tempe+Stryd Power,All-systems Multiband,
2024-11-07,07:23,52,3.898,,Run,,,,T=24C
2024-11-07,07:28,52,3.891,,Run,,,,T=23C
2024-11-07,07:33,51,3.886,,Run,,,,T=23C
2024-11-07,07:38,51,3.881,,Run,,,,T=23C
2024-11-07,07:43,50,3.874,,Run,,,,T=23C
2024-11-07,12:56,,,,Run,49:01,Stryd Power+Stryd+Tempe,All-systems Multiband,
2024-11-07,12:59,94,4.373,,Run,,,,T=30C
2024-11-07,13:04,94,4.371,,Run,,,,T=30C
2024-11-07,13:09,93,4.363,,Run,,,,T=28C
2024-11-07,13:14,93,4.357,,Run,,,,T=27C
2024-11-07,13:19,92,4.350,,Run,,,,T=27C
2024-11-07,13:24,92,4.346,,Run,,,,T=27C
2024-11-07,13:29,91,4.338,,Run,,,,T=27C
2024-11-07,13:34,91,4.335,,Run,,,,T=27C
2024-11-07,13:39,90,4.332,,Run,,,,T=27C
2024-11-07,13:44,90,4.326,,Run,,,,T=27C
2024-11-08,12:47,81,4.231,,Run,52:56,Power+Stryd+Tempe+Stryd Power,All-systems Multiband,T=31C
2024-11-08,12:49,81,4.231,,Run,,,,T=31C
2024-11-08,12:54,81,4.236,,Run,,,,T=30C
2024-11-08,12:59,80,4.226,,Run,,,,T=30C
2024-11-08,13:04,80,4.213,,Run,,,,T=30C
2024-11-08,13:09,79,4.208,,Run,,,,T=29C
2024-11-08,13:14,79,4.207,,Run,,,,T=29C
2024-11-08,13:24,78,4.192,,Run,,,,T=30C
2024-11-08,13:29,77,4.187,,Run,,,,T=31C
2024-11-08,13:34,76,4.183,,Run,,,,T=31C
2024-11-08,13:39,76,4.167,,Run,,,,T=31C
2024-11-09,16:35,,,,Basketball,39:29,Tempe,All-systems,
2024-11-09,16:39,68,4.078,,Basketball,,,,T=28C
2024-11-09,16:44,67,4.075,,Basketball,,,,T=28C
2024-11-09,16:49,67,4.073,,Basketball,,,,T=27C
2024-11-09,16:54,67,4.071,,Basketball,,,,T=27C
2024-11-09,17:04,66,4.064,,Basketball,,,,T=28C
2024-11-09,17:09,66,4.063,,Basketball,,,,T=27C
2024-11-09,17:14,66,4.060,,Basketball,,,,T=27C
2024-11-09,17:19,66,4.055,,Basketball,,,,T=27C
2024-11-10,15:49,,,,Basketball,15:59,Tempe,All-systems,
2024-11-10,15:54,57,3.958,,Basketball,,,,T=26C
2024-11-10,15:59,57,3.950,,Basketball,,,,T=26C
2024-11-10,16:04,56,3.955,,Basketball,,,,T=26C
2024-11-10,16:09,56,3.951,,Basketball,,,,T=26C
2024-11-11,07:21,,,,Yoga,45:40,Tempe+Stryd+Power,Off,
2024-11-11,07:29,52,3.911,,Yoga,,,,T=28C
2024-11-11,07:39,52,3.903,,Yoga,,,,T=28C
2024-11-11,07:44,51,3.904,,Yoga,,,,T=28C
2024-11-11,07:49,51,3.898,,Yoga,,,,T=28C
2024-11-11,07:54,51,3.896,,Yoga,,,,T=28C
2024-11-11,07:59,51,3.894,,Yoga,,,,T=28C
2024-11-11,08:04,51,3.895,,Yoga,,,,T=28C
2024-11-11,12:58,49,3.864,,Run,47:40,Stryd Power+Stryd+Tempe,All-systems Multiband,T=30C
2024-11-11,12:59,49,3.864,,Run,,,,T=30C
2024-11-11,13:04,48,3.863,,Run,,,,T=30C
2024-11-11,13:09,48,3.861,,Run,,,,T=28C
2024-11-11,13:14,47,3.858,,Run,,,,T=27C
2024-11-11,13:19,47,3.855,,Run,,,,T=28C
2024-11-11,13:24,46,3.851,,Run,,,,T=28C
2024-11-11,13:29,46,3.848,,Run,,,,T=28C
2024-11-11,13:34,45,3.846,,Run,,,,T=28C
2024-11-11,13:39,45,3.843,,Run,,,,T=28C
2024-11-11,13:44,44,3.838,,Run,,,,T=28C
2024-11-12,07:15,,,,Run,23:53,Stryd Power+Stryd+Tempe,All-systems Multiband,
2024-11-12,07:19,37,3.798,,Run,,,,T=25C
2024-11-12,07:24,37,3.791,,Run,,,,T=25C
2024-11-12,07:29,36,3.789,,Run,,,,T=24C
2024-11-12,07:34,35,3.783,,Run,,,,T=24C
2024-11-12,07:39,35,3.779,,Run,,,,T=24C
2024-11-12,12:58,31,3.766,,Run,46:32,Stryd+Tempe,All-systems Multiband,T=31C
2024-11-12,12:59,31,3.766,,Run,,,,T=31C
2024-11-12,13:04,31,3.763,,Run,,,,T=30C
2024-11-12,13:14,30,3.758,,Run,,,,T=30C
2024-11-12,13:19,29,3.756,,Run,,,,T=30C
2024-11-12,13:24,29,3.750,,Run,,,,T=31C
2024-11-12,13:29,28,3.748,,Run,,,,T=32C
2024-11-12,13:34,27,3.743,,Run,,,,T=31C
2024-11-12,13:39,27,3.737,,Run,,,,T=32C
2024-11-12,13:44,26,3.741,,Run,,,,T=33C
2024-11-13,07:19,,,,Run,3:00:04,Stryd Power+Stryd+Tempe,All-systems Multiband,
2024-11-13,07:23,94,4.338,,Run,,,,T=26C
2024-11-13,07:28,93,4.331,,Run,,,,T=26C
2024-11-13,07:33,92,4.325,,Run,,,,T=26C
2024-11-13,07:38,92,4.316,,Run,,,,T=26C
2024-11-13,07:46,91,4.312,,Run,,,,T=26C
2024-11-13,07:51,91,4.306,,Run,,,,T=26C
2024-11-13,07:56,90,4.300,,Run,,,,T=26C
2024-11-13,08:01,90,4.291,,Run,,,,T=26C
2024-11-13,08:06,89,4.289,,Run,,,,T=26C
2024-11-13,08:11,88,4.282,,Run,,,,T=26C
2024-11-13,08:16,88,4.273,,Run,,,,T=26C
2024-11-13,08:21,87,4.265,,Run,,,,T=25C
2024-11-13,08:26,87,4.263,,Run,,,,T=24C
2024-11-13,08:31,86,4.252,,Run,,,,T=23C
2024-11-13,08:36,86,4.246,,Run,,,,T=23C
2024-11-13,08:41,85,4.240,,Run,,,,T=23C
2024-11-13,08:46,85,4.235,,Run,,,,T=22C
2024-11-13,08:51,84,4.229,,Run,,,,T=22C
2024-11-13,08:56,84,4.221,,Run,,,,T=22C
2024-11-13,09:01,83,4.218,,Run,,,,T=22C
2024-11-13,09:06,83,4.213,,Run,,,,T=22C
2024-11-13,09:11,82,4.206,,Run,,,,T=23C
2024-11-13,09:16,82,4.198,,Run,,,,T=24C
2024-11-13,09:21,81,4.195,,Run,,,,T=24C
2024-11-13,09:26,80,4.193,,Run,,,,T=24C
2024-11-13,09:31,80,4.183,,Run,,,,T=24C
2024-11-13,09:36,79,4.178,,Run,,,,T=25C
2024-11-13,09:41,79,4.175,,Run,,,,T=25C
2024-11-13,09:46,78,4.168,,Run,,,,T=25C
2024-11-13,09:51,78,4.161,,Run,,,,T=25C
2024-11-13,09:56,77,4.155,,Run,,,,T=25C
2024-11-13,10:01,77,4.153,,Run,,,,T=25C
2024-11-13,10:06,76,4.145,,Run,,,,T=25C
2024-11-13,10:11,76,4.141,,Run,,,,T=26C
2024-11-13,10:16,75,4.136,,Run,,,,T=26C
2024-11-13,13:04,73,4.126,,Strength,37:40,Tempe,Off,T=27C
2024-11-13,13:06,73,4.126,,Strength,,,,T=27C
2024-11-13,13:11,73,4.137,,Strength,,,,T=26C
2024-11-13,13:16,73,4.137,,Strength,,,,T=26C
2024-11-13,13:26,73,4.136,,Strength,,,,T=26C
2024-11-13,13:36,73,4.133,,Strength,,,,T=26C
2024-11-13,13:41,73,4.131,,Strength,,,,T=26C
2024-11-14,13:16,,,,Run,25:41,Tempe,All-systems Multiband,
2024-11-14,13:18,65,4.003,,Run,,,,T=28C
2024-11-14,13:23,65,3.992,,Run,,,,T=27C
2024-11-14,13:28,64,3.984,,Run,,,,T=26C
2024-11-14,13:33,63,3.966,,Run,,,,T=27C
2024-11-14,13:38,63,3.961,,Run,,,,T=27C
2024-11-15,13:04,,,,Run,41:16,HRM Pro+Stryd Power+Stryd+Tempe,All-systems Multiband,
2024-11-15,13:08,52,3.880,,Run,,,,T=27C
2024-11-15,13:13,51,3.876,,Run,,,,T=26C
2024-11-15,13:23,50,3.861,,Run,,,,T=26C
2024-11-15,13:28,50,3.860,,Run,,,,T=26C
2024-11-15,13:36,49,3.856,,Run,,,,T=26C
2024-11-15,13:41,48,3.848,,Run,,,,T=25C
2024-11-15,13:46,48,3.852,,Run,,,,T=26C
2024-11-16,21:57,,,,Breathwork,05:34,Tempe,Off,
2024-11-16,22:01,36,3.800,,Breathwork,,,,T=31C
2024-11-18,07:17,18,3.713,,Run,18:42,Stryd Power+Stryd+Tempe,All-systems Multiband,T=27C
2024-11-18,07:18,18,3.713,,Run,,,,T=27C
2024-11-18,07:23,18,3.708,,Run,,,,T=25C
2024-11-18,07:28,17,3.703,,Run,,,,T=25C
2024-11-18,07:33,16,3.696,,Run,,,,T=24C
2024-11-18,07:38,16,3.683,,Run,,,,T=25C
2024-11-18,12:59,92,4.349,,Run,45:06,Stryd Power+Stryd,All-systems Multiband,T=29C
2024-11-18,13:00,92,4.349,,Run,,,,T=29C
2024-11-18,13:05,92,4.347,,Run,,,,T=28C
2024-11-18,13:10,91,4.344,,Run,,,,T=27C
2024-11-18,13:15,91,4.337,,Run,,,,T=27C
2024-11-18,13:20,90,4.331,,Run,,,,T=27C
2024-11-18,13:25,90,4.318,,Run,,,,T=27C
2024-11-18,13:30,89,4.316,,Run,,,,T=27C
2024-11-18,13:35,89,4.318,,Run,,,,T=27C
2024-11-18,13:40,88,4.305,,Run,,,,T=27C
2024-11-19,12:57,,,,Run,41:41,HRM+Stryd Power+Stryd+Tempe,All-systems Multiband,
2024-11-19,13:00,81,4.196,,Run,,,,T=24C
2024-11-19,13:05,80,4.186,,Run,,,,T=23C
2024-11-19,13:10,80,4.178,,Run,,,,T=22C
2024-11-19,13:15,79,4.171,,Run,,,,T=21C
2024-11-19,13:20,79,4.163,,Run,,,,T=21C
2024-11-19,13:25,78,4.160,,Run,,,,T=21C
2024-11-19,13:30,78,4.153,,Run,,,,T=22C
2024-11-19,13:35,77,4.148,,Run,,,,T=21C
2024-11-19,13:40,77,4.142,,Run,,,,T=21C
2024-11-20,13:05,,,,Run,47:00,HRM+Stryd Power+Stryd+Tempe,All-systems Multiband,
2024-11-20,13:10,70,4.061,,Run,,,,T=22C
2024-11-20,13:15,69,4.050,,Run,,,,T=21C
2024-11-20,13:20,69,4.042,,Run,,,,T=21C
2024-11-20,13:25,68,4.031,,Run,,,,T=20C
2024-11-20,13:30,68,4.023,,Run,,,,T=20C
2024-11-20,13:35,67,4.013,,Run,,,,T=20C
2024-11-20,13:40,67,4.005,,Run,,,,T=20C
2024-11-20,13:45,66,3.996,,Run,,,,T=20C
2024-11-20,13:50,66,3.986,,Run,,,,T=20C
2024-11-21,07:26,,,,Run,17:47,HRM+Stryd Power+Stryd+Tempe,All-systems Multiband,
2024-11-21,07:30,57,3.925,,Run,,,,T=22C
2024-11-21,07:35,57,3.915,,Run,,,,T=20C
2024-11-21,07:40,56,3.907,,Run,,,,T=19C
2024-11-21,07:45,55,3.898,,Run,,,,T=19C
2024-11-21,12:59,99,4.391,,Run,39:01,HRM+Stryd Power+Stryd+Tempe,All-systems Multiband,T=26C
2024-11-21,13:00,99,4.391,,Run,,,,T=26C
2024-11-21,13:05,99,4.385,,Run,,,,T=24C
2024-11-21,13:10,99,4.376,,Run,,,,T=23C
2024-11-21,13:15,98,4.371,,Run,,,,T=22C
2024-11-21,13:20,98,4.365,,Run,,,,T=22C
2024-11-21,13:25,97,4.360,,Run,,,,T=22C
2024-11-21,13:30,97,4.355,,Run,,,,T=22C
2024-11-21,13:35,96,4.346,,Run,,,,T=22C
2024-11-22,07:22,,,,Run,3:11:45,HRM+Stryd Power+Stryd+Tempe,All-systems Multiband,
2024-11-22,07:25,89,4.283,,Run,,,,T=24C
2024-11-22,07:30,89,4.272,,Run,,,,T=22C
2024-11-22,07:35,88,4.266,,Run,,,,T=22C
2024-11-22,07:40,88,4.257,,Run,,,,T=21C
2024-11-22,07:45,87,4.250,,Run,,,,T=21C
2024-11-22,07:50,87,4.243,,Run,,,,T=21C
2024-11-22,07:55,86,4.238,,Run,,,,T=21C
2024-11-22,08:00,86,4.233,,Run,,,,T=21C
2024-11-22,08:05,85,4.229,,Run,,,,T=21C
2024-11-22,08:10,85,4.222,,Run,,,,T=21C
2024-11-22,08:15,84,4.216,,Run,,,,T=21C
2024-11-22,08:20,84,4.207,,Run,,,,T=21C
2024-11-22,08:25,83,4.206,,Run,,,,T=21C
2024-11-22,08:30,83,4.191,,Run,,,,T=21C
2024-11-22,08:35,82,4.193,,Run,,,,T=21C
2024-11-22,08:40,82,4.184,,Run,,,,T=21C
2024-11-22,08:45,81,4.178,,Run,,,,T=20C
2024-11-22,08:50,81,4.173,,Run,,,,T=20C
2024-11-22,08:55,80,4.166,,Run,,,,T=20C
2024-11-22,09:00,80,4.163,,Run,,,,T=20C
2024-11-22,09:05,79,4.160,,Run,,,,T=20C
2024-11-22,09:10,78,4.153,,Run,,,,T=21C
2024-11-22,09:15,78,4.146,,Run,,,,T=21C
2024-11-22,09:20,77,4.143,,Run,,,,T=20C
2024-11-22,09:25,77,4.135,,Run,,,,T=21C
2024-11-22,09:30,76,4.131,,Run,,,,T=21C
2024-11-22,09:35,76,4.127,,Run,,,,T=22C
2024-11-22,09:40,75,4.120,,Run,,,,T=22C
2024-11-22,09:45,75,4.116,,Run,,,,T=22C
2024-11-22,09:50,74,4.110,,Run,,,,T=22C
2024-11-22,09:55,74,4.098,,Run,,,,T=22C
2024-11-22,10:00,73,4.098,,Run,,,,T=22C
2024-11-22,10:05,73,4.094,,Run,,,,T=22C
2024-11-22,10:10,72,4.038,,Run,,,,T=22C
2024-11-22,10:15,72,4.083,,Run,,,,T=22C
2024-11-22,10:20,71,4.078,,Run,,,,T=22C
2024-11-22,10:25,71,4.070,,Run,,,,T=22C
2024-11-22,10:30,70,4.063,,Run,,,,T=22C
2024-11-25,12:56,,,,Run,49:58,HRM+Power+Stryd+Tempe+Stryd Power,All-systems Multiband,
2024-11-25,13:00,98,4.373,,Run,,,,T=25C
2024-11-25,13:05,98,4.362,,Run,,,,T=25C
2024-11-25,13:10,97,4.359,,Run,,,,T=25C
2024-11-25,13:15,97,4.355,,Run,,,,T=24C
2024-11-25,13:20,96,4.350,,Run,,,,T=24C
2024-11-25,13:25,96,4.345,,Run,,,,T=24C
2024-11-25,13:30,95,4.341,,Run,,,,T=23C
2024-11-25,13:35,95,4.330,,Run,,,,T=22C
2024-11-25,13:40,94,4.321,,Run,,,,T=22C
2024-11-25,13:45,94,4.321,,Run,,,,T=22C
2024-11-26,07:11,,,,Run,22:58,HRM+Tempe,All-systems Multiband,
2024-11-26,07:15,87,4.251,,Run,,,,T=23C
2024-11-26,07:20,86,4.236,,Run,,,,T=22C
2024-11-26,07:25,85,4.221,,Run,,,,T=21C
2024-11-26,07:30,85,4.216,,Run,,,,T=21C
2024-11-26,13:09,82,4.210,,Run,34:24,HRM+Stryd Power+Stryd+Tempe,All-systems Multiband,T=27C
2024-11-26,13:10,82,4.210,,Run,,,,T=27C
2024-11-26,13:20,81,4.191,,Run,,,,T=26C
2024-11-26,13:25,80,4.184,,Run,,,,T=26C
2024-11-26,13:30,80,4.175,,Run,,,,T=26C
2024-11-26,13:35,79,4.177,,Run,,,,T=26C
2024-11-26,13:40,79,4.170,,Run,,,,T=25C
2024-11-26,13:45,78,4.165,,Run,,,,T=26C
2024-11-27,07:17,,,,Run,20:03,HRM+Stryd Power+Stryd+Tempe,All-systems Multiband,
2024-11-27,07:25,72,4.091,,Run,,,,T=20C
2024-11-27,07:30,72,4.082,,Run,,,,T=20C
2024-11-27,13:04,69,4.042,,Run,44:26,HRM+Stryd Power+Stryd+Tempe,All-systems Multiband,T=27C
2024-11-27,13:05,69,4.042,,Run,,,,T=27C
2024-11-27,13:10,68,4.041,,Run,,,,T=26C
2024-11-27,13:15,68,4.027,,Run,,,,T=24C
2024-11-27,13:20,67,4.021,,Run,,,,T=23C
2024-11-27,13:25,67,4.007,,Run,,,,T=22C
2024-11-27,13:30,66,4.000,,Run,,,,T=22C
2024-11-27,13:35,66,3.991,,Run,,,,T=22C
2024-11-27,13:40,65,3.990,,Run,,,,T=23C
2024-11-27,13:45,65,3.978,,Run,,,,T=23C
2024-11-27,13:50,64,3.976,,Run,,,,T=23C
2024-11-28,07:18,57,3.919,,Run,1:47:07,HRM+Stryd Power+Stryd+Tempe,All-systems Multiband,T=24C
2024-11-28,07:20,57,3.919,,Run,,,,T=24C
2024-11-28,07:25,56,3.912,,Run,,,,T=21C
2024-11-28,07:30,56,3.908,,Run,,,,T=20C
2024-11-28,07:35,55,3.900,,Run,,,,T=20C
2024-11-28,07:40,55,3.893,,Run,,,,T=20C
2024-11-28,07:45,54,3.892,,Run,,,,T=20C
2024-11-28,07:50,54,3.889,,Run,,,,T=21C
2024-11-28,07:55,53,3.883,,Run,,,,T=20C
2024-11-28,08:00,52,3.878,,Run,,,,T=21C
2024-11-28,08:05,52,3.877,,Run,,,,T=22C
2024-11-28,08:10,51,3.875,,Run,,,,T=22C
2024-11-28,08:15,51,3.869,,Run,,,,T=21C
2024-11-28,08:20,50,3.865,,Run,,,,T=21C
2024-11-28,08:25,50,3.860,,Run,,,,T=21C
2024-11-28,08:30,49,3.853,,Run,,,,T=21C
2024-11-28,08:35,49,3.853,,Run,,,,T=21C
2024-11-28,08:40,48,3.851,,Run,,,,T=21C
2024-11-28,08:45,47,3.845,,Run,,,,T=21C
2024-11-28,08:50,47,3.841,,Run,,,,T=21C
2024-11-28,08:55,46,3.840,,Run,,,,T=21C
2024-11-28,09:00,46,3.836,,Run,,,,T=21C
2024-11-28,09:05,45,3.831,,Run,,,,T=21C
2024-11-28,09:10,45,3.854,,Run,,,,T=27C
2024-11-28,09:16,45,3.863,,Run,,,,T=26C
2024-11-28,09:21,45,3.861,,Run,,,,T=23C
2024-11-28,09:33,44,3.863,,Run,,,,T=22C
2024-11-28,12:58,,,,Strength,41:16,HRM+Tempe,Off,
2024-11-28,13:01,91,4.344,,Strength,,,,T=25C
2024-11-28,13:06,91,4.340,,Strength,,,,T=25C
2024-11-28,13:11,91,4.343,,Strength,,,,T=24C
2024-11-28,13:16,91,4.341,,Strength,,,,T=24C
2024-11-28,13:26,91,4.336,,Strength,,,,T=24C
2024-11-28,13:31,91,4.340,,Strength,,,,T=24C
2024-11-28,13:36,91,4.340,,Strength,,,,T=24C
2024-11-29,07:24,86,4.266,,Cardio,37:02,HRM+Tempe,Off,T=24C
2024-11-29,07:26,86,4.266,,Cardio,,,,T=24C
2024-11-29,07:31,85,4.270,,Cardio,,,,T=24C
2024-11-29,07:41,85,4.270,,Cardio,,,,T=25C
2024-11-29,07:46,85,4.268,,Cardio,,,,T=24C
2024-11-29,07:51,85,4.270,,Cardio,,,,T=24C
2024-11-29,07:56,85,4.270,,Cardio,,,,T=23C
2024-11-29,08:01,85,4.268,,Cardio,,,,T=23C
2024-11-29,13:03,,,,Run,38:51,HRM+Stryd+Tempe,All-systems Multiband,
2024-11-29,13:06,83,4.219,,Run,,,,T=28C
2024-11-29,13:11,82,4.211,,Run,,,,T=27C
2024-11-29,13:16,81,4.196,,Run,,,,T=27C
2024-11-29,13:21,81,4.193,,Run,,,,T=27C
2024-11-29,13:26,80,4.183,,Run,,,,T=27C
2024-11-29,13:31,79,4.170,,Run,,,,T=27C
2024-11-29,13:36,79,4.165,,Run,,,,T=27C
2024-11-29,13:41,78,4.160,,Run,,,,T=26C
2024-12-02,05:19,59,3.943,,Run,38:30,Power+Stryd+Stryd Power,All-systems Multiband,T=27C
2024-12-02,05:21,59,3.943,,Run,,,,T=27C
2024-12-02,05:26,58,3.935,,Run,,,,T=23C
2024-12-02,05:31,57,3.926,,Run,,,,T=22C
2024-12-02,05:36,57,3.920,,Run,,,,T=21C
2024-12-02,05:41,56,3.911,,Run,,,,T=21C
2024-12-02,05:46,56,3.906,,Run,,,,T=21C
2024-12-02,05:56,54,3.895,,Run,,,,T=20C
2024-12-03,07:17,73,4.100,,Run,20:28,Power+Stryd+Tempe+Stryd Power,All-systems Multiband,T=23C
2024-12-03,07:18,73,4.100,,Run,,,,T=23C
2024-12-03,07:23,73,4.078,,Run,,,,T=21C
2024-12-03,07:28,72,4.075,,Run,,,,T=20C
2024-12-04,08:04,85,4.240,,Run,1:07:27,HRM+Power+Stryd+Tempe+Stryd Power,All-systems Multiband,T=26C
2024-12-04,08:05,85,4.240,,Run,,,,T=26C
2024-12-04,08:10,85,4.239,,Run,,,,T=25C
2024-12-04,08:15,84,4.228,,Run,,,,T=24C
2024-12-04,08:20,84,4.226,,Run,,,,T=25C
2024-12-04,08:25,83,4.211,,Run,,,,T=24C
2024-12-04,08:30,83,4.206,,Run,,,,T=24C
2024-12-04,08:35,82,4.200,,Run,,,,T=24C
2024-12-04,08:45,81,4.190,,Run,,,,T=24C
2024-12-04,08:55,80,4.175,,Run,,,,T=24C
2024-12-04,09:00,79,4.174,,Run,,,,T=24C
2024-12-04,09:05,79,4.164,,Run,,,,T=25C
2024-12-04,09:15,78,4.156,,Run,,,,T=26C
2024-12-04,21:09,73,4.103,,Run,29:41,Stryd Power+Stryd+Tempe+Power,All-systems Multiband,T=27C
2024-12-04,21:10,73,4.103,,Run,,,,T=27C
2024-12-04,21:15,73,4.094,,Run,,,,T=26C
2024-12-04,21:20,72,4.116,,Run,,,,T=25C
2024-12-04,21:28,72,4.118,,Run,,,,T=26C
2024-12-04,21:35,72,4.086,,Run,,,,T=26C
2024-12-04,21:40,71,4.080,,Run,,,,T=26C
2024-12-05,08:12,,,,Run,43:55,HRM+Stryd,All-systems Multiband,
2024-12-05,08:15,67,4.021,,Run,,,,T=26C
2024-12-05,08:20,66,4.004,,Run,,,,T=25C
2024-12-05,08:25,66,3.992,,Run,,,,T=24C
2024-12-05,08:30,65,3.978,,Run,,,,T=23C
2024-12-05,08:35,64,3.969,,Run,,,,T=24C
2024-12-05,08:40,64,3.960,,Run,,,,T=23C
2024-12-05,08:45,63,3.953,,Run,,,,T=23C
2024-12-05,08:50,62,3.944,,Run,,,,T=23C
2024-12-05,08:55,62,3.940,,Run,,,,T=23C
2024-12-05,09:00,61,3.935,,Run,,,,T=24C
2024-12-06,23:54,89,4.320,,Yoga,15:57,Tempe,Off,T=29C
2024-12-06,23:59,89,4.323,,Yoga,,,,T=28C
2024-12-07,00:09,89,4.316,,Yoga,,,,T=28C
2024-12-08,05:15,,,,Run,3:22:51,HRM+Stryd Power+Stryd+Tempe,All-systems Multiband,
2024-12-08,05:19,80,4.175,,Run,,,,T=21C
2024-12-08,05:24,79,4.174,,Run,,,,T=23C
2024-12-08,05:29,79,4.165,,Run,,,,T=24C
2024-12-08,05:34,78,4.159,,Run,,,,T=21C
2024-12-08,05:39,78,4.150,,Run,,,,T=20C
2024-12-08,05:44,77,4.141,,Run,,,,T=20C
2024-12-08,05:49,76,4.140,,Run,,,,T=22C
2024-12-08,05:54,76,4.140,,Run,,,,T=24C
2024-12-08,05:59,75,4.133,,Run,,,,T=22C
2024-12-08,06:04,75,4.123,,Run,,,,T=21C
2024-12-08,06:09,74,4.113,,Run,,,,T=20C
2024-12-08,06:14,74,4.111,,Run,,,,T=22C
2024-12-08,06:19,73,4.110,,Run,,,,T=24C
2024-12-08,06:24,73,4.101,,Run,,,,T=23C
2024-12-08,06:29,72,4.094,,Run,,,,T=21C
2024-12-08,06:34,72,4.088,,Run,,,,T=22C
2024-12-08,06:39,71,4.094,,Run,,,,T=24C
2024-12-08,06:44,71,4.083,,Run,,,,T=21C
2024-12-08,06:54,70,4.066,,Run,,,,T=20C
2024-12-08,06:59,69,4.053,,Run,,,,T=19C
2024-12-08,07:04,69,3.966,,Run,,,,T=20C
2024-12-08,07:09,68,4.044,,Run,,,,T=22C
2024-12-08,07:14,68,4.040,,Run,,,,T=21C
2024-12-08,07:19,67,4.030,,Run,,,,T=20C
2024-12-08,07:24,66,4.023,,Run,,,,T=20C
2024-12-08,07:29,66,4.002,,Run,,,,T=19C
2024-12-08,07:34,65,3.992,,Run,,,,T=19C
2024-12-08,07:44,64,3.905,,Run,,,,T=19C
2024-12-08,07:49,64,3.980,,Run,,,,T=19C
2024-12-08,07:59,62,3.957,,Run,,,,T=19C
2024-12-08,08:04,62,3.960,,Run,,,,T=19C
2024-12-08,08:14,61,3.940,,Run,,,,T=19C
2024-12-08,08:19,60,3.944,,Run,,,,T=19C
2024-12-08,08:24,60,3.936,,Run,,,,T=22C
2024-12-08,08:29,59,3.930,,Run,,,,T=21C
2024-12-08,08:34,59,3.923,,Run,,,,T=20C
2024-12-09,13:19,51,3.880,,Walk,35:42,,All-systems,T=25C
2024-12-09,13:24,50,3.883,,Walk,,,,T=24C
2024-12-09,13:29,50,3.876,,Walk,,,,T=24C
2024-12-09,13:34,50,3.880,,Walk,,,,T=23C
2024-12-09,13:39,50,3.880,,Walk,,,,T=24C
2024-12-09,13:44,49,3.871,,Walk,,,,T=23C
2024-12-09,13:49,49,3.876,,Walk,,,,T=23C
2024-12-09,13:54,49,3.876,,Walk,,,,T=23C
2024-12-10,07:54,43,3.824,,Run,19:03,HRM+Stryd+Tempe,All-systems Multiband,T=26C
2024-12-10,07:59,43,3.814,,Run,,,,T=24C
2024-12-10,08:04,42,3.814,,Run,,,,T=24C
2024-12-10,08:09,41,3.801,,Run,,,,T=23C
2024-12-10,08:14,40,3.806,,Run,,,,T=23C
2024-12-10,13:23,36,3.799,,Walk,32:12,Tempe,All-systems,T=25C
2024-12-10,13:24,36,3.799,,Walk,,,,T=25C
2024-12-10,13:29,36,3.806,,Walk,,,,T=25C
2024-12-10,13:39,35,3.795,,Walk,,,,T=24C
2024-12-10,13:49,35,3.788,,Walk,,,,T=25C
2024-12-10,13:54,35,3.786,,Walk,,,,T=25C
2024-12-13,08:18,,,,Run,55:38,HRM+Power+Stryd+Tempe+Stryd Power,All-systems Multiband,
2024-12-13,08:21,72,4.076,,Run,,,,T=23C
2024-12-13,08:26,71,4.065,,Run,,,,T=22C
2024-12-13,08:31,71,4.058,,Run,,,,T=21C
2024-12-13,08:36,70,4.050,,Run,,,,T=21C
2024-12-13,08:41,70,4.038,,Run,,,,T=21C
2024-12-13,08:46,69,4.031,,Run,,,,T=21C
2024-12-13,08:51,69,4.020,,Run,,,,T=20C
2024-12-13,08:56,68,4.011,,Run,,,,T=20C
2024-12-13,09:01,68,4.003,,Run,,,,T=20C
2024-12-13,09:06,67,3.999,,Run,,,,T=20C
2024-12-13,09:11,66,3.983,,Run,,,,T=20C
2024-12-13,09:16,66,3.985,,Run,,,,T=20C
2024-12-13,09:21,65,3.972,,Run,,,,T=21C
2024-12-16,05:51,,,,Run,41:04,HRM+Stryd Power+Stryd+Tempe,All-systems Multiband,
2024-12-16,05:56,89,4.278,,Run,,,,T=22C
2024-12-16,06:01,88,4.266,,Run,,,,T=20C
2024-12-16,06:06,88,4.255,,Run,,,,T=19C
2024-12-16,06:11,87,4.246,,Run,,,,T=18C
2024-12-16,06:16,87,4.238,,Run,,,,T=18C
2024-12-16,06:21,86,4.229,,Run,,,,T=18C
2024-12-16,06:26,85,4.220,,Run,,,,T=18C
2024-12-16,06:31,85,4.215,,Run,,,,T=18C
2024-12-16,11:18,,,,Walk,49:42,Tempe,All-systems,
2024-12-16,11:21,82,4.218,,Walk,,,,T=24C
2024-12-16,11:26,81,4.211,,Walk,,,,T=23C
2024-12-16,11:31,81,4.215,,Walk,,,,T=23C
2024-12-16,11:36,81,4.209,,Walk,,,,T=24C
2024-12-16,11:46,81,4.205,,Walk,,,,T=23C
2024-12-16,11:56,80,4.202,,Walk,,,,T=23C
2024-12-16,12:01,80,4.200,,Walk,,,,T=23C
2024-12-16,12:06,80,4.195,,Walk,,,,T=23C
2024-12-17,10:52,,,,Run,1:56:34,HRM+Stryd Power+Stryd+Tempe,All-systems Multiband,
2024-12-17,10:56,69,4.053,,Run,,,,T=23C
2024-12-17,11:01,69,4.045,,Run,,,,T=24C
2024-12-17,11:06,68,4.035,,Run,,,,T=24C
2024-12-17,11:11,68,4.032,,Run,,,,T=25C
2024-12-17,11:16,67,4.022,,Run,,,,T=27C
2024-12-17,11:21,67,4.018,,Run,,,,T=25C
2024-12-17,11:26,66,4.008,,Run,,,,T=23C
2024-12-17,11:31,66,3.995,,Run,,,,T=23C
2024-12-17,11:36,65,3.989,,Run,,,,T=23C
2024-12-17,11:46,64,3.978,,Run,,,,T=25C
2024-12-17,11:51,64,3.976,,Run,,,,T=26C
2024-12-17,11:56,63,3.961,,Run,,,,T=24C
2024-12-17,12:01,63,3.958,,Run,,,,T=24C
2024-12-17,12:06,62,3.948,,Run,,,,T=24C
2024-12-17,12:11,62,3.948,,Run,,,,T=24C
2024-12-17,12:16,61,3.948,,Run,,,,T=27C
2024-12-17,12:21,61,3.943,,Run,,,,T=25C
2024-12-17,12:26,60,3.940,,Run,,,,T=27C
2024-12-17,12:31,60,3.932,,Run,,,,T=26C
2024-12-17,12:36,59,3.925,,Run,,,,T=25C
2024-12-17,12:41,58,3.921,,Run,,,,T=24C
2024-12-17,12:46,58,3.914,,Run,,,,T=24C
2024-12-18,07:58,50,3.862,,Run,48:59,HRM+Power+Stryd+Tempe+Stryd Power,All-systems Multiband,T=26C
2024-12-18,07:59,50,3.862,,Run,,,,T=26C
2024-12-18,08:04,50,3.858,,Run,,,,T=23C
2024-12-18,08:09,49,3.854,,Run,,,,T=22C
2024-12-18,08:14,48,3.845,,Run,,,,T=22C
2024-12-18,08:19,48,3.845,,Run,,,,T=22C
2024-12-18,08:24,47,3.840,,Run,,,,T=21C
2024-12-18,08:29,47,3.834,,Run,,,,T=21C
2024-12-18,08:34,46,3.830,,Run,,,,T=21C
2024-12-18,08:39,46,3.730,,Run,,,,T=21C
2024-12-18,08:44,45,3.822,,Run,,,,T=21C
2024-12-20,16:29,,,,Run,59:02,HRM+Stryd+Tempe,All-systems Multiband,
2024-12-20,16:33,85,4.246,,Run,,,,T=23C
2024-12-20,16:38,85,4.225,,Run,,,,T=22C
2024-12-20,16:43,84,4.220,,Run,,,,T=22C
2024-12-20,16:48,83,4.208,,Run,,,,T=22C
2024-12-20,16:53,83,4.206,,Run,,,,T=21C
2024-12-20,16:58,82,4.180,,Run,,,,T=21C
2024-12-20,17:03,81,4.179,,Run,,,,T=21C
2024-12-20,17:08,81,4.163,,Run,,,,T=20C
2024-12-20,17:13,80,4.163,,Run,,,,T=20C
2024-12-20,17:18,79,4.140,,Run,,,,T=20C
2024-12-20,17:23,78,4.147,,Run,,,,T=20C
2024-12-20,17:28,78,4.133,,Run,,,,T=20C
2024-12-21,07:45,,,,Strength,09:00,Tempe,Off,
2024-12-21,07:48,73,4.125,,Strength,,,,T=26C
2024-12-21,07:53,73,4.121,,Strength,,,,T=26C
2024-12-23,23:58,55,3.905,,Run,56:10,HRM+Stryd Power+Stryd+Tempe,All-systems Multiband,T=26C
2024-12-24,00:03,54,3.900,,Run,,,,T=23C
2024-12-24,00:08,54,3.883,,Run,,,,T=22C
2024-12-24,00:13,53,3.888,,Run,,,,T=21C
2024-12-24,00:18,52,3.882,,Run,,,,T=20C
2024-12-24,00:23,52,3.877,,Run,,,,T=20C
2024-12-24,00:28,51,3.868,,Run,,,,T=20C
2024-12-24,00:33,51,3.859,,Run,,,,T=19C
2024-12-24,00:38,50,3.862,,Run,,,,T=19C
2024-12-24,00:43,50,3.860,,Run,,,,T=19C
2024-12-24,00:48,49,3.855,,Run,,,,T=19C
2024-12-24,00:53,48,3.843,,Run,,,,T=19C
2024-12-24,00:58,48,3.845,,Run,,,,T=20C
2024-12-24,01:03,47,3.847,,Run,,,,T=21C
2024-12-24,17:05,,,,Run,36:33,HRM+Stryd Power+Stryd+Tempe,All-systems Multiband,
2024-12-24,17:08,42,3.811,,Run,,,,T=23C
2024-12-24,17:13,41,3.809,,Run,,,,T=22C
2024-12-24,17:18,40,3.801,,Run,,,,T=21C
2024-12-24,17:23,40,3.806,,Run,,,,T=21C
2024-12-24,17:28,39,3.802,,Run,,,,T=21C
2024-12-24,17:33,39,3.798,,Run,,,,T=21C
2024-12-24,17:38,38,3.793,,Run,,,,T=21C
2024-12-28,04:49,82,4.199,,Run,2:13:34,HRM+Power+Stryd+Tempe+Stryd Power,All-systems Multiband,T=25C
2024-12-28,04:50,82,4.199,,Run,,,,T=25C
2024-12-28,05:00,81,4.172,,Run,,,,T=20C
2024-12-28,05:05,80,4.165,,Run,,,,T=20C
2024-12-28,05:10,80,4.158,,Run,,,,T=19C
2024-12-28,05:15,79,4.148,,Run,,,,T=19C
2024-12-28,05:20,79,4.141,,Run,,,,T=19C
2024-12-28,05:25,78,4.130,,Run,,,,T=19C
2024-12-28,05:30,78,4.128,,Run,,,,T=19C
2024-12-28,05:35,77,4.118,,Run,,,,T=19C
2024-12-28,05:40,77,4.116,,Run,,,,T=19C
2024-12-28,05:45,76,4.110,,Run,,,,T=19C
2024-12-28,05:50,76,4.098,,Run,,,,T=19C
2024-12-28,05:55,75,4.098,,Run,,,,T=19C
2024-12-28,06:00,74,4.090,,Run,,,,T=19C
2024-12-28,06:05,74,4.086,,Run,,,,T=18C
2024-12-28,06:10,73,4.076,,Run,,,,T=18C
2024-12-28,06:15,73,4.073,,Run,,,,T=18C
2024-12-28,06:20,72,4.066,,Run,,,,T=18C
2024-12-28,06:25,72,4.060,,Run,,,,T=18C
2024-12-28,06:30,71,4.053,,Run,,,,T=18C
2024-12-28,06:35,71,4.046,,Run,,,,T=18C
2024-12-28,06:40,70,4.041,,Run,,,,T=18C
2024-12-28,06:45,70,4.034,,Run,,,,T=18C
2024-12-28,06:50,69,4.026,,Run,,,,T=18C
2024-12-28,06:55,69,4.022,,Run,,,,T=18C
2024-12-28,07:00,68,4.013,,Run,,,,T=18C
2024-12-30,06:24,90,4.274,,Run,53:08,HRM+Stryd+Tempe,All-systems Multiband,T=26C
2024-12-30,06:29,90,4.270,,Run,,,,T=22C
2024-12-30,06:34,89,4.247,,Run,,,,T=20C
2024-12-30,06:39,88,4.245,,Run,,,,T=19C
2024-12-30,06:44,88,4.228,,Run,,,,T=19C
2024-12-30,06:49,87,4.218,,Run,,,,T=18C
2024-12-30,06:54,86,4.204,,Run,,,,T=18C
2024-12-30,06:59,86,4.205,,Run,,,,T=18C
2024-12-30,07:04,85,4.196,,Run,,,,T=18C
2024-12-30,07:14,84,4.180,,Run,,,,T=18C
2024-12-31,06:06,,,,Run,47:13,HRM+Stryd Power+Stryd+Tempe,All-systems Multiband,
2024-12-31,06:09,76,4.111,,Run,,,,T=24C
2024-12-31,06:19,75,4.101,,Run,,,,T=22C
2024-12-31,06:24,74,4.096,,Run,,,,T=22C
2024-12-31,06:34,73,4.081,,Run,,,,T=21C
2024-12-31,06:39,73,4.062,,Run,,,,T=20C
2024-12-31,06:44,72,4.063,,Run,,,,T=20C
2024-12-31,06:49,72,4.060,,Run,,,,T=20C
2024-12-31,06:54,71,4.051,,Run,,,,T=20C
2025-01-02,09:11,,,,Run,3:11:27,HRM+Power+Stryd+Tempe+Stryd Power,All-systems Multiband,
2025-01-02,09:14,91,4.298,,Run,,,,T=24C
2025-01-02,09:19,91,4.291,,Run,,,,T=23C
2025-01-02,09:24,90,4.276,,Run,,,,T=22C
2025-01-02,09:29,90,4.277,,Run,,,,T=22C
2025-01-02,09:34,89,4.260,,Run,,,,T=22C
2025-01-02,09:39,89,4.265,,Run,,,,T=22C
2025-01-02,09:44,88,4.257,,Run,,,,T=22C
2025-01-02,09:49,88,4.246,,Run,,,,T=22C
2025-01-02,09:54,87,4.235,,Run,,,,T=21C
2025-01-02,09:59,87,4.239,,Run,,,,T=22C
2025-01-02,10:09,86,4.221,,Run,,,,T=23C
2025-01-02,10:14,85,4.213,,Run,,,,T=24C
2025-01-02,10:19,84,4.215,,Run,,,,T=23C
2025-01-02,10:24,84,4.208,,Run,,,,T=22C
2025-01-02,10:29,83,4.190,,Run,,,,T=22C
2025-01-02,10:34,83,4.191,,Run,,,,T=22C
2025-01-02,10:39,82,4.180,,Run,,,,T=22C
2025-01-02,10:44,81,4.169,,Run,,,,T=22C
2025-01-02,10:49,81,4.171,,Run,,,,T=22C
2025-01-02,10:54,80,4.170,,Run,,,,T=22C
2025-01-02,10:59,80,4.161,,Run,,,,T=22C
2025-01-02,11:04,79,4.153,,Run,,,,T=23C
2025-01-02,11:09,79,4.155,,Run,,,,T=23C
2025-01-02,11:14,78,4.150,,Run,,,,T=23C
2025-01-02,11:19,78,4.143,,Run,,,,T=23C
2025-01-02,11:24,77,4.136,,Run,,,,T=22C
2025-01-02,11:29,77,4.121,,Run,,,,T=23C
2025-01-02,11:34,76,4.115,,Run,,,,T=23C
2025-01-02,11:39,75,4.110,,Run,,,,T=23C
2025-01-02,11:44,75,4.113,,Run,,,,T=23C
2025-01-02,11:49,74,4.101,,Run,,,,T=22C
2025-01-02,11:54,74,4.091,,Run,,,,T=22C
2025-01-02,11:59,73,4.096,,Run,,,,T=22C
2025-01-02,12:04,73,4.087,,Run,,,,T=23C
2025-01-02,12:09,72,4.081,,Run,,,,T=23C
2025-01-02,12:14,72,4.076,,Run,,,,T=23C
2025-01-02,12:19,71,4.071,,Run,,,,T=23C
2025-01-03,08:20,,,,Run,58:56,HRM+Stryd+Tempe,All-systems Multiband,
2025-01-03,08:24,65,3.975,,Run,,,,T=23C
2025-01-03,08:29,64,3.966,,Run,,,,T=22C
2025-01-03,08:34,63,3.953,,Run,,,,T=22C
2025-01-03,08:39,63,3.949,,Run,,,,T=23C
2025-01-03,08:44,62,3.943,,Run,,,,T=22C
2025-01-03,08:49,61,3.937,,Run,,,,T=24C
2025-01-03,08:54,61,3.926,,Run,,,,T=22C
2025-01-03,08:59,60,3.918,,Run,,,,T=20C
2025-01-03,09:04,59,3.908,,Run,,,,T=21C
2025-01-03,09:09,59,3.904,,Run,,,,T=21C
2025-01-03,09:14,58,3.898,,Run,,,,T=21C
2025-01-03,09:19,57,3.890,,Run,,,,T=21C
2025-01-03,09:24,57,3.890,,Run,,,,T=21C
2025-01-04,06:06,,,,Run,50:06,HRM+Stryd Power+Stryd+Tempe,All-systems Multiband,
2025-01-04,06:09,51,3.868,,Run,,,,T=23C
2025-01-04,06:14,51,3.858,,Run,,,,T=21C
2025-01-04,06:19,50,3.846,,Run,,,,T=21C
2025-01-04,06:24,50,3.846,,Run,,,,T=20C
2025-01-04,06:29,49,3.840,,Run,,,,T=20C
2025-01-04,06:34,48,3.832,,Run,,,,T=20C
2025-01-04,06:39,48,3.825,,Run,,,,T=20C
2025-01-04,06:44,47,3.822,,Run,,,,T=19C
2025-01-04,06:49,47,3.816,,Run,,,,T=19C
2025-01-04,06:54,46,3.807,,Run,,,,T=19C
2025-01-06,08:27,,,,Run,33:43,HRM+Power+Stryd+Tempe+Stryd Power,All-systems Multiband,
2025-01-06,08:32,74,4.098,,Run,,,,T=22C
2025-01-06,08:37,74,4.083,,Run,,,,T=21C
2025-01-06,08:42,73,4.077,,Run,,,,T=21C
2025-01-06,08:47,73,4.067,,Run,,,,T=20C
2025-01-06,08:52,72,4.059,,Run,,,,T=20C
2025-01-06,08:57,72,4.051,,Run,,,,T=20C
2025-01-06,09:02,71,4.043,,Run,,,,T=20C
2025-01-07,05:50,59,3.928,,Run,53:16,HRM+Stryd Power+Stryd+Tempe,All-systems Multiband,T=25C
2025-01-07,05:52,59,3.928,,Run,,,,T=25C
2025-01-07,05:57,59,3.935,,Run,,,,T=22C
2025-01-07,06:02,58,3.915,,Run,,,,T=21C
2025-01-07,06:07,58,3.921,,Run,,,,T=20C
2025-01-07,06:12,57,3.904,,Run,,,,T=20C
2025-01-07,06:17,57,3.894,,Run,,,,T=19C
2025-01-07,06:22,56,3.888,,Run,,,,T=19C
2025-01-07,06:32,55,3.883,,Run,,,,T=19C
2025-01-07,06:37,54,3.875,,Run,,,,T=19C
2025-01-07,06:42,54,3.876,,Run,,,,T=19C
2025-01-08,13:48,,,,Run,1:46:22,HRM+Stryd+Tempe,All-systems Multiband,
2025-01-08,13:52,44,3.817,,Run,,,,T=24C
2025-01-08,13:57,44,3.813,,Run,,,,T=24C
2025-01-08,14:02,43,3.809,,Run,,,,T=25C
2025-01-08,14:07,42,3.808,,Run,,,,T=25C
2025-01-08,14:12,41,3.800,,Run,,,,T=25C
2025-01-08,14:17,41,3.795,,Run,,,,T=23C
2025-01-08,14:22,40,3.788,,Run,,,,T=23C
2025-01-08,14:27,39,3.783,,Run,,,,T=23C
2025-01-08,14:32,39,3.781,,Run,,,,T=23C
2025-01-08,14:37,38,3.773,,Run,,,,T=23C
2025-01-08,14:42,37,3.773,,Run,,,,T=23C
2025-01-08,14:47,36,3.766,,Run,,,,T=23C
2025-01-08,14:52,36,3.760,,Run,,,,T=23C
2025-01-08,14:57,35,3.754,,Run,,,,T=22C
2025-01-08,15:02,34,3.755,,Run,,,,T=23C
2025-01-08,15:07,33,3.750,,Run,,,,T=24C
2025-01-08,15:12,33,3.745,,Run,,,,T=23C
2025-01-08,15:17,32,3.738,,Run,,,,T=22C
2025-01-08,15:22,31,3.733,,Run,,,,T=22C
2025-01-08,15:27,30,3.729,,Run,,,,T=22C
2025-01-08,15:32,30,3.725,,Run,,,,T=22C
2025-01-09,16:23,,,,Run,28:42,HRM+Stryd+Tempe,All-systems Multiband,
2025-01-09,16:29,99,4.370,,Run,,,,T=23C
2025-01-09,16:34,98,4.364,,Run,,,,T=22C
2025-01-09,16:39,98,4.355,,Run,,,,T=22C
2025-01-09,16:44,97,4.350,,Run,,,,T=22C
2025-01-09,16:49,96,4.341,,Run,,,,T=21C
2025-01-09,16:54,96,4.333,,Run,,,,T=22C
2025-01-10,09:17,91,4.278,,Run,48:45,HRM+Stryd Power+Stryd+Tempe,All-systems Multiband,T=22C
2025-01-10,09:19,91,4.278,,Run,,,,T=22C
2025-01-10,09:24,91,4.278,,Run,,,,T=21C
2025-01-10,09:29,90,4.271,,Run,,,,T=20C
2025-01-10,09:34,90,4.263,,Run,,,,T=21C
2025-01-10,09:39,89,4.256,,Run,,,,T=19C
2025-01-10,09:44,89,4.248,,Run,,,,T=19C
2025-01-10,09:49,88,4.235,,Run,,,,T=18C
2025-01-10,09:54,88,4.232,,Run,,,,T=18C
2025-01-10,09:59,87,4.223,,Run,,,,T=18C
2025-01-10,10:04,87,4.218,,Run,,,,T=18C
2025-01-13,10:30,,,,Run,55:29,HRM+Stryd+Tempe,All-systems Multiband,
2025-01-13,10:39,67,3.993,,Run,,,,T=21C
2025-01-13,10:44,67,3.973,,Run,,,,T=22C
2025-01-13,10:49,66,3.970,,Run,,,,T=25C
2025-01-13,10:54,65,3.965,,Run,,,,T=23C
2025-01-13,10:59,64,3.955,,Run,,,,T=22C
2025-01-13,11:04,64,3.948,,Run,,,,T=21C
2025-01-13,11:09,63,3.938,,Run,,,,T=21C
2025-01-13,11:14,62,3.922,,Run,,,,T=21C
2025-01-13,11:19,62,3.918,,Run,,,,T=21C
2025-01-13,11:24,61,3.912,,Run,,,,T=21C
2025-01-13,16:34,58,3.926,,Basketball,28:51,Tempe,All-systems,T=24C
2025-01-13,16:39,58,3.931,,Basketball,,,,T=23C
2025-01-13,16:44,58,3.925,,Basketball,,,,T=22C
2025-01-13,16:49,57,3.923,,Basketball,,,,T=22C
2025-01-13,16:54,57,3.923,,Basketball,,,,T=22C
2025-01-13,16:59,57,3.920,,Basketball,,,,T=22C
2025-01-13,17:04,56,3.916,,Basketball,,,,T=22C
2025-01-13,17:09,56,3.911,,Basketball,,,,T=24C
2025-01-13,17:14,56,3.906,,Basketball,,,,T=24C
2025-01-13,17:19,55,3.898,,Basketball,,,,T=25C
2025-01-14,08:17,,,,Run,3:14:02,HRM+Stryd Power+Stryd+Tempe,All-systems Multiband,
2025-01-14,08:22,96,4.343,,Run,,,,T=22C
2025-01-14,08:27,95,4.336,,Run,,,,T=21C
2025-01-14,08:32,94,4.331,,Run,,,,T=21C
2025-01-14,08:37,94,4.316,,Run,,,,T=21C
2025-01-14,08:42,93,4.320,,Run,,,,T=21C
2025-01-14,08:47,93,4.318,,Run,,,,T=21C
2025-01-14,08:52,92,4.301,,Run,,,,T=21C
2025-01-14,08:57,92,4.294,,Run,,,,T=20C
2025-01-14,09:07,91,4.283,,Run,,,,T=20C
2025-01-14,09:12,90,4.285,,Run,,,,T=20C
2025-01-14,09:17,90,4.270,,Run,,,,T=20C
2025-01-14,09:22,89,4.262,,Run,,,,T=20C
2025-01-14,09:27,89,4.260,,Run,,,,T=20C
2025-01-14,09:32,88,4.250,,Run,,,,T=20C
2025-01-14,09:37,87,4.246,,Run,,,,T=20C
2025-01-14,09:42,87,4.241,,Run,,,,T=20C
2025-01-14,09:47,86,4.233,,Run,,,,T=20C
2025-01-14,09:52,86,4.232,,Run,,,,T=19C
2025-01-14,09:57,85,4.221,,Run,,,,T=20C
2025-01-14,10:02,85,4.226,,Run,,,,T=20C
2025-01-14,10:07,84,4.213,,Run,,,,T=20C
2025-01-14,10:12,84,4.205,,Run,,,,T=20C
2025-01-14,10:17,83,4.203,,Run,,,,T=20C
2025-01-14,10:22,83,4.201,,Run,,,,T=20C
2025-01-14,10:27,82,4.193,,Run,,,,T=20C
2025-01-14,10:37,81,4.178,,Run,,,,T=20C
2025-01-14,10:42,81,4.174,,Run,,,,T=20C
2025-01-14,10:47,80,4.164,,Run,,,,T=20C
2025-01-14,10:52,80,4.158,,Run,,,,T=21C
2025-01-14,10:57,79,4.154,,Run,,,,T=20C
2025-01-14,11:02,79,4.158,,Run,,,,T=20C
2025-01-14,11:07,78,4.146,,Run,,,,T=21C
2025-01-14,11:12,77,4.140,,Run,,,,T=20C
2025-01-14,11:17,77,4.135,,Run,,,,T=21C
2025-01-14,11:22,76,4.130,,Run,,,,T=21C
2025-01-14,11:27,76,4.116,,Run,,,,T=20C
2025-01-15,07:53,,,,Run,39:47,HRM+Stryd Power+Stryd+Tempe,All-systems Multiband,
2025-01-15,07:57,71,4.066,,Run,,,,T=24C
2025-01-15,08:02,70,4.055,,Run,,,,T=23C
2025-01-15,08:07,70,4.043,,Run,,,,T=22C
2025-01-15,08:12,69,4.035,,Run,,,,T=21C
2025-01-15,08:17,69,4.026,,Run,,,,T=21C
2025-01-15,08:22,68,4.018,,Run,,,,T=21C
2025-01-15,08:27,68,4.011,,Run,,,,T=20C
2025-01-15,08:32,67,4.011,,Run,,,,T=21C
2025-01-16,08:23,,,,Run,45:11,HRM+Stryd Power+Stryd+Tempe,All-systems Multiband,
2025-01-16,08:27,58,3.926,,Run,,,,T=21C
2025-01-16,08:32,57,3.917,,Run,,,,T=20C
2025-01-16,08:37,57,3.910,,Run,,,,T=19C
2025-01-16,08:42,56,3.905,,Run,,,,T=19C
2025-01-16,08:47,56,3.897,,Run,,,,T=19C
2025-01-16,08:52,55,3.891,,Run,,,,T=19C
2025-01-16,08:57,55,3.885,,Run,,,,T=18C
2025-01-16,09:02,54,3.791,,Run,,,,T=18C
2025-01-16,09:07,54,3.875,,Run,,,,T=18C
2025-01-16,09:12,53,3.868,,Run,,,,T=19C
2025-01-17,06:02,,,,Run,34:35,HRM+Stryd+Tempe,All-systems Multiband,
2025-01-17,06:07,47,3.838,,Run,,,,T=22C
2025-01-17,06:12,47,3.826,,Run,,,,T=20C
2025-01-17,06:17,46,3.817,,Run,,,,T=19C
2025-01-17,06:22,45,3.806,,Run,,,,T=19C
2025-01-17,06:27,44,3.801,,Run,,,,T=18C
2025-01-17,06:32,44,3.796,,Run,,,,T=18C
2025-01-17,06:37,43,3.775,,Run,,,,T=18C
2025-01-17,06:42,42,3.790,,Run,,,,T=19C
2025-01-19,21:58,,,,Breathwork,02:45,Tempe,Off,
2025-01-19,22:00,96,4.358,,Breathwork,,,,T=27C
2025-01-20,08:26,,,,Run,3:33:19,HRM+Stryd Power+Stryd+Tempe,All-systems Multiband,
2025-01-20,08:30,92,4.306,,Run,,,,T=22C
2025-01-20,08:35,91,4.295,,Run,,,,T=20C
2025-01-20,08:40,91,4.289,,Run,,,,T=20C
2025-01-20,08:45,90,4.282,,Run,,,,T=21C
2025-01-20,08:50,90,4.276,,Run,,,,T=21C
2025-01-20,08:55,89,4.271,,Run,,,,T=21C
2025-01-20,09:00,89,4.266,,Run,,,,T=21C
2025-01-20,09:05,88,4.258,,Run,,,,T=20C
2025-01-20,09:10,88,4.251,,Run,,,,T=20C
2025-01-20,09:15,87,4.245,,Run,,,,T=20C
2025-01-20,09:20,87,4.236,,Run,,,,T=21C
2025-01-20,09:25,86,4.235,,Run,,,,T=21C
2025-01-20,09:30,86,4.226,,Run,,,,T=20C
2025-01-20,09:35,85,4.218,,Run,,,,T=20C
2025-01-20,09:40,85,4.214,,Run,,,,T=20C
2025-01-20,09:45,84,4.213,,Run,,,,T=21C
2025-01-20,09:50,84,4.208,,Run,,,,T=23C
2025-01-20,09:55,83,4.200,,Run,,,,T=21C
2025-01-20,10:00,82,4.193,,Run,,,,T=20C
2025-01-20,10:05,82,4.186,,Run,,,,T=20C
2025-01-20,10:10,81,4.175,,Run,,,,T=20C
2025-01-20,10:15,81,4.171,,Run,,,,T=20C
2025-01-20,10:20,80,4.166,,Run,,,,T=20C
2025-01-20,10:25,80,4.162,,Run,,,,T=21C
2025-01-20,10:30,79,4.161,,Run,,,,T=23C
2025-01-20,10:35,79,4.153,,Run,,,,T=22C
2025-01-20,10:40,78,4.155,,Run,,,,T=23C
2025-01-20,10:45,78,4.146,,Run,,,,T=22C
2025-01-20,10:50,77,4.137,,Run,,,,T=22C
2025-01-20,10:55,77,4.132,,Run,,,,T=21C
2025-01-20,11:00,76,4.129,,Run,,,,T=22C
2025-01-20,11:05,76,4.113,,Run,,,,T=22C
2025-01-20,11:10,75,4.111,,Run,,,,T=22C
2025-01-20,11:15,74,4.108,,Run,,,,T=22C
2025-01-20,11:20,74,4.105,,Run,,,,T=22C
2025-01-20,11:25,73,4.096,,Run,,,,T=22C
2025-01-20,11:30,73,4.091,,Run,,,,T=22C
2025-01-20,11:35,72,4.086,,Run,,,,T=22C
2025-01-20,11:40,72,4.081,,Run,,,,T=22C
2025-01-20,11:45,71,4.073,,Run,,,,T=22C
2025-01-20,11:50,71,4.065,,Run,,,,T=22C
2025-01-20,11:55,70,4.057,,Run,,,,T=22C
2025-01-20,12:00,70,4.051,,Run,,,,T=22C
2025-01-20,12:05,69,4.042,,Run,,,,T=22C
2025-01-21,15:07,,,,Run,23:33,HRM+Stryd+Tempe,All-systems Multiband,
2025-01-21,15:10,59,3.937,,Run,,,,T=24C
2025-01-21,15:15,59,3.928,,Run,,,,T=23C
2025-01-21,15:20,58,3.917,,Run,,,,T=22C
2025-01-21,15:25,57,3.910,,Run,,,,T=22C
2025-01-21,15:30,56,3.900,,Run,,,,T=21C
2025-01-21,15:35,56,3.898,,Run,,,,T=22C
2025-01-21,15:40,55,3.893,,Run,,,,T=23C
2025-01-21,15:45,55,3.892,,Run,,,,T=23C
2025-01-22,17:06,,,,Run,36:57,HRM+Stryd Power+Stryd+Tempe,All-systems Multiband,
2025-01-22,17:10,90,4.282,,Run,,,,T=23C
2025-01-22,17:15,89,4.280,,Run,,,,T=21C
2025-01-22,17:20,89,4.273,,Run,,,,T=21C
2025-01-22,17:25,88,4.265,,Run,,,,T=20C
2025-01-22,17:35,87,4.248,,Run,,,,T=19C
2025-01-22,17:40,87,4.245,,Run,,,,T=19C
2025-01-24,16:48,73,4.086,,Run,1:01:11,HRM+Stryd Power+Stryd+Tempe,All-systems Multiband,T=26C
2025-01-24,16:50,73,4.086,,Run,,,,T=26C
2025-01-24,16:55,72,4.083,,Run,,,,T=24C
2025-01-24,17:00,72,4.072,,Run,,,,T=23C
2025-01-24,17:05,71,4.072,,Run,,,,T=23C
2025-01-24,17:10,71,4.056,,Run,,,,T=22C
2025-01-24,17:15,70,4.050,,Run,,,,T=22C
2025-01-24,17:20,70,4.041,,Run,,,,T=22C
2025-01-24,17:25,69,4.033,,Run,,,,T=22C
2025-01-24,17:30,68,4.026,,Run,,,,T=22C
2025-01-24,17:35,68,4.021,,Run,,,,T=22C
2025-01-24,17:45,67,4.001,,Run,,,,T=21C
2025-01-24,17:50,66,3.982,,Run,,,,T=22C
2025-01-27,21:14,,,,Run,1:23:06,HRM+Stryd Power+Stryd+Tempe,All-systems Multiband,
2025-01-27,21:20,42,3.808,,Run,,,,T=19C
2025-01-27,21:25,42,3.807,,Run,,,,T=18C
2025-01-27,21:30,41,3.801,,Run,,,,T=17C
2025-01-27,21:35,40,3.796,,Run,,,,T=18C
2025-01-27,21:40,40,3.793,,Run,,,,T=18C
2025-01-27,21:50,39,3.786,,Run,,,,T=17C
2025-01-27,21:55,38,3.770,,Run,,,,T=16C
2025-01-27,22:00,37,3.776,,Run,,,,T=17C
2025-01-27,22:05,37,3.758,,Run,,,,T=18C
2025-01-27,22:10,36,3.759,,Run,,,,T=17C
2025-01-27,22:20,35,3.761,,Run,,,,T=17C
2025-01-27,22:30,34,3.745,,Run,,,,T=17C
2025-01-29,22:36,,,,Breathwork,02:37,,Off,
2025-01-29,22:38,55,3.931,,Breathwork,,,,T=29C
2025-02-09,06:02,,,,Race,3:27:52,Stryd Power+Stryd+Tempe,All-systems Multiband,
2025-02-09,06:06,77,4.070,,Race,,,,T=22C
2025-02-09,06:11,76,4.077,,Race,,,,T=21C
2025-02-09,06:16,75,4.053,,Race,,,,T=20C
2025-02-09,06:21,74,4.040,,Race,,,,T=20C
2025-02-09,06:26,73,4.030,,Race,,,,T=19C
2025-02-09,06:31,72,4.020,,Race,,,,T=19C
2025-02-09,06:36,71,3.999,,Race,,,,T=19C
2025-02-09,06:41,70,4.010,,Race,,,,T=19C
2025-02-09,06:46,69,3.999,,Race,,,,T=18C
2025-02-09,06:56,67,3.939,,Race,,,,T=16C
2025-02-09,07:06,65,3.944,,Race,,,,T=18C
2025-02-09,07:11,65,3.929,,Race,,,,T=17C
2025-02-09,07:21,63,3.893,,Race,,,,T=16C
2025-02-09,07:26,62,3.888,,Race,,,,T=16C
2025-02-09,07:31,61,3.878,,Race,,,,T=16C
2025-02-09,07:36,60,3.875,,Race,,,,T=16C
2025-02-09,07:41,59,3.881,,Race,,,,T=16C
2025-02-09,07:46,58,3.878,,Race,,,,T=17C
2025-02-09,07:51,57,3.882,,Race,,,,T=19C
2025-02-09,07:56,56,3.856,,Race,,,,T=18C
2025-02-09,08:01,55,3.838,,Race,,,,T=17C
2025-02-09,08:06,54,3.813,,Race,,,,T=18C
2025-02-09,08:11,53,3.827,,Race,,,,T=19C
2025-02-09,08:21,51,3.813,,Race,,,,T=18C
2025-02-09,08:26,50,3.800,,Race,,,,T=18C
2025-02-09,08:31,49,3.824,,Race,,,,T=19C
2025-02-09,08:36,48,3.802,,Race,,,,T=19C
2025-02-09,08:41,47,3.789,,Race,,,,T=20C
2025-02-09,08:46,46,3.818,,Race,,,,T=21C
2025-02-09,08:51,45,3.811,,Race,,,,T=20C
2025-02-09,08:56,44,3.800,,Race,,,,T=20C
2025-02-09,09:01,43,3.797,,Race,,,,T=19C
2025-02-09,09:06,42,3.761,,Race,,,,T=20C
2025-02-09,09:11,41,3.788,,Race,,,,T=20C
2025-02-09,09:16,40,3.763,,Race,,,,T=20C
2025-02-09,09:21,39,3.743,,Race,,,,T=20C
2025-02-09,09:26,38,3.765,,Race,,,,T=20C
2025-02-11,08:49,,,,Basketball,5:36:14,,All-systems,
2025-02-11,08:53,39,3.809,,Basketball,,,,T=23C
2025-02-11,08:58,39,3.810,,Basketball,,,,T=24C
2025-02-11,09:10,38,3.817,,Basketball,,,,T=24C
2025-02-11,09:13,38,3.805,,Basketball,,,,T=24C
2025-02-11,09:24,37,3.811,,Basketball,,,,T=23C
2025-02-11,09:43,37,3.813,,Basketball,,,,T=24C
2025-02-11,09:48,37,3.811,,Basketball,,,,T=25C
2025-02-11,09:58,37,3.798,,Basketball,,,,T=26C
2025-02-11,10:03,37,3.797,,Basketball,,,,T=26C
2025-02-11,10:08,36,3.790,,Basketball,,,,T=26C
2025-02-11,10:13,36,3.785,,Basketball,,,,T=26C
2025-02-11,10:38,36,3.800,,Basketball,,,,T=26C
2025-02-11,10:43,35,3.793,,Basketball,,,,T=26C
2025-02-11,11:01,35,3.800,,Basketball,,,,T=26C
2025-02-11,11:04,35,3.797,,Basketball,,,,T=26C
2025-02-11,11:22,35,3.800,,Basketball,,,,T=26C
2025-02-11,11:48,35,3.797,,Basketball,,,,T=26C
2025-02-11,12:12,35,3.767,,Basketball,,,,T=25C
2025-02-11,12:44,35,3.797,,Basketball,,,,T=26C
2025-02-11,12:54,34,3.795,,Basketball,,,,T=25C
2025-02-11,12:59,34,3.795,,Basketball,,,,T=25C
2025-02-11,13:19,34,3.795,,Basketball,,,,T=24C
2025-02-11,13:26,34,3.795,,Basketball,,,,T=25C
2025-02-11,13:29,34,3.793,,Basketball,,,,T=25C
2025-02-11,13:57,34,3.792,,Basketball,,,,T=26C
2025-02-11,13:58,34,3.777,,Basketball,,,,T=26C
2025-02-11,14:03,34,3.781,,Basketball,,,,T=26C
2025-02-11,14:13,33,3.779,,Basketball,,,,T=26C
2025-02-11,14:18,33,3.774,,Basketball,,,,T=26C
2025-02-11,14:23,33,3.775,,Basketball,,,,T=26C
2025-02-11,14:34,32,3.780,,Basketball,,,,T=26C
2025-02-11,14:43,32,3.780,,Basketball,,,,T=26C
2025-02-11,15:14,32,3.780,,Basketball,,,,T=27C
2025-02-11,15:20,32,3.781,,Basketball,,,,T=27C
2025-02-11,15:24,32,3.781,,Basketball,,,,T=27C
2025-02-11,15:39,32,3.780,,Basketball,,,,T=27C
2025-02-11,15:45,32,3.780,,Basketball,,,,T=27C
2025-02-11,15:56,32,3.779,,Basketball,,,,T=26C
2025-02-11,16:04,32,3.778,,Basketball,,,,T=26C
2025-02-11,16:40,31,3.778,,Basketball,,,,T=25C
2025-02-11,17:04,31,3.776,,Basketball,,,,T=25C
2025-02-11,17:08,31,3.775,,Basketball,,,,T=26C
2025-02-11,17:13,31,3.776,,Basketball,,,,T=25C
2025-02-11,17:31,31,3.777,,Basketball,,,,T=25C
2025-02-11,17:46,31,3.776,,Basketball,,,,T=24C
2025-02-11,17:48,31,3.773,,Basketball,,,,T=25C
2025-02-11,18:46,30,3.774,,Basketball,,,,T=26C
2025-02-11,19:23,30,3.773,,Basketball,,,,T=26C
2025-02-11,19:28,30,3.771,,Basketball,,,,T=26C
2025-02-11,19:33,30,3.771,,Basketball,,,,T=27C
2025-02-11,19:38,30,3.772,,Basketball,,,,T=27C
2025-02-11,19:43,30,3.771,,Basketball,,,,T=27C
2025-02-11,19:48,30,3.769,,Basketball,,,,T=27C
2025-02-14,11:31,,,,Pool Swim,26:55,HRM Pro+Tempe,Off,
2025-02-14,11:33,50,3.863,,Pool Swim,,,,T=28C
2025-02-14,11:38,49,3.866,,Pool Swim,,,,T=29C
2025-02-14,11:43,49,3.850,,Pool Swim,,,,T=29C
2025-02-14,11:48,49,3.865,,Pool Swim,,,,T=29C
2025-02-14,11:53,49,3.866,,Pool Swim,,,,T=29C
2025-02-18,16:39,79,4.189,,Run,24:05,HRM,All-systems Multiband,T=26C
2025-02-18,16:40,79,4.189,,Run,,,,T=26C
2025-02-18,16:45,79,4.167,,Run,,,,T=24C
2025-02-18,16:50,78,4.160,,Run,,,,T=23C
2025-02-18,16:55,77,4.155,,Run,,,,T=22C
2025-02-18,17:00,77,4.145,,Run,,,,T=22C
2025-02-18,17:05,76,4.135,,Run,,,,T=22C
2025-02-19,10:43,71,4.101,,Pool Swim,29:36,,Off,from fixed/edited file T=27C
2025-02-19,10:45,71,4.101,,Pool Swim,,,,T=27C
2025-02-19,10:50,71,4.100,,Pool Swim,,,,T=29C
2025-02-19,10:55,70,4.097,,Pool Swim,,,,T=29C
2025-02-19,11:05,70,4.087,,Pool Swim,,,,T=29C
2025-02-19,11:10,70,4.088,,Pool Swim,,,,T=27C
2025-02-20,14:17,,,,Road Bike,55:11,HRM,All-systems,
2025-02-20,14:26,59,3.944,,Road Bike,,,,T=23C
2025-02-20,14:31,58,3.928,,Road Bike,,,,T=22C
2025-02-20,14:36,58,3.931,,Road Bike,,,,T=22C
2025-02-20,14:46,57,3.926,,Road Bike,,,,T=22C
2025-02-20,14:51,57,3.924,,Road Bike,,,,T=23C
2025-02-20,14:56,56,3.914,,Road Bike,,,,T=22C
2025-02-20,15:01,56,3.918,,Road Bike,,,,T=22C
2025-02-20,15:06,55,3.913,,Road Bike,,,,T=22C
2025-02-20,15:11,55,3.907,,Road Bike,,,,T=22C
2025-02-21,16:17,,,,Run,27:24,HRM,All-systems Multiband,
2025-02-21,16:21,46,3.838,,Run,,,,T=24C
2025-02-21,16:26,45,3.821,,Run,,,,T=23C
2025-02-21,16:31,44,3.811,,Run,,,,T=22C
2025-02-21,16:36,44,3.810,,Run,,,,T=21C
2025-02-21,16:41,43,3.806,,Run,,,,T=21C
2025-02-22,11:18,,,,Run,30:43,HRM+Stryd+Tempe,All-systems Multiband,
2025-02-22,11:22,76,4.127,,Run,,,,T=22C
2025-02-22,11:27,75,4.116,,Run,,,,T=21C
2025-02-22,11:32,74,4.102,,Run,,,,T=21C
2025-02-22,11:37,74,4.101,,Run,,,,T=20C
2025-02-22,11:42,73,4.090,,Run,,,,T=20C
2025-02-22,11:47,72,4.081,,Run,,,,T=20C
2025-02-24,15:17,,,,Run,33:16,HRM,All-systems Multiband,
2025-02-24,15:22,55,3.895,,Run,,,,T=23C
2025-02-24,15:27,55,3.889,,Run,,,,T=23C
2025-02-24,15:32,54,3.879,,Run,,,,T=22C
2025-02-24,15:37,53,3.878,,Run,,,,T=22C
2025-02-24,15:42,52,3.877,,Run,,,,T=21C
2025-02-24,15:47,52,3.858,,Run,,,,T=21C
2025-02-24,15:52,51,3.853,,Run,,,,T=20C
2025-02-24,15:57,50,3.847,,Run,,,,T=21C
2025-02-24,16:02,50,3.842,,Run,,,,T=21C
2025-02-25,15:10,42,3.814,,Road Bike,43:59,HRM,All-systems,T=24C
2025-02-25,15:12,42,3.814,,Road Bike,,,,T=24C
2025-02-25,15:17,41,3.816,,Road Bike,,,,T=23C
2025-02-25,15:22,41,3.811,,Road Bike,,,,T=23C
2025-02-25,15:27,40,3.808,,Road Bike,,,,T=22C
2025-02-25,15:32,40,3.811,,Road Bike,,,,T=23C
2025-02-25,15:37,40,3.803,,Road Bike,,,,T=23C
2025-02-25,15:42,39,3.796,,Road Bike,,,,T=22C
2025-02-25,15:47,39,3.803,,Road Bike,,,,T=22C
2025-02-25,15:52,38,3.796,,Road Bike,,,,T=22C
2025-02-26,16:16,,,,Run,24:26,HRM,All-systems Multiband,
2025-02-26,16:20,71,4.056,,Run,,,,T=23C
2025-02-26,16:25,70,4.045,,Run,,,,T=22C
2025-02-26,16:30,69,4.030,,Run,,,,T=22C
2025-02-26,16:35,68,4.020,,Run,,,,T=21C
2025-02-26,16:40,68,4.009,,Run,,,,T=21C
2025-02-26,16:45,67,3.998,,Run,,,,T=22C
2025-02-27,09:56,96,4.350,,Run,06:15,Tempe,All-systems Multiband,T=24C
2025-02-27,09:58,96,4.350,,Run,,,,T=24C
2025-02-27,10:03,95,4.337,,Run,,,,T=23C
2025-03-11,10:45,,,,Road Bike,19:58,bsm+bcm,All-systems,
2025-03-11,10:49,94,4.335,,Road Bike,,,,T=26C
2025-03-11,10:57,94,4.336,,Road Bike,,,,T=26C
2025-03-11,10:59,94,4.322,,Road Bike,,,,T=26C
2025-03-11,11:04,93,4.326,,Road Bike,,,,T=25C
2025-03-13,15:15,,,,Run,40:02,HRM+Power+Stryd+Stryd Power,All-systems Multiband,
2025-03-13,15:19,77,4.131,,Run,,,,T=29C
2025-03-13,15:24,77,4.123,,Run,,,,T=29C
2025-03-13,15:29,76,4.113,,Run,,,,T=28C
2025-03-13,15:34,75,4.107,,Run,,,,T=27C
2025-03-13,15:39,75,4.103,,Run,,,,T=28C
2025-03-13,15:44,74,4.090,,Run,,,,T=28C
2025-03-13,15:49,74,4.088,,Run,,,,T=28C
2025-03-13,15:54,73,4.085,,Run,,,,T=28C
2025-03-14,12:02,,,,Run,32:52,HRM+Stryd,All-systems Multiband,
2025-03-14,12:04,65,3.975,,Run,,,,T=26C
2025-03-14,12:09,64,3.958,,Run,,,,T=25C
2025-03-14,12:14,63,3.948,,Run,,,,T=24C
2025-03-14,12:19,62,3.940,,Run,,,,T=23C
2025-03-14,12:24,62,3.929,,Run,,,,T=23C
2025-03-14,12:29,61,3.922,,Run,,,,T=23C
2025-03-14,12:34,60,3.920,,Run,,,,T=23C
2025-03-17,14:24,,,,Basketball,41:28,,All-systems,
2025-03-17,14:28,38,3.808,,Basketball,,,,T=24C
2025-03-17,14:33,37,3.804,,Basketball,,,,T=24C
2025-03-17,14:38,37,3.798,,Basketball,,,,T=23C
2025-03-17,14:43,37,3.798,,Basketball,,,,T=24C
2025-03-17,14:53,36,3.790,,Basketball,,,,T=24C
2025-03-17,14:58,36,3.792,,Basketball,,,,T=23C
2025-03-17,15:03,36,3.789,,Basketball,,,,T=23C
2025-03-20,17:26,,,,Run,15:04,Tempe,All-systems Multiband,
2025-03-20,17:29,98,4.350,,Run,,,,T=25C
2025-03-20,17:34,97,4.343,,Run,,,,T=24C
2025-03-20,17:39,96,4.336,,Run,,,,T=24C
2025-03-24,08:32,,,,Run,51:05,HRM+Stryd Power+Stryd+Tempe,All-systems Multiband,
2025-03-24,08:34,71,4.060,,Run,,,,T=27C
2025-03-24,08:44,70,4.037,,Run,,,,T=26C
2025-03-24,08:54,69,4.016,,Run,,,,T=25C
2025-03-24,08:59,68,4.007,,Run,,,,T=25C
2025-03-24,09:04,68,3.998,,Run,,,,T=25C
2025-03-24,09:09,67,3.992,,Run,,,,T=26C
2025-03-24,09:14,66,3.983,,Run,,,,T=26C
2025-03-24,09:24,65,3.973,,Run,,,,T=26C
2025-03-24,09:29,65,3.961,,Run,,,,T=27C
2025-03-25,09:26,,,,Road Bike,50:46,bcm+HRM+bsm+Tempe,All-systems,
2025-03-25,09:29,56,3.906,,Road Bike,,,,T=29C
2025-03-25,09:34,55,3.908,,Road Bike,,,,T=28C
2025-03-25,09:39,55,3.905,,Road Bike,,,,T=26C
2025-03-25,09:44,55,3.896,,Road Bike,,,,T=26C
2025-03-25,09:49,55,3.901,,Road Bike,,,,T=25C
2025-03-25,09:54,54,3.895,,Road Bike,,,,T=25C
2025-03-25,09:59,54,3.894,,Road Bike,,,,T=25C
2025-03-25,10:04,54,3.894,,Road Bike,,,,T=25C
2025-03-25,10:14,53,3.888,,Road Bike,,,,T=25C
2025-03-26,10:57,,,,Pool Swim,31:15,HRM Pro+Tempe,Off,
2025-03-26,11:01,44,3.838,,Pool Swim,,,,T=30C
2025-03-26,11:06,44,3.833,,Pool Swim,,,,T=30C
2025-03-26,11:11,43,3.830,,Pool Swim,,,,T=30C
2025-03-26,11:16,43,3.831,,Pool Swim,,,,T=30C
2025-03-26,11:21,43,3.833,,Pool Swim,,,,T=30C
2025-03-26,11:26,43,3.837,,Pool Swim,,,,T=29C
2025-03-26,16:26,,,,Run,34:26,HRM+Power+Stryd+Tempe+Stryd Power,All-systems Multiband,
2025-03-26,16:30,59,3.925,,Run,,,,T=28C
2025-03-26,16:35,59,3.923,,Run,,,,T=27C
2025-03-26,16:40,58,3.913,,Run,,,,T=27C
2025-03-26,16:45,58,3.910,,Run,,,,T=27C
2025-03-26,16:50,57,3.900,,Run,,,,T=29C
2025-03-26,16:55,56,3.897,,Run,,,,T=28C
2025-03-26,17:00,56,3.895,,Run,,,,T=28C
2025-03-26,17:05,55,3.893,,Run,,,,T=28C
2025-03-27,15:55,83,4.170,,Run,50:59,HRM+Stryd Power+Stryd,All-systems Multiband,T=29C
2025-03-27,16:00,82,4.170,,Run,,,,T=28C
2025-03-27,16:05,81,4.163,,Run,,,,T=27C
2025-03-27,16:10,81,4.153,,Run,,,,T=27C
2025-03-27,16:15,80,4.146,,Run,,,,T=27C
2025-03-27,16:20,80,4.143,,Run,,,,T=28C
2025-03-27,16:25,79,4.138,,Run,,,,T=29C
2025-03-27,16:30,78,4.128,,Run,,,,T=28C
2025-03-27,16:35,78,4.127,,Run,,,,T=28C
2025-03-27,16:40,77,4.118,,Run,,,,T=28C
2025-03-27,16:45,77,4.111,,Run,,,,T=28C
2025-03-27,16:50,76,4.109,,Run,,,,T=29C
2025-03-28,11:08,95,4.331,,Bike Indoor,15:43,HRM+Tempe+bsm+bcm,Off,T=30C
2025-03-28,11:09,95,4.331,,Bike Indoor,,,,T=30C
2025-03-28,11:19,95,4.334,,Bike Indoor,,,,T=28C
2025-03-28,11:13,98,4.109,,cycling,,,,T=25C
2025-03-28,11:18,97,4.104,,cycling,,,,T=25C
2025-03-28,11:23,96,4.098,,cycling,,,,T=24C
2025-03-28,11:41,,,,Run,22:23,HRM+Stryd Power+Stryd+Tempe,All-systems Multiband,
2025-03-28,11:44,94,4.301,,Run,,,,T=28C
2025-03-28,11:49,94,4.291,,Run,,,,T=28C
2025-03-28,11:54,93,4.288,,Run,,,,T=27C
2025-03-28,11:59,92,4.281,,Run,,,,T=27C
2025-03-28,12:04,92,4.281,,Run,,,,T=28C
2025-03-28,12:09,91,4.273,,Run,,,,T=29C
2025-03-28,12:14,91,4.265,,Run,,,,T=29C
2025-03-29,11:02,,,,Run,34:15,HRM+Power+Stryd+Tempe+Stryd Power,All-systems Multiband,
2025-03-29,11:09,82,4.166,,Run,,,,T=22C
2025-03-29,11:14,82,4.158,,Run,,,,T=21C
2025-03-29,11:19,81,4.148,,Run,,,,T=21C
2025-03-29,11:24,81,4.136,,Run,,,,T=21C
2025-03-29,11:29,80,4.131,,Run,,,,T=20C
2025-03-29,11:34,79,4.125,,Run,,,,T=20C
2025-03-30,02:56,,,,Yoga,1:01:39,Tempe,Off,
2025-03-30,02:59,74,4.100,,Yoga,,,,T=27C
2025-03-30,03:04,74,4.101,,Yoga,,,,T=27C
2025-03-30,03:09,74,4.099,,Yoga,,,,T=27C
2025-03-30,03:14,73,4.093,,Yoga,,,,T=27C
2025-03-30,03:24,73,4.096,,Yoga,,,,T=26C
2025-03-30,03:29,73,4.096,,Yoga,,,,T=26C
2025-03-30,03:34,73,4.095,,Yoga,,,,T=26C
2025-03-30,03:39,73,4.093,,Yoga,,,,T=26C
2025-03-30,03:49,73,4.087,,Yoga,,,,T=26C
2025-03-31,13:14,61,3.948,,Strength,1:28:02,HRM+Tempe,Off,T=24C
2025-03-31,13:19,61,3.953,,Strength,,,,T=24C
2025-03-31,13:29,61,3.961,,Strength,,,,T=24C
2025-03-31,13:34,60,3.956,,Strength,,,,T=24C
2025-03-31,13:44,60,3.955,,Strength,,,,T=24C
2025-03-31,13:49,60,3.954,,Strength,,,,T=24C
2025-03-31,13:54,60,3.951,,Strength,,,,T=24C
2025-03-31,13:59,60,3.953,,Strength,,,,T=24C
2025-03-31,14:04,60,3.948,,Strength,,,,T=24C
2025-03-31,14:09,60,3.950,,Strength,,,,T=24C
2025-03-31,14:14,60,3.952,,Strength,,,,T=24C
2025-03-31,14:19,60,3.949,,Strength,,,,T=23C
2025-03-31,14:24,59,3.944,,Strength,,,,T=23C
2025-03-31,14:34,59,3.946,,Strength,,,,T=23C
2025-03-31,14:39,59,3.946,,Strength,,,,T=23C
2025-03-31,14:44,59,3.940,,Strength,,,,T=23C
2025-04-01,11:05,,,,Pool Swim,41:08,HRM Pro+Tempe,Off,
2025-04-01,11:09,54,3.888,,Pool Swim,,,,T=26C
2025-04-01,11:14,53,3.886,,Pool Swim,,,,T=26C
2025-04-01,11:19,53,3.885,,Pool Swim,,,,T=26C
2025-04-01,11:24,53,3.882,,Pool Swim,,,,T=26C
2025-04-01,11:29,53,3.881,,Pool Swim,,,,T=26C
2025-04-01,11:34,53,3.883,,Pool Swim,,,,T=26C
2025-04-01,11:44,52,3.878,,Pool Swim,,,,T=26C
2025-04-03,11:30,,,,Run,1:01:05,HRM+Stryd Power+Stryd+Tempe,All-systems Multiband,
2025-04-03,11:35,99,4.389,,Run,,,,T=28C
2025-04-03,11:40,99,4.385,,Run,,,,T=28C
2025-04-03,11:45,98,4.381,,Run,,,,T=29C
2025-04-03,11:50,98,4.376,,Run,,,,T=30C
2025-04-03,11:55,97,4.371,,Run,,,,T=30C
2025-04-03,12:00,97,4.368,,Run,,,,T=30C
2025-04-03,12:05,96,4.360,,Run,,,,T=28C
2025-04-03,12:10,96,4.356,,Run,,,,T=28C
2025-04-03,12:15,95,4.351,,Run,,,,T=28C
2025-04-03,12:20,95,4.343,,Run,,,,T=28C
2025-04-03,12:25,94,4.341,,Run,,,,T=28C
2025-04-03,12:30,94,4.333,,Run,,,,T=27C
2025-04-03,14:50,,,,Strength,1:28:12,HRM+Tempe,Off,
2025-04-03,15:00,91,4.335,,Strength,,,,T=24C
2025-04-03,15:10,91,4.335,,Strength,,,,T=25C
2025-04-03,15:15,91,4.331,,Strength,,,,T=24C
2025-04-03,15:20,91,4.333,,Strength,,,,T=24C
2025-04-03,15:30,91,4.330,,Strength,,,,T=24C
2025-04-03,15:35,91,4.326,,Strength,,,,T=24C
2025-04-03,15:40,91,4.328,,Strength,,,,T=24C
2025-04-03,15:45,91,4.325,,Strength,,,,T=24C
2025-04-03,15:50,90,4.325,,Strength,,,,T=24C
2025-04-03,16:00,90,4.325,,Strength,,,,T=25C
2025-04-03,16:10,90,4.316,,Strength,,,,T=25C
2025-04-03,16:15,90,4.323,,Strength,,,,T=25C
2025-04-04,23:48,,,,Run,43:16,HRM+Stryd Power+Stryd+Tempe,All-systems Multiband,
2025-04-04,23:50,80,4.183,,Run,,,,T=25C
2025-04-04,23:55,79,4.174,,Run,,,,T=23C
2025-04-05,00:00,79,4.168,,Run,,,,T=22C
2025-04-05,00:05,78,4.156,,Run,,,,T=22C
2025-04-05,00:10,78,4.148,,Run,,,,T=22C
2025-04-05,00:15,77,4.144,,Run,,,,T=22C
2025-04-05,00:20,76,4.136,,Run,,,,T=22C
2025-04-05,00:30,75,4.124,,Run,,,,T=22C
2025-04-07,00:07,,,,Run,58:12,HRM+Power+Stryd+Tempe+Stryd Power,All-systems Multiband,
2025-04-07,00:10,59,3.944,,Run,,,,T=24C
2025-04-07,00:15,58,3.938,,Run,,,,T=23C
2025-04-07,00:20,58,3.934,,Run,,,,T=22C
2025-04-07,00:25,57,3.927,,Run,,,,T=22C
2025-04-07,00:30,57,3.915,,Run,,,,T=22C
2025-04-07,00:35,56,3.916,,Run,,,,T=22C
2025-04-07,00:40,55,3.915,,Run,,,,T=23C
2025-04-07,00:50,54,3.899,,Run,,,,T=22C
2025-04-07,00:55,54,3.901,,Run,,,,T=22C
2025-04-07,01:00,53,3.888,,Run,,,,T=21C
2025-04-07,01:05,53,3.889,,Run,,,,T=22C
2025-04-07,01:10,52,3.891,,Run,,,,T=22C
2025-04-07,01:15,52,3.885,,Run,,,,T=23C
2025-04-07,08:28,,,,Strength,1:06:43,,Off,
2025-04-07,08:30,50,3.885,,Strength,,,,T=25C
2025-04-07,08:35,49,3.881,,Strength,,,,T=25C
2025-04-07,08:40,49,3.881,,Strength,,,,T=25C
2025-04-07,08:50,49,3.878,,Strength,,,,T=25C
2025-04-07,08:55,48,3.876,,Strength,,,,T=25C
2025-04-07,09:00,48,3.875,,Strength,,,,T=25C
2025-04-07,09:05,48,3.871,,Strength,,,,T=25C
2025-04-07,09:10,48,3.873,,Strength,,,,T=25C
2025-04-07,09:20,47,3.868,,Strength,,,,T=25C
2025-04-07,09:30,47,3.864,,Strength,,,,T=24C
2025-04-08,09:14,,,,Road Bike,1:02:47,HRM+bsm+Tempe+bcm,All-systems,
2025-04-08,09:17,73,4.124,,Road Bike,,,,T=26C
2025-04-08,09:22,73,4.121,,Road Bike,,,,T=25C
2025-04-08,09:27,73,4.118,,Road Bike,,,,T=25C
2025-04-08,09:32,73,4.113,,Road Bike,,,,T=25C
2025-04-08,09:42,72,4.107,,Road Bike,,,,T=25C
2025-04-08,09:47,72,4.108,,Road Bike,,,,T=25C
2025-04-08,09:57,71,4.096,,Road Bike,,,,T=25C
2025-04-08,10:02,71,4.100,,Road Bike,,,,T=25C
2025-04-08,10:07,71,4.095,,Road Bike,,,,T=26C
2025-04-08,10:12,70,4.093,,Road Bike,,,,T=25C
2025-04-08,16:56,,,,Run,26:23,HRM,All-systems Multiband,
2025-04-08,17:02,67,4.015,,Run,,,,T=26C
2025-04-08,17:07,66,4.002,,Run,,,,T=26C
2025-04-08,17:12,65,3.988,,Run,,,,T=26C
2025-04-08,17:17,65,3.978,,Run,,,,T=26C
2025-04-08,17:22,64,3.968,,Run,,,,T=26C
2025-04-09,08:59,,,,Strength,1:10:54,HRM+Tempe,Off,
2025-04-09,09:02,58,3.952,,Strength,,,,T=26C
2025-04-09,09:07,58,3.955,,Strength,,,,T=26C
2025-04-09,09:12,57,3.953,,Strength,,,,T=26C
2025-04-09,09:22,57,3.946,,Strength,,,,T=25C
2025-04-09,09:27,57,3.952,,Strength,,,,T=25C
2025-04-09,09:32,57,3.950,,Strength,,,,T=25C
2025-04-09,09:37,57,3.950,,Strength,,,,T=25C
2025-04-09,09:47,57,3.948,,Strength,,,,T=25C
2025-04-09,09:52,57,3.947,,Strength,,,,T=25C
2025-04-09,09:57,57,3.946,,Strength,,,,T=25C
2025-04-09,10:07,56,3.945,,Strength,,,,T=25C
2025-04-10,10:39,87,4.269,,Run,40:15,HRM+Stryd+Tempe,All-systems Multiband,T=30C
2025-04-10,10:44,86,4.260,,Run,,,,T=30C
2025-04-10,10:49,86,4.250,,Run,,,,T=29C
2025-04-10,10:54,85,4.183,,Run,,,,T=28C
2025-04-10,10:59,84,4.233,,Run,,,,T=29C
2025-04-10,11:04,84,4.224,,Run,,,,T=29C
2025-04-10,11:09,83,4.218,,Run,,,,T=29C
2025-04-10,11:14,82,4.213,,Run,,,,T=29C
2025-04-10,11:19,82,4.201,,Run,,,,T=29C
2025-04-11,16:28,72,4.082,,Run,29:13,HRM,All-systems Multiband,T=26C
2025-04-11,16:29,72,4.082,,Run,,,,T=26C
2025-04-11,16:34,71,4.081,,Run,,,,T=27C
2025-04-11,16:39,71,4.069,,Run,,,,T=28C
2025-04-11,16:44,70,4.061,,Run,,,,T=27C
2025-04-11,16:54,69,4.045,,Run,,,,T=28C
2025-04-11,16:59,68,4.041,,Run,,,,T=28C
2025-04-12,11:02,,,,Run,46:06,HRM+Stryd,All-systems Multiband,
2025-04-12,11:04,60,3.955,,Run,,,,T=30C
2025-04-12,11:09,59,3.944,,Run,,,,T=29C
2025-04-12,11:14,58,3.936,,Run,,,,T=28C
2025-04-12,11:19,58,3.931,,Run,,,,T=28C
2025-04-12,11:24,57,3.928,,Run,,,,T=28C
2025-04-12,11:29,56,3.915,,Run,,,,T=28C
2025-04-12,11:34,56,3.912,,Run,,,,T=29C
2025-04-12,11:39,55,3.907,,Run,,,,T=29C
2025-04-12,11:44,54,3.901,,Run,,,,T=29C
2025-04-14,12:57,,,,Strength,1:01:25,HRM+Tempe,Off,
2025-04-14,13:02,81,4.224,,Strength,,,,T=26C
2025-04-14,13:07,81,4.221,,Strength,,,,T=26C
2025-04-14,13:12,81,4.224,,Strength,,,,T=26C
2025-04-14,13:17,81,4.220,,Strength,,,,T=26C
2025-04-14,13:27,81,4.219,,Strength,,,,T=25C
2025-04-14,13:37,81,4.216,,Strength,,,,T=26C
2025-04-14,13:42,80,4.216,,Strength,,,,T=26C
2025-04-14,13:47,80,4.218,,Strength,,,,T=26C
2025-04-14,13:52,80,4.213,,Strength,,,,T=26C
2025-04-14,13:57,80,4.214,,Strength,,,,T=26C
2025-04-15,07:26,75,4.125,,Run,31:44,HRM+Power+Stryd+Tempe+Stryd Power,All-systems Multiband,T=25C
2025-04-15,07:27,75,4.125,,Run,,,,T=25C
2025-04-15,07:32,75,4.117,,Run,,,,T=24C
2025-04-15,07:37,74,4.118,,Run,,,,T=24C
2025-04-15,07:42,73,4.108,,Run,,,,T=23C
2025-04-15,07:47,73,4.000,,Run,,,,T=23C
2025-04-15,07:52,72,4.092,,Run,,,,T=23C
2025-04-15,07:57,72,4.089,,Run,,,,T=23C
2025-04-16,06:59,,,,Strength,53:45,HRM+Tempe,Off,
2025-04-16,07:02,62,4.001,,Strength,,,,T=24C
2025-04-16,07:07,62,4.001,,Strength,,,,T=23C
2025-04-16,07:12,62,3.993,,Strength,,,,T=24C
2025-04-16,07:17,62,3.995,,Strength,,,,T=24C
2025-04-16,07:22,62,3.993,,Strength,,,,T=24C
2025-04-16,07:27,62,3.995,,Strength,,,,T=23C
2025-04-16,07:32,62,3.993,,Strength,,,,T=24C
2025-04-16,07:37,62,3.991,,Strength,,,,T=24C
2025-04-16,07:42,62,3.991,,Strength,,,,T=24C
2025-04-16,07:47,61,3.990,,Strength,,,,T=24C
2025-04-16,13:42,59,3.952,,Run,22:48,HRM,All-systems Multiband,T=28C
2025-04-16,13:52,58,3.933,,Run,,,,T=30C
2025-04-16,13:57,57,3.926,,Run,,,,T=31C
2025-04-16,14:02,56,3.922,,Run,,,,T=32C
2025-04-17,06:58,,,,Run,30:00,HRM+Stryd Power+Stryd+Tempe,All-systems Multiband,
2025-04-17,07:02,51,3.866,,Run,,,,T=26C
2025-04-17,07:07,50,3.861,,Run,,,,T=26C
2025-04-17,07:12,50,3.855,,Run,,,,T=25C
2025-04-17,07:17,49,3.852,,Run,,,,T=25C
2025-04-17,07:22,48,3.849,,Run,,,,T=25C
2025-04-17,07:27,48,3.845,,Run,,,,T=25C
2025-04-17,13:22,44,3.845,,Pool Swim,26:03,HRM Pro+Tempe,Off,T=28C
2025-04-17,13:27,44,3.845,,Pool Swim,,,,T=26C
2025-04-17,13:32,44,3.846,,Pool Swim,,,,T=26C
2025-04-17,13:37,43,3.844,,Pool Swim,,,,T=26C
2025-04-17,13:42,43,3.841,,Pool Swim,,,,T=26C
2025-04-17,13:47,43,3.845,,Pool Swim,,,,T=26C
2025-04-22,13:26,57,3.942,,Track Run,26:53,HRM+Power+Stryd+Tempe+Stryd Power,All-systems,T=31C
2025-04-22,13:27,57,3.942,,Track Run,,,,T=31C
2025-04-22,13:32,57,3.940,,Track Run,,,,T=33C
2025-04-22,13:37,57,3.936,,Track Run,,,,T=33C
2025-04-22,13:42,56,3.938,,Track Run,,,,T=33C
2025-04-22,13:47,56,3.925,,Track Run,,,,T=32C
2025-04-22,13:52,55,3.921,,Track Run,,,,T=33C
2025-04-23,06:54,50,3.877,,Track Run,30:27,HRM+Stryd Power+Stryd+Tempe,All-systems,T=29C
2025-04-23,06:59,50,3.870,,Track Run,,,,T=28C
2025-04-23,07:04,49,3.864,,Track Run,,,,T=28C
2025-04-23,07:09,49,3.863,,Track Run,,,,T=27C
2025-04-23,07:14,49,3.858,,Track Run,,,,T=27C
2025-04-23,07:19,48,3.855,,Track Run,,,,T=27C
2025-04-23,07:24,48,3.854,,Track Run,,,,T=27C
2025-04-23,13:19,44,3.838,,Track Run,30:06,HRM+Stryd Power+Stryd+Tempe,All-systems,T=30C
2025-04-23,13:24,44,3.832,,Track Run,,,,T=31C
2025-04-23,13:29,43,3.833,,Track Run,,,,T=31C
2025-04-23,13:34,43,3.832,,Track Run,,,,T=31C
2025-04-23,13:39,42,3.826,,Track Run,,,,T=32C
2025-04-23,13:44,42,3.822,,Track Run,,,,T=32C
2025-04-23,13:49,41,3.820,,Track Run,,,,T=32C
2025-04-24,13:25,,,,Pool Swim,24:37,HRM Pro,Off,
2025-04-24,13:27,91,4.329,,Pool Swim,,,,T=30C
2025-04-24,13:32,91,4.328,,Pool Swim,,,,T=30C
2025-04-24,13:37,91,4.327,,Pool Swim,,,,T=30C
2025-04-24,13:42,91,4.324,,Pool Swim,,,,T=30C
2025-04-24,13:47,90,4.321,,Pool Swim,,,,T=30C
2025-04-25,13:06,83,4.232,,Strength,47:21,HRM+Power+Stryd+Stryd Power,Off,T=27C
2025-04-25,13:07,83,4.232,,Strength,,,,T=27C
2025-04-25,13:17,83,4.236,,Strength,,,,T=27C
2025-04-25,13:22,82,4.238,,Strength,,,,T=27C
2025-04-25,13:27,82,4.233,,Strength,,,,T=26C
2025-04-25,13:32,82,4.232,,Strength,,,,T=27C
2025-04-25,13:37,82,4.230,,Strength,,,,T=27C
2025-04-25,13:47,82,4.231,,Strength,,,,T=27C
2025-04-25,13:52,82,4.227,,Strength,,,,T=27C
2025-04-28,06:55,,,,Pool Swim,24:56,HRM Pro,Off,
2025-04-28,06:57,60,3.972,,Pool Swim,,,,T=25C
2025-04-28,07:07,60,3.969,,Pool Swim,,,,T=25C
2025-04-28,07:12,60,3.963,,Pool Swim,,,,T=25C
2025-04-28,07:17,59,3.961,,Pool Swim,,,,T=25C
2025-04-28,13:06,,,,Strength,46:24,HRM,Off,
2025-04-28,13:09,83,4.260,,Strength,,,,T=27C
2025-04-28,13:14,83,4.260,,Strength,,,,T=26C
2025-04-28,13:19,83,4.258,,Strength,,,,T=26C
2025-04-28,13:29,83,4.255,,Strength,,,,T=26C
2025-04-28,13:39,83,4.252,,Strength,,,,T=26C
2025-04-28,13:44,83,4.253,,Strength,,,,T=26C
2025-04-28,13:49,83,4.250,,Strength,,,,T=26C
2025-04-29,06:52,,,,Track Run,22:51,HRM,All-systems,
2025-04-29,06:59,77,4.150,,Track Run,,,,T=27C
2025-04-29,07:04,76,4.141,,Track Run,,,,T=27C
2025-04-29,07:09,76,4.134,,Track Run,,,,T=26C
2025-04-29,07:14,75,4.126,,Track Run,,,,T=26C
2025-04-29,13:09,,,,Track Run,27:05,HRM,All-systems,
2025-04-29,13:14,72,4.105,,Track Run,,,,T=31C
2025-04-29,13:19,72,4.083,,Track Run,,,,T=31C
2025-04-29,13:24,71,4.081,,Track Run,,,,T=32C
2025-04-29,13:29,70,4.084,,Track Run,,,,T=32C
2025-04-29,13:34,70,4.075,,Track Run,,,,T=32C
2025-04-30,07:14,,,,Track Run,29:09,HRM+Power+Stryd+Tempe+Stryd Power,All-systems,
2025-04-30,07:19,62,3.976,,Track Run,,,,T=27C
2025-04-30,07:24,61,3.971,,Track Run,,,,T=26C
2025-04-30,07:29,61,3.965,,Track Run,,,,T=26C
2025-04-30,07:34,60,3.958,,Track Run,,,,T=25C
2025-04-30,07:39,60,3.950,,Track Run,,,,T=25C
2025-04-30,07:44,59,3.946,,Track Run,,,,T=25C
2025-04-30,13:11,,,,Strength,41:09,,Off,
2025-04-30,13:15,84,4.272,,Strength,,,,T=27C
2025-04-30,13:25,84,4.264,,Strength,,,,T=27C
2025-04-30,13:30,84,4.262,,Strength,,,,T=26C
2025-04-30,13:35,83,4.261,,Strength,,,,T=26C
2025-04-30,13:40,83,4.255,,Strength,,,,T=26C
2025-04-30,13:45,83,4.253,,Strength,,,,T=26C
2025-04-30,13:50,83,4.250,,Strength,,,,T=26C
2025-04-30,13:55,83,4.246,,Strength,,,,T=27C
2025-05-02,06:53,70,4.070,,Track Run,53:27,HRM,All-systems,T=28C
2025-05-02,06:55,70,4.070,,Track Run,,,,T=28C
2025-05-02,07:00,70,4.073,,Track Run,,,,T=28C
2025-05-02,07:05,69,4.053,,Track Run,,,,T=28C
2025-05-02,07:10,68,4.046,,Track Run,,,,T=28C
2025-05-02,07:15,68,4.038,,Track Run,,,,T=28C
2025-05-02,07:20,67,4.040,,Track Run,,,,T=29C
2025-05-02,07:25,67,4.031,,Track Run,,,,T=29C
2025-05-02,07:30,66,4.024,,Track Run,,,,T=29C
2025-05-02,07:35,65,4.011,,Track Run,,,,T=30C
2025-05-02,07:40,65,4.006,,Track Run,,,,T=29C
2025-05-02,07:45,64,3.997,,Track Run,,,,T=29C
2025-05-03,11:06,85,4.248,,Run,39:55,HRM+Stryd Power+Stryd,All-systems Multiband,T=32C
2025-05-03,11:11,84,4.244,,Run,,,,T=31C
2025-05-03,11:16,84,4.239,,Run,,,,T=29C
2025-05-03,11:21,83,4.231,,Run,,,,T=29C
2025-05-03,11:26,83,4.226,,Run,,,,T=28C
2025-05-03,11:31,82,4.218,,Run,,,,T=28C
2025-05-03,11:36,82,4.211,,Run,,,,T=28C
2025-05-03,11:41,81,4.205,,Run,,,,T=28C
2025-05-03,11:46,81,4.200,,Run,,,,T=28C
2025-05-06,06:52,,,,Track Run,42:20,HRM+Power+Stryd+Tempe+Stryd Power,All-systems,
2025-05-06,06:56,60,3.967,,Track Run,,,,T=29C
2025-05-06,07:01,59,3.959,,Track Run,,,,T=29C
2025-05-06,07:06,59,3.954,,Track Run,,,,T=29C
2025-05-06,07:11,58,3.945,,Track Run,,,,T=29C
2025-05-06,07:16,58,3.944,,Track Run,,,,T=29C
2025-05-06,07:26,57,3.936,,Track Run,,,,T=29C
2025-05-06,07:36,56,3.931,,Track Run,,,,T=29C
2025-05-07,07:14,89,4.316,,Pool Swim,27:40,,Off,T=29C
2025-05-07,07:24,89,4.311,,Pool Swim,,,,T=28C
2025-05-07,07:29,89,4.311,,Pool Swim,,,,T=28C
2025-05-07,07:34,88,4.305,,Pool Swim,,,,T=28C
2025-05-07,13:09,86,4.279,,Strength,47:02,Stryd Power+Stryd+Tempe,Off,T=27C
2025-05-07,13:14,86,4.276,,Strength,,,,T=27C
2025-05-07,13:19,86,4.268,,Strength,,,,T=27C
2025-05-07,13:24,85,4.275,,Strength,,,,T=27C
2025-05-07,13:34,85,4.271,,Strength,,,,T=27C
2025-05-07,13:39,85,4.271,,Strength,,,,T=27C
2025-05-07,13:44,85,4.259,,Strength,,,,T=27C
2025-05-07,13:49,84,4.260,,Strength,,,,T=27C
2025-05-07,13:54,84,4.257,,Strength,,,,T=28C
2025-05-08,06:52,,,,Track Run,30:28,HRM+Power+Stryd+Tempe+Stryd Power,All-systems,
2025-05-08,06:55,92,4.333,,Track Run,,,,T=28C
2025-05-08,07:00,92,4.326,,Track Run,,,,T=27C
2025-05-08,07:05,91,4.325,,Track Run,,,,T=27C
2025-05-08,07:10,91,4.318,,Track Run,,,,T=26C
2025-05-08,07:15,90,4.313,,Track Run,,,,T=26C
2025-05-08,07:20,90,4.303,,Track Run,,,,T=26C
2025-05-08,07:25,90,4.301,,Track Run,,,,T=27C
2025-05-08,13:11,,,,Cardio,36:58,HRM+Stryd Power+Stryd+Tempe,Off,
2025-05-08,13:15,88,4.304,,Cardio,,,,T=26C
2025-05-08,13:25,87,4.303,,Cardio,,,,T=25C
2025-05-08,13:30,87,4.298,,Cardio,,,,T=24C
2025-05-08,13:35,87,4.300,,Cardio,,,,T=25C
2025-05-08,13:40,87,4.293,,Cardio,,,,T=26C
2025-05-08,13:45,87,4.293,,Cardio,,,,T=27C
2025-05-09,06:52,,,,Track Run,30:05,HRM+Power+Stryd+Tempe+Stryd Power,All-systems,
2025-05-09,06:55,82,4.216,,Track Run,,,,T=29C
2025-05-09,07:00,81,4.208,,Track Run,,,,T=29C
2025-05-09,07:05,81,4.201,,Track Run,,,,T=29C
2025-05-09,07:10,80,4.200,,Track Run,,,,T=29C
2025-05-09,07:15,80,4.191,,Track Run,,,,T=29C
2025-05-09,07:20,79,4.185,,Track Run,,,,T=29C
2025-05-09,13:09,,,,Strength,50:27,Power+Stryd+Stryd Power,Off,
2025-05-09,13:12,91,4.338,,Strength,,,,T=28C
2025-05-09,13:17,91,4.336,,Strength,,,,T=27C
2025-05-09,13:27,91,4.329,,Strength,,,,T=27C
2025-05-09,13:32,90,4.328,,Strength,,,,T=27C
2025-05-09,13:37,90,4.326,,Strength,,,,T=27C
2025-05-09,13:42,90,4.326,,Strength,,,,T=27C
2025-05-09,13:47,90,4.319,,Strength,,,,T=26C
2025-05-09,13:52,90,4.320,,Strength,,,,T=27C
2025-05-09,13:57,89,4.317,,Strength,,,,T=27C
2025-05-12,06:51,,,,Track Run,30:04,HRM+Power+Stryd+Tempe+Stryd Power,All-systems,
2025-05-12,06:57,72,4.102,,Track Run,,,,T=27C
2025-05-12,07:02,71,4.090,,Track Run,,,,T=27C
2025-05-12,07:07,71,4.085,,Track Run,,,,T=26C
2025-05-12,07:12,70,4.080,,Track Run,,,,T=26C
2025-05-12,07:17,70,4.078,,Track Run,,,,T=26C
2025-05-12,13:12,80,4.198,,Pool Swim,24:31,HRM Pro+Tempe,Off,T=30C
2025-05-12,13:13,80,4.198,,Pool Swim,,,,T=30C
2025-05-12,13:18,79,4.199,,Pool Swim,,,,T=27C
2025-05-12,13:23,79,4.195,,Pool Swim,,,,T=27C
2025-05-12,13:33,79,4.191,,Pool Swim,,,,T=27C
2025-05-13,06:51,,,,Track Run,28:43,HRM,All-systems,
2025-05-13,06:58,73,4.098,,Track Run,,,,T=26C
2025-05-13,07:03,72,4.095,,Track Run,,,,T=26C
2025-05-13,07:08,72,4.090,,Track Run,,,,T=26C
2025-05-13,07:13,71,4.086,,Track Run,,,,T=26C
2025-05-13,07:18,71,4.078,,Track Run,,,,T=27C
2025-05-13,13:10,,,,Strength,45:28,HRM+Stryd Power+Stryd+Tempe,Off,
2025-05-13,13:16,89,4.312,,Strength,,,,T=26C
2025-05-13,13:21,88,4.309,,Strength,,,,T=26C
2025-05-13,13:26,88,4.308,,Strength,,,,T=26C
2025-05-13,13:31,88,4.301,,Strength,,,,T=26C
2025-05-13,13:41,88,4.301,,Strength,,,,T=26C
2025-05-13,13:51,88,4.295,,Strength,,,,T=26C
2025-05-13,13:56,87,4.298,,Strength,,,,T=26C
2025-05-14,07:04,,,,Track Run,44:46,HRM+Stryd Power+Stryd+Tempe,All-systems,
2025-05-14,07:07,86,4.276,,Track Run,,,,T=29C
2025-05-14,07:12,86,4.269,,Track Run,,,,T=28C
2025-05-14,07:17,85,4.263,,Track Run,,,,T=27C
2025-05-14,07:22,85,4.245,,Track Run,,,,T=27C
2025-05-14,07:27,84,4.251,,Track Run,,,,T=27C
2025-05-14,07:32,84,4.246,,Track Run,,,,T=27C
2025-05-14,07:37,84,4.225,,Track Run,,,,T=28C
2025-05-14,07:42,83,4.237,,Track Run,,,,T=28C
2025-05-14,07:47,83,4.234,,Track Run,,,,T=28C
2025-05-15,07:02,90,4.325,,Strength,47:37,HRM+Tempe,Off,T=28C
2025-05-15,07:03,90,4.325,,Strength,,,,T=28C
2025-05-15,07:08,90,4.332,,Strength,,,,T=28C
2025-05-15,07:13,90,4.328,,Strength,,,,T=27C
2025-05-15,07:18,90,4.331,,Strength,,,,T=27C
2025-05-15,07:23,90,4.331,,Strength,,,,T=27C
2025-05-15,07:28,90,4.325,,Strength,,,,T=26C
2025-05-15,07:33,90,4.327,,Strength,,,,T=27C
2025-05-15,07:38,90,4.328,,Strength,,,,T=27C
2025-05-15,07:43,90,4.326,,Strength,,,,T=27C
2025-05-15,07:48,90,4.325,,Strength,,,,T=26C
2025-05-15,13:23,90,4.326,,Pool Swim,24:06,HRM Pro+Tempe,Off,T=30C
2025-05-15,13:24,90,4.326,,Pool Swim,,,,T=30C
2025-05-15,13:34,89,4.320,,Pool Swim,,,,T=30C
2025-05-15,13:44,89,4.315,,Pool Swim,,,,T=30C
2025-05-16,06:51,85,4.253,,Track Run,27:17,HRM+Stryd Power+Stryd+Tempe,All-systems,T=30C
2025-05-16,06:52,85,4.253,,Track Run,,,,T=30C
2025-05-16,06:57,84,4.244,,Track Run,,,,T=29C
2025-05-16,07:02,84,4.238,,Track Run,,,,T=29C
2025-05-16,07:07,83,4.231,,Track Run,,,,T=29C
2025-05-16,07:12,83,4.229,,Track Run,,,,T=29C
2025-05-16,07:17,82,4.220,,Track Run,,,,T=29C
2025-05-16,13:07,,,,Cardio,41:23,HRM+Stryd Power+Stryd+Tempe,Off,
2025-05-16,13:11,95,4.371,,Cardio,,,,T=28C
2025-05-16,13:16,94,4.375,,Cardio,,,,T=27C
2025-05-16,13:21,94,4.373,,Cardio,,,,T=27C
2025-05-16,13:26,94,4.373,,Cardio,,,,T=27C
2025-05-16,13:31,94,4.370,,Cardio,,,,T=27C
2025-05-16,13:36,94,4.371,,Cardio,,,,T=27C
2025-05-16,13:41,94,4.366,,Cardio,,,,T=26C
2025-05-16,13:46,94,4.365,,Cardio,,,,T=26C
2025-05-19,15:00,74,4.126,,Basketball,48:08,Power+Stryd+Stryd Power,All-systems,T=29C
2025-05-19,15:01,74,4.126,,Basketball,,,,T=29C
2025-05-19,15:06,73,4.123,,Basketball,,,,T=29C
2025-05-19,15:11,73,4.113,,Basketball,,,,T=29C
2025-05-19,15:16,73,4.110,,Basketball,,,,T=28C
2025-05-19,15:21,72,4.105,,Basketball,,,,T=28C
2025-05-19,15:26,72,4.107,,Basketball,,,,T=27C
2025-05-19,15:31,72,4.099,,Basketball,,,,T=27C
2025-05-19,15:36,71,4.101,,Basketball,,,,T=27C
2025-05-19,15:41,71,4.098,,Basketball,,,,T=27C
2025-05-19,15:46,71,4.095,,Basketball,,,,T=28C
2025-05-20,13:12,,,,Cardio,42:43,HRM,Off,
2025-05-20,13:16,60,3.968,,Cardio,,,,T=28C
2025-05-20,13:21,60,3.970,,Cardio,,,,T=27C
2025-05-20,13:26,60,3.968,,Cardio,,,,T=27C
2025-05-20,13:31,59,3.958,,Cardio,,,,T=27C
2025-05-20,13:36,59,3.963,,Cardio,,,,T=28C
2025-05-20,13:41,59,3.955,,Cardio,,,,T=28C
2025-05-20,13:46,59,3.954,,Cardio,,,,T=28C
2025-05-20,13:51,59,3.948,,Cardio,,,,T=27C
2025-05-22,07:00,77,4.161,,Track Run,28:58,HRM+Power+Stryd+Tempe+Stryd Power,All-systems,T=30C
2025-05-22,07:01,77,4.161,,Track Run,,,,T=30C
2025-05-22,07:06,77,4.163,,Track Run,,,,T=30C
2025-05-22,07:16,76,4.152,,Track Run,,,,T=30C
2025-05-22,07:21,75,4.143,,Track Run,,,,T=30C
2025-05-22,07:26,75,4.143,,Track Run,,,,T=31C
2025-05-22,13:11,,,,Track Run,41:29,HRM+Stryd Power+Stryd+Tempe,All-systems,
2025-05-22,13:16,72,4.096,,Track Run,,,,T=35C
2025-05-22,13:21,71,4.090,,Track Run,,,,T=36C
2025-05-22,13:26,71,4.086,,Track Run,,,,T=35C
2025-05-22,13:31,70,4.084,,Track Run,,,,T=35C
2025-05-22,13:36,70,4.078,,Track Run,,,,T=36C
2025-05-22,13:41,69,4.073,,Track Run,,,,T=34C
2025-05-22,13:46,69,4.071,,Track Run,,,,T=34C
2025-05-22,13:51,69,4.063,,Track Run,,,,T=36C
2025-05-22,18:54,,,,Run,20:41,Stryd Power+Stryd,All-systems Multiband,
2025-05-22,18:57,87,4.260,,Run,,,,T=30C
2025-05-22,19:02,86,4.255,,Run,,,,T=30C
2025-05-22,19:07,86,4.254,,Run,,,,T=30C
2025-05-23,07:04,,,,Strength,46:22,HRM,Off,
2025-05-23,07:07,81,4.218,,Strength,,,,T=29C
2025-05-23,07:12,81,4.218,,Strength,,,,T=28C
2025-05-23,07:17,81,4.216,,Strength,,,,T=28C
2025-05-23,07:22,80,4.215,,Strength,,,,T=27C
2025-05-23,07:32,80,4.215,,Strength,,,,T=27C
2025-05-23,07:37,80,4.212,,Strength,,,,T=27C
2025-05-23,07:47,80,4.211,,Strength,,,,T=27C
2025-05-23,13:27,,,,Pool Swim,23:45,HRM Pro+Tempe,Off,
2025-05-23,13:30,88,4.295,,Pool Swim,,,,T=33C
2025-05-23,13:35,88,4.300,,Pool Swim,,,,T=33C
2025-05-23,13:45,87,4.294,,Pool Swim,,,,T=33C
2025-05-25,23:33,,,,Cardio,19:33,Tempe,Off,
2025-05-25,23:35,75,4.148,,Cardio,,,,T=28C
2025-05-25,23:40,75,4.153,,Cardio,,,,T=28C
2025-05-25,23:50,75,4.150,,Cardio,,,,T=27C
2025-05-26,06:58,72,4.093,,Track Run,25:18,HRM+Power+Stryd+Stryd Power,All-systems,T=27C
2025-05-26,07:00,72,4.093,,Track Run,,,,T=27C
2025-05-26,07:05,71,4.087,,Track Run,,,,T=26C
2025-05-26,07:10,71,4.080,,Track Run,,,,T=25C
2025-05-26,07:15,71,4.076,,Track Run,,,,T=25C
2025-05-26,07:20,70,4.071,,Track Run,,,,T=24C
2025-05-26,07:25,70,4.066,,Track Run,,,,T=25C
2025-05-26,13:21,,,,Pool Swim,23:24,HRM Pro+Tempe,Off,
2025-05-26,13:25,85,4.260,,Pool Swim,,,,T=27C
2025-05-26,13:30,85,4.257,,Pool Swim,,,,T=27C
2025-05-26,13:35,84,4.246,,Pool Swim,,,,T=27C
2025-05-26,13:45,84,4.242,,Pool Swim,,,,T=27C
2025-05-27,06:51,,,,Track Run,28:09,HRM+Stryd+Tempe+Power+Stryd Power,All-systems,
2025-05-27,06:56,90,4.308,,Track Run,,,,T=27C
2025-05-27,07:01,90,4.308,,Track Run,,,,T=27C
2025-05-27,07:06,89,4.303,,Track Run,,,,T=26C
2025-05-27,07:11,89,4.293,,Track Run,,,,T=26C
2025-05-27,07:16,88,4.296,,Track Run,,,,T=26C
2025-05-27,13:12,,,,Strength,43:46,HRM+Power+Stryd+Tempe+Stryd Power,Off,
2025-05-27,13:16,96,4.379,,Strength,,,,T=27C
2025-05-27,13:21,95,4.378,,Strength,,,,T=26C
2025-05-27,13:26,95,4.378,,Strength,,,,T=26C
2025-05-27,13:31,95,4.374,,Strength,,,,T=26C
2025-05-27,13:41,95,4.376,,Strength,,,,T=25C
2025-05-27,13:51,95,4.375,,Strength,,,,T=25C
2025-05-27,13:56,94,4.369,,Strength,,,,T=25C
2025-05-28,21:39,,,,Cardio,34:07,HRM,Off,
2025-05-28,21:43,89,4.293,,Cardio,,,,T=24C
2025-05-28,21:48,89,4.291,,Cardio,,,,T=24C
2025-05-28,21:58,89,4.282,,Cardio,,,,T=24C
2025-05-28,22:03,88,4.283,,Cardio,,,,T=25C
2025-05-28,22:08,88,4.281,,Cardio,,,,T=25C
2025-05-28,22:13,88,4.280,,Cardio,,,,T=25C
2025-05-29,07:06,,,,Track Run,23:42,HRM+Power+Stryd+Tempe+Stryd Power,All-systems,
2025-05-29,07:08,85,4.242,,Track Run,,,,T=30C
2025-05-29,07:13,85,4.233,,Track Run,,,,T=29C
2025-05-29,07:18,84,4.231,,Track Run,,,,T=29C
2025-05-29,07:23,84,4.221,,Track Run,,,,T=29C
2025-05-29,07:28,83,4.221,,Track Run,,,,T=29C
2025-05-29,13:08,81,4.192,,Cardio,46:42,HRM,Off,T=27C
2025-05-29,13:13,80,4.189,,Cardio,,,,T=26C
2025-05-29,13:18,80,4.187,,Cardio,,,,T=26C
2025-05-29,13:23,80,4.184,,Cardio,,,,T=26C
2025-05-29,13:28,80,4.180,,Cardio,,,,T=26C
2025-05-29,13:33,79,4.159,,Cardio,,,,T=26C
2025-05-29,13:38,79,4.173,,Cardio,,,,T=26C
2025-05-29,13:43,79,4.173,,Cardio,,,,T=25C
2025-05-29,13:48,79,4.171,,Cardio,,,,T=25C
2025-05-29,13:53,78,4.168,,Cardio,,,,T=26C
2025-05-30,07:05,,,,Track Run,52:19,HRM+Power+Stryd+Tempe+Stryd Power,All-systems,
2025-05-30,07:08,87,4.260,,Track Run,,,,T=27C
2025-05-30,07:13,87,4.256,,Track Run,,,,T=27C
2025-05-30,07:18,87,4.248,,Track Run,,,,T=26C
2025-05-30,07:23,86,4.242,,Track Run,,,,T=26C
2025-05-30,07:28,86,4.236,,Track Run,,,,T=26C
2025-05-30,07:33,85,4.230,,Track Run,,,,T=26C
2025-05-30,07:38,85,4.224,,Track Run,,,,T=26C
2025-05-30,07:43,84,4.220,,Track Run,,,,T=26C
2025-05-30,07:48,84,4.216,,Track Run,,,,T=26C
2025-05-30,07:53,83,4.211,,Track Run,,,,T=26C
2025-06-02,06:58,69,4.053,,Track Run,28:47,HRM+Power+Stryd+Tempe+Stryd Power,All-systems,T=30C
2025-06-02,07:00,69,4.053,,Track Run,,,,T=30C
2025-06-02,07:05,69,4.046,,Track Run,,,,T=30C
2025-06-02,07:10,68,4.040,,Track Run,,,,T=29C
2025-06-02,07:15,68,4.034,,Track Run,,,,T=29C
2025-06-02,07:20,68,4.026,,Track Run,,,,T=29C
2025-06-02,07:25,67,4.014,,Track Run,,,,T=29C
2025-06-02,13:15,,,,Pool Swim,28:30,HRM Pro+Tempe,Off,
2025-06-02,13:20,86,4.255,,Pool Swim,,,,T=29C
2025-06-02,13:25,86,4.249,,Pool Swim,,,,T=29C
2025-06-02,13:30,85,4.189,,Pool Swim,,,,T=29C
2025-06-02,13:35,85,4.243,,Pool Swim,,,,T=29C
2025-06-02,13:40,85,4.239,,Pool Swim,,,,T=29C
2025-06-03,06:49,,,,Track Run,28:05,HRM+Stryd Power+Stryd+Tempe,All-systems,
2025-06-03,06:56,90,4.300,,Track Run,,,,T=30C
2025-06-03,07:01,90,4.296,,Track Run,,,,T=30C
2025-06-03,07:06,89,4.292,,Track Run,,,,T=30C
2025-06-03,07:11,89,4.288,,Track Run,,,,T=30C
2025-06-03,13:14,,,,Strength,47:54,HRM+Stryd Power+Stryd+Tempe,Off,
2025-06-03,13:17,96,4.371,,Strength,,,,T=28C
2025-06-03,13:22,96,4.371,,Strength,,,,T=28C
2025-06-03,13:27,96,4.371,,Strength,,,,T=27C
2025-06-03,13:37,96,4.366,,Strength,,,,T=26C
2025-06-03,13:42,96,4.360,,Strength,,,,T=26C
2025-06-03,13:52,95,4.361,,Strength,,,,T=26C
2025-06-03,13:57,95,4.356,,Strength,,,,T=26C
2025-06-03,14:02,95,4.353,,Strength,,,,T=26C
2025-06-04,07:01,,,,Track Run,30:57,HRM+Stryd Power+Stryd+Tempe,All-systems,
2025-06-04,07:03,90,4.299,,Track Run,,,,T=30C
2025-06-04,07:08,90,4.293,,Track Run,,,,T=28C
2025-06-04,07:13,89,4.281,,Track Run,,,,T=28C
2025-06-04,07:18,89,4.280,,Track Run,,,,T=27C
2025-06-04,07:23,88,4.276,,Track Run,,,,T=27C
2025-06-04,07:28,88,4.263,,Track Run,,,,T=28C
2025-06-04,07:33,87,4.266,,Track Run,,,,T=28C
2025-06-04,13:12,,,,Cardio,42:10,HRM+Power+Stryd+Tempe+Stryd Power,Off,
2025-06-04,13:15,97,4.369,,Cardio,,,,T=27C
2025-06-04,13:20,97,4.364,,Cardio,,,,T=27C
2025-06-04,13:25,96,4.358,,Cardio,,,,T=26C
2025-06-04,13:30,96,4.361,,Cardio,,,,T=26C
2025-06-04,13:35,96,4.353,,Cardio,,,,T=26C
2025-06-04,13:40,96,4.357,,Cardio,,,,T=27C
2025-06-04,13:50,95,4.350,,Cardio,,,,T=26C
2025-06-05,07:00,,,,Track Run,28:25,HRM+Stryd Power+Stryd+Tempe,All-systems,
2025-06-05,07:04,90,4.295,,Track Run,,,,T=28C
2025-06-05,07:09,90,4.291,,Track Run,,,,T=28C
2025-06-05,07:14,89,4.279,,Track Run,,,,T=27C
2025-06-05,07:19,89,4.278,,Track Run,,,,T=27C
2025-06-05,07:24,88,4.271,,Track Run,,,,T=27C
2025-06-05,13:08,,,,Track Run,45:39,HRM+Stryd+Tempe,All-systems,
2025-06-05,13:14,90,4.296,,Track Run,,,,T=31C
2025-06-05,13:19,90,4.286,,Track Run,,,,T=31C
2025-06-05,13:24,89,4.274,,Track Run,,,,T=31C
2025-06-05,13:29,89,4.271,,Track Run,,,,T=31C
2025-06-05,13:34,88,4.265,,Track Run,,,,T=31C
2025-06-05,13:39,88,4.258,,Track Run,,,,T=31C
2025-06-05,13:44,87,4.251,,Track Run,,,,T=30C
2025-06-05,13:49,86,4.246,,Track Run,,,,T=31C
2025-06-05,13:54,86,4.239,,Track Run,,,,T=30C
2025-06-06,06:57,,,,Pool Swim,22:17,HRM Pro+Tempe,Off,from fixed/edited file
2025-06-06,07:00,89,4.288,,Pool Swim,,,,T=27C
2025-06-06,07:05,89,4.287,,Pool Swim,,,,T=27C
2025-06-06,07:10,89,4.281,,Pool Swim,,,,T=27C
2025-06-06,07:15,88,4.280,,Pool Swim,,,,T=27C
2025-06-06,13:07,,,,Strength,55:06,HRM+Tempe,Off,
2025-06-06,13:11,90,4.311,,Strength,,,,T=27C
2025-06-06,13:16,90,4.310,,Strength,,,,T=27C
2025-06-06,13:21,90,4.309,,Strength,,,,T=27C
2025-06-06,13:26,90,4.310,,Strength,,,,T=27C
2025-06-06,13:31,90,4.307,,Strength,,,,T=27C
2025-06-06,13:36,90,4.306,,Strength,,,,T=26C
2025-06-06,13:41,90,4.299,,Strength,,,,T=26C
2025-06-06,13:46,90,4.304,,Strength,,,,T=26C
2025-06-06,13:51,90,4.301,,Strength,,,,T=27C
2025-06-06,13:56,89,4.301,,Strength,,,,T=26C
2025-06-06,14:01,89,4.298,,Strength,,,,T=27C
2025-06-08,06:34,78,4.156,,Yoga,1:06:21,Tempe,Off,T=29C
2025-06-08,06:35,78,4.156,,Yoga,,,,T=29C
2025-06-08,06:40,78,4.160,,Yoga,,,,T=30C
2025-06-08,06:50,77,4.161,,Yoga,,,,T=30C
2025-06-08,06:55,77,4.160,,Yoga,,,,T=30C
2025-06-08,07:00,77,4.159,,Yoga,,,,T=30C
2025-06-08,07:05,77,4.159,,Yoga,,,,T=30C
2025-06-08,07:10,77,4.158,,Yoga,,,,T=31C
2025-06-08,07:15,77,4.157,,Yoga,,,,T=31C
2025-06-08,07:20,77,4.156,,Yoga,,,,T=31C
2025-06-08,07:30,77,4.155,,Yoga,,,,T=30C
2025-06-08,07:40,77,4.153,,Yoga,,,,T=30C
2025-06-09,06:51,,,,Track Run,30:30,HRM+Stryd Power+Stryd+Tempe,All-systems,
2025-06-09,06:55,68,4.033,,Track Run,,,,T=30C
2025-06-09,07:00,67,4.019,,Track Run,,,,T=29C
2025-06-09,07:05,67,4.010,,Track Run,,,,T=29C
2025-06-09,07:10,66,4.005,,Track Run,,,,T=29C
2025-06-09,07:15,66,3.998,,Track Run,,,,T=29C
2025-06-09,07:20,65,3.991,,Track Run,,,,T=30C
2025-06-09,13:22,,,,Pool Swim,27:16,HRM Pro,Off,
2025-06-09,13:24,81,4.200,,Pool Swim,,,,T=31C
2025-06-09,13:29,81,4.197,,Pool Swim,,,,T=31C
2025-06-09,13:34,81,4.193,,Pool Swim,,,,T=31C
2025-06-09,13:39,81,4.193,,Pool Swim,,,,T=31C
2025-06-09,13:49,80,4.180,,Pool Swim,,,,T=30C
2025-06-10,06:51,75,4.115,,Track Run,40:24,HRM+Stryd+Tempe,All-systems,T=30C
2025-06-10,06:52,75,4.115,,Track Run,,,,T=30C
2025-06-10,06:57,74,4.105,,Track Run,,,,T=31C
2025-06-10,07:02,74,4.099,,Track Run,,,,T=30C
2025-06-10,07:07,73,4.089,,Track Run,,,,T=31C
2025-06-10,07:12,73,4.085,,Track Run,,,,T=31C
2025-06-10,07:17,72,4.081,,Track Run,,,,T=31C
2025-06-10,07:22,71,4.073,,Track Run,,,,T=31C
2025-06-10,07:27,71,4.066,,Track Run,,,,T=32C
2025-06-10,07:32,70,4.060,,Track Run,,,,T=32C
2025-06-10,13:10,89,4.268,,Strength,46:22,HRM+Stryd Power+Stryd+Tempe,Off,T=31C
2025-06-10,13:15,88,4.284,,Strength,,,,T=29C
2025-06-10,13:20,88,4.283,,Strength,,,,T=28C
2025-06-10,13:25,88,4.283,,Strength,,,,T=27C
2025-06-10,13:30,88,4.282,,Strength,,,,T=27C
2025-06-10,13:35,88,4.275,,Strength,,,,T=28C
2025-06-10,13:40,88,4.271,,Strength,,,,T=28C
2025-06-10,13:50,87,4.276,,Strength,,,,T=28C
2025-06-10,13:55,87,4.273,,Strength,,,,T=28C
2025-06-11,06:50,,,,Track Run,37:56,HRM+Stryd Power+Stryd+Tempe,All-systems,
2025-06-11,06:54,81,4.190,,Track Run,,,,T=30C
2025-06-11,06:59,81,4.184,,Track Run,,,,T=30C
2025-06-11,07:04,80,4.179,,Track Run,,,,T=30C
2025-06-11,07:09,80,4.173,,Track Run,,,,T=30C
2025-06-11,07:14,79,4.168,,Track Run,,,,T=31C
2025-06-11,07:19,79,4.161,,Track Run,,,,T=31C
2025-06-11,07:24,79,4.160,,Track Run,,,,T=30C
2025-06-11,07:29,78,4.155,,Track Run,,,,T=31C
2025-06-11,13:22,,,,Track Run,37:03,HRM+Stryd Power+Stryd+Tempe,All-systems,
2025-06-11,13:26,80,4.170,,Track Run,,,,T=30C
2025-06-11,13:31,79,4.167,,Track Run,,,,T=28C
2025-06-11,13:36,79,4.161,,Track Run,,,,T=28C
2025-06-11,13:41,79,4.158,,Track Run,,,,T=28C
2025-06-11,13:46,78,4.158,,Track Run,,,,T=29C
2025-06-11,13:51,78,4.153,,Track Run,,,,T=30C
2025-06-11,13:56,77,4.148,,Track Run,,,,T=32C
2025-06-12,07:06,81,4.187,,Track Run,28:29,HRM+Power+Stryd+Tempe+Stryd Power,All-systems,T=30C
2025-06-12,07:08,81,4.187,,Track Run,,,,T=30C
2025-06-12,07:13,81,4.183,,Track Run,,,,T=28C
2025-06-12,07:18,81,4.175,,Track Run,,,,T=27C
2025-06-12,07:23,80,4.175,,Track Run,,,,T=28C
2025-06-12,07:28,80,4.170,,Track Run,,,,T=29C
2025-06-12,07:33,79,4.165,,Track Run,,,,T=29C
2025-06-12,13:12,,,,Strength,49:24,HRM+Tempe,Off,
2025-06-12,13:15,79,4.178,,Strength,,,,T=29C
2025-06-12,13:20,79,4.180,,Strength,,,,T=28C
2025-06-12,13:25,79,4.175,,Strength,,,,T=27C
2025-06-12,13:30,79,4.173,,Strength,,,,T=27C
2025-06-12,13:35,79,4.175,,Strength,,,,T=27C
2025-06-12,13:40,79,4.175,,Strength,,,,T=27C
2025-06-12,13:45,79,4.174,,Strength,,,,T=26C
2025-06-12,13:50,78,4.171,,Strength,,,,T=26C
2025-06-12,13:55,78,4.169,,Strength,,,,T=26C
2025-06-12,14:00,78,4.170,,Strength,,,,T=26C
2025-06-13,13:11,,,,Track Run,55:00,HRM+Power+Stryd+Tempe+Stryd Power,All-systems,
2025-06-13,13:15,76,4.135,,Track Run,,,,T=31C
2025-06-13,13:20,76,4.125,,Track Run,,,,T=31C
2025-06-13,13:25,75,4.128,,Track Run,,,,T=32C
2025-06-13,13:30,75,4.117,,Track Run,,,,T=32C
2025-06-13,13:35,74,4.113,,Track Run,,,,T=32C
2025-06-13,13:40,74,4.116,,Track Run,,,,T=32C
2025-06-13,13:45,74,4.111,,Track Run,,,,T=33C
2025-06-13,13:50,73,4.104,,Track Run,,,,T=32C
2025-06-13,13:55,73,4.093,,Track Run,,,,T=31C
2025-06-13,14:00,72,4.085,,Track Run,,,,T=31C
2025-06-13,14:05,72,4.085,,Track Run,,,,T=32C
2025-06-15,06:11,62,3.974,,Strength,57:04,Tempe,Off,T=29C
2025-06-15,06:13,62,3.974,,Strength,,,,T=29C
2025-06-15,06:18,62,3.981,,Strength,,,,T=28C
2025-06-15,06:23,61,3.981,,Strength,,,,T=27C
2025-06-15,06:28,61,3.978,,Strength,,,,T=27C
2025-06-15,06:33,61,3.977,,Strength,,,,T=26C
2025-06-15,06:38,61,3.977,,Strength,,,,T=26C
2025-06-15,06:43,61,3.975,,Strength,,,,T=26C
2025-06-15,06:48,61,3.973,,Strength,,,,T=26C
2025-06-15,06:53,61,3.969,,Strength,,,,T=25C
2025-06-15,06:58,61,3.973,,Strength,,,,T=26C
2025-06-15,07:03,61,3.969,,Strength,,,,T=25C
2025-06-15,07:08,60,3.970,,Strength,,,,T=25C
2025-06-15,07:09,,,,Cardio,15:38,Tempe,Off,
2025-06-15,07:13,60,3.961,,Cardio,,,,T=25C
2025-06-15,07:18,60,3.957,,Cardio,,,,T=24C
2025-06-15,07:23,60,3.950,,Cardio,,,,T=23C
2025-06-16,07:00,,,,Track Run,26:54,HRM+Stryd Power+Stryd+Tempe,All-systems,
2025-06-16,07:03,52,3.881,,Track Run,,,,T=31C
2025-06-16,07:08,52,3.883,,Track Run,,,,T=30C
2025-06-16,07:13,51,3.878,,Track Run,,,,T=30C
2025-06-16,07:18,51,3.875,,Track Run,,,,T=29C
2025-06-16,07:23,51,3.872,,Track Run,,,,T=30C
2025-06-16,07:28,50,3.868,,Track Run,,,,T=30C
2025-06-16,13:22,,,,Pool Swim,24:03,HRM Pro+Tempe,Off,
2025-06-16,13:25,89,4.287,,Pool Swim,,,,T=30C
2025-06-16,13:35,89,4.285,,Pool Swim,,,,T=29C
2025-06-16,13:40,89,4.282,,Pool Swim,,,,T=29C
2025-06-16,13:45,89,4.280,,Pool Swim,,,,T=29C
2025-06-17,06:57,,,,Cardio,47:37,HRM+Power+Stryd+Tempe+Stryd Power,Off,
2025-06-17,07:01,90,4.296,,Cardio,,,,T=28C
2025-06-17,07:06,90,4.291,,Cardio,,,,T=27C
2025-06-17,07:11,89,4.286,,Cardio,,,,T=27C
2025-06-17,07:16,89,4.283,,Cardio,,,,T=27C
2025-06-17,07:21,89,4.283,,Cardio,,,,T=27C
2025-06-17,07:26,89,4.281,,Cardio,,,,T=27C
2025-06-17,07:31,88,4.275,,Cardio,,,,T=27C
2025-06-17,07:36,88,4.271,,Cardio,,,,T=26C
2025-06-17,07:41,88,4.271,,Cardio,,,,T=26C
2025-06-17,07:46,88,4.269,,Cardio,,,,T=26C
2025-06-17,13:25,,,,Track Run,28:24,HRM+Power+Stryd+Tempe+Stryd Power,All-systems,
2025-06-17,13:28,94,4.337,,Track Run,,,,T=31C
2025-06-17,13:33,94,4.329,,Track Run,,,,T=31C
2025-06-17,13:38,94,4.323,,Track Run,,,,T=31C
2025-06-17,13:43,93,4.319,,Track Run,,,,T=32C
2025-06-17,13:48,93,4.320,,Track Run,,,,T=32C
2025-06-17,13:53,92,4.317,,Track Run,,,,T=32C
2025-06-17,13:55,,,,Track Run,05:32,HRM+Tempe,All-systems,
2025-06-17,13:58,92,4.303,,Track Run,,,,T=33C
2025-06-18,06:56,,,,Track Run,30:09,Power+Stryd+Tempe+Stryd Power,All-systems,
2025-06-18,06:58,88,4.295,,Track Run,,,,T=31C
2025-06-18,07:03,88,4.281,,Track Run,,,,T=30C
2025-06-18,07:08,87,4.283,,Track Run,,,,T=29C
2025-06-18,07:13,87,4.268,,Track Run,,,,T=29C
2025-06-18,07:18,86,4.268,,Track Run,,,,T=29C
2025-06-18,07:23,86,4.258,,Track Run,,,,T=29C
2025-06-18,13:13,94,4.363,,Strength,48:19,HRM+Tempe,Off,T=30C
2025-06-18,13:18,94,4.369,,Strength,,,,T=28C
2025-06-18,13:23,94,4.369,,Strength,,,,T=28C
2025-06-18,13:28,94,4.370,,Strength,,,,T=27C
2025-06-18,13:33,94,4.368,,Strength,,,,T=27C
2025-06-18,13:38,93,4.366,,Strength,,,,T=27C
2025-06-18,13:43,93,4.366,,Strength,,,,T=27C
2025-06-18,13:48,93,4.363,,Strength,,,,T=27C
2025-06-18,13:53,93,4.362,,Strength,,,,T=27C
2025-06-18,13:58,93,4.364,,Strength,,,,T=27C
2025-06-19,06:54,,,,Run,1:08:13,HRM+Power+Stryd+Tempe+Stryd Power,All-systems Multiband,
2025-06-19,06:58,89,4.300,,Run,,,,T=29C
2025-06-19,07:03,89,4.296,,Run,,,,T=29C
2025-06-19,07:08,88,4.289,,Run,,,,T=29C
2025-06-19,07:13,88,4.279,,Run,,,,T=30C
2025-06-19,07:18,87,4.276,,Run,,,,T=30C
2025-06-19,07:23,87,4.269,,Run,,,,T=30C
2025-06-19,07:28,86,4.265,,Run,,,,T=30C
2025-06-19,07:33,86,4.259,,Run,,,,T=30C
2025-06-19,07:38,85,4.252,,Run,,,,T=30C
2025-06-19,07:43,84,4.243,,Run,,,,T=30C
2025-06-19,07:48,84,4.241,,Run,,,,T=30C
2025-06-19,07:53,83,4.233,,Run,,,,T=30C
2025-06-19,07:58,83,4.227,,Run,,,,T=30C
2025-06-19,13:22,,,,Pool Swim,25:49,HRM Pro,Off,from fixed/edited file
2025-06-19,13:25,94,4.367,,Pool Swim,,,,T=30C
2025-06-19,13:30,94,4.361,,Pool Swim,,,,T=29C
2025-06-19,13:35,93,4.357,,Pool Swim,,,,T=29C
2025-06-19,13:40,93,4.355,,Pool Swim,,,,T=30C
2025-06-19,13:45,93,4.349,,Pool Swim,,,,T=29C
2025-06-20,06:53,,,,Track Run,28:55,HRM+Power+Stryd+Tempe+Stryd Power,All-systems,
2025-06-20,06:55,91,4.321,,Track Run,,,,T=31C
2025-06-20,07:00,90,4.323,,Track Run,,,,T=30C
2025-06-20,07:10,89,4.305,,Track Run,,,,T=29C
2025-06-20,07:15,89,4.300,,Track Run,,,,T=29C
2025-06-20,07:20,89,4.295,,Track Run,,,,T=29C
2025-06-20,13:16,,,,Strength,46:48,HRM+Power+Stryd+Tempe+Stryd Power,Off,
2025-06-20,13:20,97,4.387,,Strength,,,,T=27C
2025-06-20,13:30,97,4.386,,Strength,,,,T=26C
2025-06-20,13:35,97,4.386,,Strength,,,,T=26C
2025-06-20,13:40,97,4.383,,Strength,,,,T=26C
2025-06-20,13:50,96,4.375,,Strength,,,,T=26C
2025-06-20,13:55,96,4.379,,Strength,,,,T=26C
2025-06-23,07:05,77,4.143,,Track Run,23:20,HRM+Power+Stryd+Tempe+Stryd Power,All-systems,T=31C
2025-06-23,07:07,77,4.143,,Track Run,,,,T=31C
2025-06-23,07:12,77,4.136,,Track Run,,,,T=30C
2025-06-23,07:17,76,4.129,,Track Run,,,,T=31C
2025-06-23,07:22,76,4.126,,Track Run,,,,T=31C
2025-06-23,07:27,76,4.120,,Track Run,,,,T=31C
2025-06-23,07:33,,,,Track Run,08:54,HRM+Stryd+Tempe,All-systems,
2025-06-23,07:37,74,4.101,,Track Run,,,,T=31C
2025-06-23,07:42,74,4.093,,Track Run,,,,T=31C
2025-06-23,13:10,,,,Strength,50:28,HRM+Tempe,Off,
2025-06-23,13:13,96,4.358,,Strength,,,,T=29C
2025-06-23,13:18,95,4.356,,Strength,,,,T=28C
2025-06-23,13:23,95,4.359,,Strength,,,,T=27C
2025-06-23,13:33,95,4.353,,Strength,,,,T=27C
2025-06-23,13:38,95,4.353,,Strength,,,,T=27C
2025-06-23,13:43,95,4.353,,Strength,,,,T=27C
2025-06-23,13:48,95,4.350,,Strength,,,,T=27C
2025-06-23,13:58,95,4.346,,Strength,,,,T=27C
2025-06-24,07:04,95,4.351,,Track Run,28:21,HRM+Stryd+Tempe,All-systems,T=30C
2025-06-24,07:05,95,4.351,,Track Run,,,,T=30C
2025-06-24,07:10,94,4.342,,Track Run,,,,T=30C
2025-06-24,07:15,94,4.336,,Track Run,,,,T=30C
2025-06-24,07:20,93,4.330,,Track Run,,,,T=31C
2025-06-24,07:25,93,4.327,,Track Run,,,,T=31C
2025-06-24,07:30,92,4.323,,Track Run,,,,T=31C
2025-06-24,13:22,,,,Pool Swim,21:33,HRM Pro+Tempe,Off,from fixed/edited file
2025-06-24,13:26,95,4.368,,Pool Swim,,,,T=31C
2025-06-24,13:31,95,4.368,,Pool Swim,,,,T=31C
2025-06-24,13:41,94,4.361,,Pool Swim,,,,T=31C
2025-06-25,06:52,,,,Run,1:06:25,HRM+Stryd+Tempe,All-systems Multiband,
2025-06-25,06:56,95,4.338,,Run,,,,T=31C
2025-06-25,07:01,94,4.333,,Run,,,,T=31C
2025-06-25,07:06,93,4.330,,Run,,,,T=30C
2025-06-25,07:11,92,4.320,,Run,,,,T=30C
2025-06-25,07:16,92,4.311,,Run,,,,T=30C
2025-06-25,07:21,91,4.306,,Run,,,,T=30C
2025-06-25,07:26,91,4.301,,Run,,,,T=30C
2025-06-25,07:31,90,4.292,,Run,,,,T=31C
2025-06-25,07:36,89,4.286,,Run,,,,T=31C
2025-06-25,07:41,88,4.278,,Run,,,,T=31C
2025-06-25,07:46,88,4.273,,Run,,,,T=32C
2025-06-25,07:51,87,4.268,,Run,,,,T=33C
2025-06-25,07:56,86,4.257,,Run,,,,T=33C
2025-06-25,13:15,95,4.371,,Cardio,41:03,HRM+Tempe,Off,T=30C
2025-06-25,13:17,95,4.371,,Cardio,,,,T=30C
2025-06-25,13:22,95,4.375,,Cardio,,,,T=29C
2025-06-25,13:27,95,4.370,,Cardio,,,,T=28C
2025-06-25,13:37,95,4.367,,Cardio,,,,T=26C
2025-06-25,13:42,94,4.363,,Cardio,,,,T=26C
2025-06-25,13:47,94,4.363,,Cardio,,,,T=26C
2025-06-25,13:52,94,4.360,,Cardio,,,,T=26C
2025-06-25,13:57,94,4.358,,Cardio,,,,T=26C
2025-06-26,06:56,92,4.310,,Track Run,31:35,HRM+Stryd Power+Stryd+Tempe,All-systems,T=29C
2025-06-26,06:57,92,4.310,,Track Run,,,,T=29C
2025-06-26,07:02,91,4.299,,Track Run,,,,T=26C
2025-06-26,07:07,91,4.299,,Track Run,,,,T=27C
2025-06-26,07:12,90,4.294,,Track Run,,,,T=27C
2025-06-26,07:17,90,4.290,,Track Run,,,,T=27C
2025-06-26,07:22,89,4.270,,Track Run,,,,T=27C
2025-06-26,07:27,89,4.277,,Track Run,,,,T=27C
2025-06-26,13:26,90,4.296,,Pool Swim,30:44,HRM Pro,Off,T=30C
2025-06-26,13:27,90,4.296,,Pool Swim,,,,T=30C
2025-06-26,13:32,89,4.285,,Pool Swim,,,,T=30C
2025-06-26,13:37,89,4.287,,Pool Swim,,,,T=30C
2025-06-26,13:42,89,4.282,,Pool Swim,,,,T=30C
2025-06-26,13:52,88,4.280,,Pool Swim,,,,T=31C
2025-06-27,07:02,,,,Track Run,28:32,HRM+Stryd Power+Stryd+Tempe,All-systems,
2025-06-27,07:05,93,4.319,,Track Run,,,,T=30C
2025-06-27,07:10,92,4.304,,Track Run,,,,T=29C
2025-06-27,07:15,92,4.313,,Track Run,,,,T=29C
2025-06-27,07:25,91,4.299,,Track Run,,,,T=29C
2025-06-27,07:30,91,4.295,,Track Run,,,,T=29C
2025-06-27,13:15,,,,Strength,49:00,HRM+Tempe,Off,
2025-06-27,13:19,92,4.326,,Strength,,,,T=28C
2025-06-27,13:24,92,4.321,,Strength,,,,T=28C
2025-06-27,13:34,92,4.320,,Strength,,,,T=27C
2025-06-27,13:39,92,4.322,,Strength,,,,T=27C
2025-06-27,13:44,91,4.321,,Strength,,,,T=27C
2025-06-27,13:49,91,4.314,,Strength,,,,T=26C
2025-06-27,13:54,91,4.313,,Strength,,,,T=27C
2025-06-27,14:04,91,4.313,,Strength,,,,T=27C
2025-06-30,06:55,,,,Track Run,20:44,HRM+Power+Stryd+Tempe+Stryd Power,All-systems,
2025-06-30,06:59,79,4.161,,Track Run,,,,T=29C
2025-06-30,07:04,78,4.154,,Track Run,,,,T=28C
2025-06-30,07:09,78,4.146,,Track Run,,,,T=28C
2025-06-30,07:14,77,4.140,,Track Run,,,,T=28C
2025-06-30,07:21,,,,Track Run,10:06,HRM+Stryd Power+Stryd+Tempe,All-systems,
2025-06-30,07:24,76,4.130,,Track Run,,,,T=31C
2025-06-30,07:29,76,4.126,,Track Run,,,,T=30C
2025-06-30,07:34,75,4.123,,Track Run,,,,T=30C
2025-06-30,13:30,77,4.148,,Pool Swim,23:16,HRM Pro,Off,T=30C
2025-06-30,13:32,77,4.148,,Pool Swim,,,,T=30C
2025-06-30,13:37,77,4.149,,Pool Swim,,,,T=29C
2025-06-30,13:42,77,4.143,,Pool Swim,,,,T=29C
2025-06-30,13:47,76,4.143,,Pool Swim,,,,T=29C
2025-06-30,13:52,76,4.138,,Pool Swim,,,,T=29C
2025-07-01,05:49,,,,Run,54:23,HRM+Stryd+Tempe,All-systems Multiband,
2025-07-01,05:52,90,4.284,,Run,,,,T=31C
2025-07-01,05:57,90,4.272,,Run,,,,T=29C
2025-07-01,06:02,89,4.263,,Run,,,,T=29C
2025-07-01,06:07,88,4.257,,Run,,,,T=29C
2025-07-01,06:12,88,4.250,,Run,,,,T=30C
2025-07-01,06:17,87,4.241,,Run,,,,T=30C
2025-07-01,06:22,86,4.235,,Run,,,,T=30C
2025-07-01,06:27,86,4.226,,Run,,,,T=30C
2025-07-01,06:32,85,4.217,,Run,,,,T=30C
2025-07-01,06:37,84,4.208,,Run,,,,T=30C
2025-07-01,06:47,83,4.195,,Run,,,,T=30C
2025-07-02,13:07,,,,Strength,45:51,HRM,Off,
2025-07-02,13:09,92,4.318,,Strength,,,,T=29C
2025-07-02,13:14,91,4.318,,Strength,,,,T=27C
2025-07-02,13:19,91,4.318,,Strength,,,,T=27C
2025-07-02,13:24,91,4.319,,Strength,,,,T=27C
2025-07-02,13:29,91,4.319,,Strength,,,,T=27C
2025-07-02,13:34,91,4.314,,Strength,,,,T=26C
2025-07-02,13:39,91,4.313,,Strength,,,,T=26C
2025-07-02,13:44,91,4.317,,Strength,,,,T=27C
2025-07-02,13:49,91,4.311,,Strength,,,,T=27C
2025-07-02,13:54,91,4.313,,Strength,,,,T=27C
2025-07-03,06:53,,,,Track Run,46:34,HRM+Power+Stryd+Stryd Power,All-systems,
2025-07-03,06:57,94,4.355,,Track Run,,,,T=30C
2025-07-03,07:02,94,4.341,,Track Run,,,,T=29C
2025-07-03,07:07,94,4.353,,Track Run,,,,T=29C
2025-07-03,07:12,93,4.341,,Track Run,,,,T=29C
2025-07-03,07:17,93,4.337,,Track Run,,,,T=29C
2025-07-03,07:22,92,4.335,,Track Run,,,,T=29C
2025-07-03,07:27,92,4.328,,Track Run,,,,T=30C
2025-07-03,07:32,91,4.324,,Track Run,,,,T=29C
2025-07-03,07:37,91,4.318,,Track Run,,,,T=30C
2025-07-03,07:42,91,4.318,,Track Run,,,,T=31C
2025-07-03,13:20,95,4.376,,Pool Swim,24:37,HRM Pro+Tempe,Off,T=30C
2025-07-03,13:22,95,4.376,,Pool Swim,,,,T=30C
2025-07-03,13:27,95,4.370,,Pool Swim,,,,T=30C
2025-07-03,13:32,95,4.370,,Pool Swim,,,,T=30C
2025-07-03,13:37,95,4.370,,Pool Swim,,,,T=30C
2025-07-03,13:42,95,4.368,,Pool Swim,,,,T=30C
2025-07-04,07:02,95,4.362,,Track Run,39:03,HRM+Stryd Power+Stryd+Tempe,All-systems,T=30C
2025-07-04,07:04,95,4.362,,Track Run,,,,T=30C
2025-07-04,07:14,94,4.351,,Track Run,,,,T=29C
2025-07-04,07:19,94,4.349,,Track Run,,,,T=30C
2025-07-04,07:24,93,4.340,,Track Run,,,,T=29C
2025-07-04,07:29,93,4.344,,Track Run,,,,T=30C
2025-07-04,07:34,92,4.334,,Track Run,,,,T=31C
2025-07-04,07:39,92,4.335,,Track Run,,,,T=30C
2025-07-04,07:44,92,4.336,,Track Run,,,,T=32C
2025-07-04,13:14,96,4.377,,Strength,48:35,HRM+Tempe,Off,T=30C
2025-07-04,13:16,96,4.377,,Strength,,,,T=30C
2025-07-04,13:21,96,4.383,,Strength,,,,T=28C
2025-07-04,13:31,95,4.380,,Strength,,,,T=27C
2025-07-04,13:36,95,4.378,,Strength,,,,T=26C
2025-07-04,13:46,95,4.376,,Strength,,,,T=25C
2025-07-04,13:51,95,4.377,,Strength,,,,T=25C
2025-07-04,13:56,95,4.375,,Strength,,,,T=25C
2025-07-04,14:01,95,4.371,,Strength,,,,T=26C
2025-07-07,06:52,83,4.216,,Track Run,23:54,HRM+Power+Stryd+Tempe+Stryd Power,All-systems,T=30C
2025-07-07,06:53,83,4.216,,Track Run,,,,T=30C
2025-07-07,06:58,83,4.220,,Track Run,,,,T=30C
2025-07-07,07:03,82,4.178,,Track Run,,,,T=30C
2025-07-07,07:08,82,4.210,,Track Run,,,,T=31C
2025-07-07,07:18,81,4.204,,Track Run,,,,T=31C
2025-07-07,07:21,,,,Track Run,16:19,HRM+Stryd Power+Stryd+Tempe,All-systems,
2025-07-07,07:23,81,4.197,,Track Run,,,,T=31C
2025-07-07,07:28,80,4.187,,Track Run,,,,T=31C
2025-07-07,07:33,80,4.181,,Track Run,,,,T=32C
2025-07-07,07:38,79,4.176,,Track Run,,,,T=32C
2025-07-07,13:22,,,,Pool Swim,26:22,Tempe+HRM Pro,Off,
2025-07-07,13:26,94,4.346,,Pool Swim,,,,T=31C
2025-07-07,13:31,93,4.344,,Pool Swim,,,,T=31C
2025-07-07,13:36,93,4.340,,Pool Swim,,,,T=31C
2025-07-07,13:41,93,4.333,,Pool Swim,,,,T=31C
2025-07-07,13:46,93,4.334,,Pool Swim,,,,T=31C
2025-07-08,07:10,,,,Track Run,38:00,HRM+Stryd Power+Stryd+Tempe,All-systems,
2025-07-08,07:13,95,4.357,,Track Run,,,,T=32C
2025-07-08,07:18,95,4.350,,Track Run,,,,T=31C
2025-07-08,07:23,95,4.346,,Track Run,,,,T=30C
2025-07-08,07:28,94,4.342,,Track Run,,,,T=30C
2025-07-08,07:33,94,4.337,,Track Run,,,,T=31C
2025-07-08,07:38,93,4.335,,Track Run,,,,T=31C
2025-07-08,07:43,93,4.328,,Track Run,,,,T=31C
2025-07-08,13:07,,,,Strength,42:05,HRM+Power+Stryd+Tempe+Stryd Power,Off,
2025-07-08,13:12,96,4.371,,Strength,,,,T=29C
2025-07-08,13:17,96,4.366,,Strength,,,,T=28C
2025-07-08,13:22,96,4.370,,Strength,,,,T=28C
2025-07-08,13:27,95,4.363,,Strength,,,,T=28C
2025-07-08,13:37,95,4.366,,Strength,,,,T=27C
2025-07-08,13:42,95,4.365,,Strength,,,,T=27C
2025-07-08,13:47,95,4.364,,Strength,,,,T=27C
2025-07-09,07:03,,,,Track Run,27:56,HRM+Stryd Power+Stryd+Tempe,All-systems,
2025-07-09,07:06,89,4.282,,Track Run,,,,T=31C
2025-07-09,07:11,88,4.283,,Track Run,,,,T=31C
2025-07-09,07:16,88,4.270,,Track Run,,,,T=31C
2025-07-09,07:21,87,4.268,,Track Run,,,,T=31C
2025-07-09,07:26,87,4.265,,Track Run,,,,T=32C
2025-07-09,07:31,87,4.258,,Track Run,,,,T=32C
2025-07-09,13:21,,,,Track Run,45:04,HRM+Stryd Power+Stryd+Tempe,All-systems,
2025-07-09,13:31,85,4.240,,Track Run,,,,T=34C
2025-07-09,13:36,84,4.236,,Track Run,,,,T=34C
2025-07-09,13:41,84,4.229,,Track Run,,,,T=35C
2025-07-09,13:46,83,4.225,,Track Run,,,,T=35C
2025-07-09,13:56,83,4.210,,Track Run,,,,T=35C
2025-07-09,14:01,82,4.208,,Track Run,,,,T=35C
2025-07-09,14:06,82,4.207,,Track Run,,,,T=34C
2025-07-10,07:01,91,4.306,,Track Run,29:14,HRM+Stryd Power+Stryd+Tempe,All-systems,T=30C
2025-07-10,07:02,91,4.306,,Track Run,,,,T=30C
2025-07-10,07:07,91,4.304,,Track Run,,,,T=29C
2025-07-10,07:12,90,4.300,,Track Run,,,,T=29C
2025-07-10,07:17,90,4.285,,Track Run,,,,T=29C
2025-07-10,07:22,90,4.295,,Track Run,,,,T=29C
2025-07-10,07:27,89,4.281,,Track Run,,,,T=29C
2025-07-10,13:22,96,4.370,,Strength,46:14,HRM+Tempe,Off,T=26C
2025-07-10,13:23,96,4.370,,Strength,,,,T=26C
2025-07-10,13:28,96,4.368,,Strength,,,,T=25C
2025-07-10,13:33,96,4.366,,Strength,,,,T=25C
2025-07-10,13:38,96,4.372,,Strength,,,,T=25C
2025-07-10,13:43,96,4.370,,Strength,,,,T=25C
2025-07-10,13:48,95,4.371,,Strength,,,,T=25C
2025-07-10,13:53,95,4.369,,Strength,,,,T=27C
2025-07-10,13:58,95,4.370,,Strength,,,,T=27C
2025-07-10,14:03,95,4.370,,Strength,,,,T=27C
2025-07-11,07:01,,,,Track Run,43:13,HRM+Stryd+Tempe,All-systems,
2025-07-11,07:03,95,4.340,,Track Run,,,,T=30C
2025-07-11,07:08,94,4.331,,Track Run,,,,T=29C
2025-07-11,07:13,94,4.331,,Track Run,,,,T=28C
2025-07-11,07:18,93,4.316,,Track Run,,,,T=28C
2025-07-11,07:23,92,4.313,,Track Run,,,,T=29C
2025-07-11,07:28,92,4.305,,Track Run,,,,T=29C
2025-07-11,07:33,91,4.295,,Track Run,,,,T=29C
2025-07-11,07:38,91,4.294,,Track Run,,,,T=29C
2025-07-11,07:43,90,4.246,,Track Run,,,,T=29C
2025-07-11,13:24,97,4.371,,Pool Swim,26:59,HRM Pro+Tempe,Off,from fixed/edited file T=29C
2025-07-11,13:29,96,4.368,,Pool Swim,,,,T=30C
2025-07-11,13:34,96,4.318,,Pool Swim,,,,T=29C
2025-07-11,13:39,96,4.365,,Pool Swim,,,,T=30C
2025-07-11,13:44,95,4.362,,Pool Swim,,,,T=30C
2025-07-11,13:49,95,4.361,,Pool Swim,,,,T=30C
2025-07-14,06:59,78,4.158,,Track Run,25:55,HRM+Power+Stryd+Tempe+Stryd Power,All-systems,T=31C
2025-07-14,07:00,78,4.158,,Track Run,,,,T=31C
2025-07-14,07:05,78,4.162,,Track Run,,,,T=31C
2025-07-14,07:10,78,4.150,,Track Run,,,,T=30C
2025-07-14,07:15,77,4.152,,Track Run,,,,T=30C
2025-07-14,07:20,77,4.139,,Track Run,,,,T=30C
2025-07-14,07:25,76,4.131,,Track Run,,,,T=30C
2025-07-14,07:30,76,4.138,,Track Run,,,,T=31C
2025-07-14,13:15,,,,Strength,47:33,HRM+Stryd Power+Stryd+Tempe,Off,
2025-07-14,13:19,96,4.369,,Strength,,,,T=30C
2025-07-14,13:24,96,4.370,,Strength,,,,T=29C
2025-07-14,13:34,96,4.368,,Strength,,,,T=28C
2025-07-14,13:39,96,4.368,,Strength,,,,T=28C
2025-07-14,13:44,95,4.365,,Strength,,,,T=28C
2025-07-14,13:49,95,4.365,,Strength,,,,T=28C
2025-07-14,13:54,95,4.359,,Strength,,,,T=28C
2025-07-14,13:59,95,4.362,,Strength,,,,T=28C
2025-07-14,14:04,95,4.362,,Strength,,,,T=28C
2025-07-15,06:52,91,4.305,,Track Run,29:38,HRM+Stryd Power+Stryd+Tempe,All-systems,T=31C
2025-07-15,06:53,91,4.305,,Track Run,,,,T=31C
2025-07-15,06:58,90,4.302,,Track Run,,,,T=31C
2025-07-15,07:03,90,4.290,,Track Run,,,,T=30C
2025-07-15,07:08,89,4.289,,Track Run,,,,T=30C
2025-07-15,07:13,89,4.283,,Track Run,,,,T=30C
2025-07-15,07:18,88,4.276,,Track Run,,,,T=31C
2025-07-15,07:23,88,4.280,,Track Run,,,,T=31C
2025-07-15,13:24,93,4.330,,Pool Swim,26:08,HRM Pro+Tempe,Off,T=31C
2025-07-15,13:29,93,4.334,,Pool Swim,,,,T=31C
2025-07-15,13:34,92,4.330,,Pool Swim,,,,T=31C
2025-07-15,13:39,92,4.330,,Pool Swim,,,,T=31C
2025-07-15,13:44,92,4.326,,Pool Swim,,,,T=31C
2025-07-15,13:49,92,4.331,,Pool Swim,,,,T=30C
2025-07-15,23:26,,,,Run,59:39,HRM+Power+Stryd+Tempe+Stryd Power,All-systems Multiband,
2025-07-15,23:29,92,4.308,,Run,,,,T=31C
2025-07-15,23:34,91,4.302,,Run,,,,T=30C
2025-07-15,23:39,91,4.295,,Run,,,,T=30C
2025-07-15,23:44,90,4.289,,Run,,,,T=30C
2025-07-15,23:49,89,4.281,,Run,,,,T=31C
2025-07-15,23:54,89,4.277,,Run,,,,T=31C
2025-07-15,23:59,88,4.268,,Run,,,,T=31C
2025-07-16,00:04,88,4.265,,Run,,,,T=31C
2025-07-16,00:09,87,4.256,,Run,,,,T=31C
2025-07-16,00:14,87,4.251,,Run,,,,T=31C
2025-07-16,00:19,86,4.245,,Run,,,,T=31C
2025-07-16,00:24,86,4.237,,Run,,,,T=31C
2025-07-16,00:29,85,4.232,,Run,,,,T=32C
2025-07-16,13:12,,,,Strength,47:49,HRM+Tempe,Off,
2025-07-16,13:15,86,4.270,,Strength,,,,T=30C
2025-07-16,13:20,86,4.268,,Strength,,,,T=28C
2025-07-16,13:25,86,4.263,,Strength,,,,T=28C
2025-07-16,13:30,86,4.261,,Strength,,,,T=28C
2025-07-16,13:35,86,4.265,,Strength,,,,T=27C
2025-07-16,13:45,86,4.260,,Strength,,,,T=27C
2025-07-16,13:50,86,4.261,,Strength,,,,T=27C
2025-07-16,13:55,85,4.261,,Strength,,,,T=27C
2025-07-16,14:00,85,4.257,,Strength,,,,T=27C
2025-07-17,06:55,84,4.222,,Track Run,09:50,HRM+Power+Stryd+Tempe+Stryd Power,All-systems,T=32C
2025-07-17,06:57,84,4.222,,Track Run,,,,T=32C
2025-07-17,07:02,83,4.213,,Track Run,,,,T=31C
2025-07-17,07:10,82,4.195,,Track Run,19:24,HRM+Stryd Power+Stryd+Tempe,All-systems,T=31C
2025-07-17,07:12,82,4.195,,Track Run,,,,T=31C
2025-07-17,07:17,82,4.201,,Track Run,,,,T=31C
2025-07-17,07:22,82,4.191,,Track Run,,,,T=31C
2025-07-17,07:27,81,4.198,,Track Run,,,,T=32C
2025-07-17,13:26,,,,Pool Swim,23:43,Tempe,Off,from fixed/edited file
2025-07-17,13:35,95,4.358,,Pool Swim,,,,T=32C
2025-07-17,13:40,95,4.351,,Pool Swim,,,,T=32C
2025-07-17,13:50,94,4.353,,Pool Swim,,,,T=32C
2025-07-18,07:05,93,4.325,,Track Run,24:01,Power+Stryd+Tempe+Stryd Power,All-systems,T=31C
2025-07-18,07:06,93,4.325,,Track Run,,,,T=31C
2025-07-18,07:16,92,4.313,,Track Run,,,,T=30C
2025-07-18,07:21,92,4.306,,Track Run,,,,T=30C
2025-07-18,07:26,92,4.304,,Track Run,,,,T=30C
2025-07-18,13:11,,,,Cardio,52:27,HRM,Off,
2025-07-18,13:15,91,4.320,,Cardio,,,,T=27C
2025-07-18,13:20,91,4.316,,Cardio,,,,T=26C
2025-07-18,13:30,91,4.315,,Cardio,,,,T=27C
2025-07-18,13:35,90,4.311,,Cardio,,,,T=28C
2025-07-18,13:40,90,4.309,,Cardio,,,,T=28C
2025-07-18,13:50,90,4.298,,Cardio,,,,T=25C
2025-07-18,13:55,90,4.301,,Cardio,,,,T=25C
2025-07-18,14:05,89,4.296,,Cardio,,,,T=26C
2025-07-21,07:01,,,,Track Run,39:52,HRM+Power+Stryd+Tempe+Stryd Power,All-systems,
2025-07-21,07:06,82,4.213,,Track Run,,,,T=30C
2025-07-21,07:11,82,4.204,,Track Run,,,,T=29C
2025-07-21,07:16,81,4.203,,Track Run,,,,T=29C
2025-07-21,07:21,81,4.191,,Track Run,,,,T=29C
2025-07-21,07:26,80,4.193,,Track Run,,,,T=30C
2025-07-21,07:31,80,4.184,,Track Run,,,,T=30C
2025-07-21,07:36,79,4.178,,Track Run,,,,T=30C
2025-07-21,07:41,79,4.174,,Track Run,,,,T=29C
2025-07-22,07:01,,,,Track Run,27:57,HRM+Power+Stryd+Tempe+Stryd Power,All-systems,
2025-07-22,07:06,84,4.238,,Track Run,,,,T=30C
2025-07-22,07:11,84,4.229,,Track Run,,,,T=29C
2025-07-22,07:16,83,4.231,,Track Run,,,,T=29C
2025-07-22,07:21,83,4.219,,Track Run,,,,T=30C
2025-07-22,07:31,82,4.214,,Track Run,,,,T=29C
2025-07-22,13:19,90,4.301,,Pool Swim,30:59,HRM Pro+Tempe,Off,T=30C
2025-07-22,13:24,89,4.304,,Pool Swim,,,,T=29C
2025-07-22,13:29,89,4.303,,Pool Swim,,,,T=29C
2025-07-22,13:39,88,4.289,,Pool Swim,,,,T=29C
2025-07-22,13:44,88,4.295,,Pool Swim,,,,T=29C
2025-07-23,07:03,88,4.278,,Track Run,24:02,HRM+Power+Stryd+Tempe+Stryd Power,All-systems,T=30C
2025-07-23,07:04,88,4.278,,Track Run,,,,T=30C
2025-07-23,07:09,88,4.276,,Track Run,,,,T=29C
2025-07-23,07:14,87,4.270,,Track Run,,,,T=28C
2025-07-23,07:19,87,4.265,,Track Run,,,,T=28C
2025-07-23,07:24,86,4.260,,Track Run,,,,T=28C
2025-07-23,07:29,86,4.254,,Track Run,,,,T=29C
2025-07-23,13:15,92,4.337,,Strength,51:44,HRM+Tempe,Off,T=29C
2025-07-23,13:17,92,4.337,,Strength,,,,T=29C
2025-07-23,13:22,92,4.338,,Strength,,,,T=28C
2025-07-23,13:27,92,4.343,,Strength,,,,T=27C
2025-07-23,13:32,92,4.340,,Strength,,,,T=27C
2025-07-23,13:42,92,4.339,,Strength,,,,T=26C
2025-07-23,13:47,92,4.337,,Strength,,,,T=27C
2025-07-23,13:52,92,4.335,,Strength,,,,T=26C
2025-07-23,13:57,91,4.335,,Strength,,,,T=27C
2025-07-23,14:02,91,4.335,,Strength,,,,T=26C
2025-07-24,06:57,92,4.331,,Cardio,1:04:41,HRM+Tempe,Off,T=30C
2025-07-24,06:58,92,4.331,,Cardio,,,,T=30C
2025-07-24,07:03,91,4.323,,Cardio,,,,T=29C
2025-07-24,07:08,91,4.320,,Cardio,,,,T=27C
2025-07-24,07:13,91,4.320,,Cardio,,,,T=27C
2025-07-24,07:18,91,4.317,,Cardio,,,,T=27C
2025-07-24,07:23,91,4.315,,Cardio,,,,T=27C
2025-07-24,07:28,90,4.315,,Cardio,,,,T=27C
2025-07-24,07:33,90,4.310,,Cardio,,,,T=28C
2025-07-24,07:38,90,4.310,,Cardio,,,,T=28C
2025-07-24,07:43,90,4.308,,Cardio,,,,T=27C
2025-07-24,07:48,90,4.305,,Cardio,,,,T=26C
2025-07-24,07:53,89,4.302,,Cardio,,,,T=26C
2025-07-24,07:58,89,4.298,,Cardio,,,,T=26C
2025-07-24,13:30,,,,Pool Swim,23:50,Tempe,Off,
2025-07-24,13:34,95,4.365,,Pool Swim,,,,T=29C
2025-07-24,13:39,95,4.368,,Pool Swim,,,,T=29C
2025-07-24,13:44,95,4.358,,Pool Swim,,,,T=29C
2025-07-24,13:49,94,4.355,,Pool Swim,,,,T=29C
2025-07-25,06:51,,,,Track Run,37:39,HRM+Power+Stryd+Tempe+Stryd Power,All-systems,
2025-07-25,06:54,93,4.333,,Track Run,,,,T=31C
2025-07-25,06:59,92,4.333,,Track Run,,,,T=30C
2025-07-25,07:04,92,4.322,,Track Run,,,,T=30C
2025-07-25,07:09,91,4.325,,Track Run,,,,T=29C
2025-07-25,07:14,91,4.310,,Track Run,,,,T=30C
2025-07-25,07:19,91,4.316,,Track Run,,,,T=30C
2025-07-25,07:24,90,4.311,,Track Run,,,,T=30C
2025-07-25,07:29,90,4.306,,Track Run,,,,T=31C
2025-07-25,13:19,95,4.368,,Strength,47:05,HRM+Stryd Power+Stryd+Tempe,Off,T=30C
2025-07-25,13:20,95,4.368,,Strength,,,,T=30C
2025-07-25,13:25,95,4.373,,Strength,,,,T=29C
2025-07-25,13:30,95,4.365,,Strength,,,,T=28C
2025-07-25,13:40,95,4.365,,Strength,,,,T=28C
2025-07-25,13:45,94,4.366,,Strength,,,,T=27C
2025-07-25,13:50,94,4.361,,Strength,,,,T=28C
2025-07-25,13:55,94,4.360,,Strength,,,,T=27C
2025-07-25,14:00,94,4.361,,Strength,,,,T=27C
2025-07-25,14:05,94,4.360,,Strength,,,,T=27C
2025-07-28,06:56,,,,Track Run,27:57,HRM+Power+Stryd+Tempe+Stryd Power,All-systems,
2025-07-28,07:01,80,4.185,,Track Run,,,,T=31C
2025-07-28,07:06,79,4.170,,Track Run,,,,T=30C
2025-07-28,07:11,79,4.173,,Track Run,,,,T=30C
2025-07-28,07:16,78,4.161,,Track Run,,,,T=30C
2025-07-28,07:21,78,4.162,,Track Run,,,,T=31C
2025-07-28,07:26,77,4.164,,Track Run,,,,T=31C
2025-07-28,13:15,91,4.322,,Strength,45:31,HRM,Off,T=30C
2025-07-28,13:20,91,4.323,,Strength,,,,T=29C
2025-07-28,13:30,91,4.325,,Strength,,,,T=28C
2025-07-28,13:35,91,4.328,,Strength,,,,T=28C
2025-07-28,13:40,90,4.319,,Strength,,,,T=28C
2025-07-28,13:45,90,4.325,,Strength,,,,T=28C
2025-07-28,13:50,90,4.325,,Strength,,,,T=28C
2025-07-28,13:55,90,4.316,,Strength,,,,T=28C
2025-07-28,14:00,90,4.319,,Strength,,,,T=28C
2025-07-28,14:05,90,4.318,,Strength,,,,T=28C
2025-07-29,07:03,,,,Track Run,39:03,HRM+Power+Stryd+Tempe+Stryd Power,All-systems,
2025-07-29,07:05,92,4.321,,Track Run,,,,T=31C
2025-07-29,07:10,91,4.315,,Track Run,,,,T=29C
2025-07-29,07:15,91,4.309,,Track Run,,,,T=28C
2025-07-29,07:20,90,4.305,,Track Run,,,,T=29C
2025-07-29,07:25,90,4.301,,Track Run,,,,T=28C
2025-07-29,07:30,89,4.296,,Track Run,,,,T=28C
2025-07-29,07:35,89,4.289,,Track Run,,,,T=27C
2025-07-29,07:40,88,4.283,,Track Run,,,,T=27C
2025-07-29,13:32,,,,Pool Swim,35:05,HRM Pro,Off,from fixed/edited file
2025-07-29,13:37,90,4.311,,Pool Swim,,,,T=30C
2025-07-29,13:42,90,4.314,,Pool Swim,,,,T=30C
2025-07-29,13:47,90,4.308,,Pool Swim,,,,T=30C
2025-07-29,13:52,90,4.304,,Pool Swim,,,,T=30C
2025-07-29,13:57,89,4.302,,Pool Swim,,,,T=30C
2025-07-29,14:02,89,4.297,,Pool Swim,,,,T=30C
2025-07-30,07:17,,,,Track Run,22:48,HRM+Stryd Power+Stryd+Tempe,All-systems,
2025-07-30,07:25,94,4.333,,Track Run,,,,T=30C
2025-07-30,07:30,93,4.326,,Track Run,,,,T=30C
2025-07-30,07:35,93,4.320,,Track Run,,,,T=30C
2025-07-30,07:40,93,4.317,,Track Run,,,,T=30C
2025-07-30,13:15,,,,Strength,44:57,Power+Stryd+Tempe+Stryd Power,Off,
2025-07-30,13:19,95,4.352,,Strength,,,,T=29C
2025-07-30,13:24,94,4.346,,Strength,,,,T=29C
2025-07-30,13:29,94,4.344,,Strength,,,,T=28C
2025-07-30,13:34,94,4.341,,Strength,,,,T=28C
2025-07-30,13:39,94,4.345,,Strength,,,,T=28C
2025-07-30,13:44,94,4.341,,Strength,,,,T=29C
2025-07-30,13:49,93,4.338,,Strength,,,,T=28C
2025-07-30,13:54,93,4.337,,Strength,,,,T=28C
2025-07-30,13:59,93,4.335,,Strength,,,,T=28C
2025-07-31,07:07,,,,Track Run,28:34,HRM+Power+Stryd+Tempe+Stryd Power,All-systems,
2025-07-31,07:15,89,4.279,,Track Run,,,,T=30C
2025-07-31,07:20,88,4.271,,Track Run,,,,T=30C
2025-07-31,07:25,88,4.268,,Track Run,,,,T=30C
2025-07-31,07:30,88,4.262,,Track Run,,,,T=30C
2025-07-31,07:35,87,4.258,,Track Run,,,,T=30C
2025-07-31,13:18,84,4.228,,Pool Swim,24:40,Tempe,Off,T=30C
2025-07-31,13:19,84,4.228,,Pool Swim,,,,T=30C
2025-07-31,13:24,83,4.228,,Pool Swim,,,,T=30C
2025-07-31,13:29,83,4.224,,Pool Swim,,,,T=30C
2025-07-31,13:34,83,4.220,,Pool Swim,,,,T=30C
2025-07-31,13:39,83,4.218,,Pool Swim,,,,T=30C
2025-08-01,06:56,,,,Track Run,29:51,HRM+Stryd Power+Stryd+Tempe,All-systems,
2025-08-01,07:00,82,4.201,,Track Run,,,,T=31C
2025-08-01,07:05,81,4.188,,Track Run,,,,T=30C
2025-08-01,07:10,81,4.191,,Track Run,,,,T=30C
2025-08-01,07:15,80,4.184,,Track Run,,,,T=30C
2025-08-01,07:20,80,4.178,,Track Run,,,,T=30C
2025-08-01,07:25,79,4.167,,Track Run,,,,T=31C
2025-08-01,13:13,,,,Cardio,53:30,HRM+Power+Stryd+Tempe+Stryd Power,Off,
2025-08-01,13:15,96,4.363,,Cardio,,,,T=30C
2025-08-01,13:25,96,4.361,,Cardio,,,,T=28C
2025-08-01,13:35,95,4.356,,Cardio,,,,T=27C
2025-08-01,13:40,95,4.353,,Cardio,,,,T=26C
2025-08-01,13:45,95,4.351,,Cardio,,,,T=26C
2025-08-01,13:55,94,4.345,,Cardio,,,,T=27C
2025-08-01,14:00,94,4.344,,Cardio,,,,T=27C
2025-08-01,14:05,94,4.343,,Cardio,,,,T=27C
2025-08-04,07:08,,,,Track Run,30:21,HRM+Power+Stryd+Tempe+Stryd Power,All-systems,
2025-08-04,07:13,76,4.123,,Track Run,,,,T=28C
2025-08-04,07:18,75,4.118,,Track Run,,,,T=27C
2025-08-04,07:23,75,4.110,,Track Run,,,,T=28C
2025-08-04,07:28,75,4.108,,Track Run,,,,T=28C
2025-08-04,07:33,74,4.102,,Track Run,,,,T=28C
2025-08-04,07:38,74,4.096,,Track Run,,,,T=28C
2025-08-04,13:36,74,4.115,,Pool Swim,23:59,HRM Pro+Tempe,Off,T=29C
2025-08-04,13:37,74,4.115,,Pool Swim,,,,T=29C
2025-08-04,13:42,74,4.110,,Pool Swim,,,,T=29C
2025-08-04,13:47,74,4.103,,Pool Swim,,,,T=29C
2025-08-04,13:52,73,4.105,,Pool Swim,,,,T=29C
2025-08-04,13:57,73,4.100,,Pool Swim,,,,T=29C
2025-08-06,07:05,73,4.090,,Track Run,26:36,Power+Stryd+Tempe+Stryd Power,All-systems,T=30C
2025-08-06,07:07,73,4.090,,Track Run,,,,T=30C
2025-08-06,07:12,72,4.082,,Track Run,,,,T=29C
2025-08-06,07:17,72,4.069,,Track Run,,,,T=29C
2025-08-06,07:22,71,4.069,,Track Run,,,,T=29C
2025-08-06,07:27,71,4.064,,Track Run,,,,T=29C
2025-08-06,07:32,70,4.049,,Track Run,,,,T=29C
2025-08-06,13:17,,,,Strength,44:16,HRM+Tempe,Off,
2025-08-06,13:20,88,4.281,,Strength,,,,T=27C
2025-08-06,13:25,88,4.275,,Strength,,,,T=26C
2025-08-06,13:30,88,4.279,,Strength,,,,T=26C
2025-08-06,13:35,88,4.277,,Strength,,,,T=26C
2025-08-06,13:40,87,4.276,,Strength,,,,T=26C
2025-08-06,13:45,87,4.275,,Strength,,,,T=27C
2025-08-06,13:50,87,4.266,,Strength,,,,T=27C
2025-08-06,14:00,87,4.270,,Strength,,,,T=27C
2025-08-07,13:24,78,4.158,,Pool Swim,23:48,Tempe,Off,T=30C
2025-08-07,13:25,78,4.158,,Pool Swim,,,,T=30C
2025-08-07,13:30,78,4.159,,Pool Swim,,,,T=29C
2025-08-07,13:35,78,4.155,,Pool Swim,,,,T=29C
2025-08-07,13:40,77,4.157,,Pool Swim,,,,T=29C
2025-08-07,13:45,77,4.153,,Pool Swim,,,,T=29C
2025-08-08,04:44,84,4.211,,Run,31:06,Power+Stryd+Stryd Power,All-systems Multiband,T=31C
2025-08-08,04:45,84,4.211,,Run,,,,T=31C
2025-08-08,04:50,83,4.208,,Run,,,,T=29C
2025-08-08,04:55,83,4.202,,Run,,,,T=28C
2025-08-08,05:00,82,4.197,,Run,,,,T=28C
2025-08-08,05:05,82,4.193,,Run,,,,T=28C
2025-08-08,05:10,81,4.185,,Run,,,,T=28C
2025-08-08,05:15,81,4.172,,Run,,,,T=28C
2025-08-08,13:20,,,,Strength,47:28,HRM+Tempe,Off,
2025-08-08,13:22,83,4.222,,Strength,,,,T=29C
2025-08-08,13:27,83,4.218,,Strength,,,,T=28C
2025-08-08,13:32,83,4.223,,Strength,,,,T=27C
2025-08-08,13:37,83,4.221,,Strength,,,,T=26C
2025-08-08,13:42,83,4.220,,Strength,,,,T=26C
2025-08-08,13:47,83,4.219,,Strength,,,,T=26C
2025-08-08,13:52,82,4.216,,Strength,,,,T=27C
2025-08-08,13:57,82,4.217,,Strength,,,,T=27C
2025-08-08,14:02,82,4.215,,Strength,,,,T=27C
2025-08-11,06:55,93,4.328,,Track Run,29:47,HRM+Stryd Power+Stryd+Tempe,All-systems,T=32C
2025-08-11,07:00,93,4.328,,Track Run,,,,T=30C
2025-08-11,07:05,92,4.322,,Track Run,,,,T=30C
2025-08-11,07:10,92,4.316,,Track Run,,,,T=30C
2025-08-11,07:15,92,4.316,,Track Run,,,,T=30C
2025-08-11,07:20,91,4.306,,Track Run,,,,T=30C
2025-08-11,13:15,,,,Strength,37:21,Tempe,Off,
2025-08-11,13:23,91,4.321,,Strength,,,,T=27C
2025-08-11,13:28,91,4.316,,Strength,,,,T=26C
2025-08-11,13:38,91,4.316,,Strength,,,,T=26C
2025-08-11,13:43,91,4.316,,Strength,,,,T=26C
2025-08-11,13:48,91,4.315,,Strength,,,,T=26C
2025-08-11,13:53,91,4.312,,Strength,,,,T=27C
2025-08-11,13:58,91,4.308,,Strength,,,,T=27C
2025-08-11,23:23,,,,Run,55:58,Stryd Power+Stryd+Tempe,All-systems Multiband,
2025-08-11,23:28,86,4.247,,Run,,,,T=31C
2025-08-11,23:33,86,4.236,,Run,,,,T=30C
2025-08-11,23:38,85,4.237,,Run,,,,T=30C
2025-08-11,23:43,85,4.226,,Run,,,,T=30C
2025-08-11,23:48,84,4.225,,Run,,,,T=30C
2025-08-11,23:53,84,4.213,,Run,,,,T=30C
2025-08-11,23:58,83,4.213,,Run,,,,T=30C
2025-08-12,00:03,83,4.205,,Run,,,,T=30C
2025-08-12,00:08,82,4.204,,Run,,,,T=30C
2025-08-12,00:13,82,4.192,,Run,,,,T=30C
2025-08-12,00:18,82,4.189,,Run,,,,T=31C
2025-08-12,13:23,,,,Pool Swim,23:39,HRM Pro+Tempe,Off,
2025-08-12,13:27,97,4.369,,Pool Swim,,,,T=31C
2025-08-12,13:32,96,4.364,,Pool Swim,,,,T=31C
2025-08-12,13:37,96,4.356,,Pool Swim,,,,T=31C
2025-08-12,13:42,96,4.343,,Pool Swim,,,,T=31C
2025-08-13,07:00,,,,Track Run,33:58,HRM+Stryd+Tempe,All-systems,
2025-08-13,07:04,90,4.283,,Track Run,,,,T=31C
2025-08-13,07:09,89,4.273,,Track Run,,,,T=30C
2025-08-13,07:14,89,4.267,,Track Run,,,,T=30C
2025-08-13,07:19,88,4.260,,Track Run,,,,T=30C
2025-08-13,07:24,88,4.252,,Track Run,,,,T=31C
2025-08-13,07:29,87,4.248,,Track Run,,,,T=31C
2025-08-13,13:11,87,4.272,,Strength,43:51,Power+Stryd+Tempe+Stryd Power,Off,T=30C
2025-08-13,13:12,87,4.272,,Strength,,,,T=30C
2025-08-13,13:22,87,4.264,,Strength,,,,T=27C
2025-08-13,13:27,87,4.265,,Strength,,,,T=27C
2025-08-13,13:32,87,4.262,,Strength,,,,T=27C
2025-08-13,13:37,86,4.257,,Strength,,,,T=27C
2025-08-13,13:47,86,4.256,,Strength,,,,T=27C
2025-08-13,13:52,86,4.251,,Strength,,,,T=27C
2025-08-14,07:03,90,4.291,,Track Run,25:01,HRM+Power+Stryd+Tempe+Stryd Power,All-systems,T=29C
2025-08-14,07:08,89,4.280,,Track Run,,,,T=26C
2025-08-14,07:13,89,4.279,,Track Run,,,,T=25C
2025-08-14,07:18,89,4.265,,Track Run,,,,T=25C
2025-08-14,07:23,88,4.265,,Track Run,,,,T=25C
2025-08-14,07:28,88,4.263,,Track Run,,,,T=25C
2025-08-14,13:30,91,4.311,,Pool Swim,23:19,HRM Pro+Tempe,Off,from fixed/edited file T=29C
2025-08-14,13:31,91,4.311,,Pool Swim,,,,T=29C
2025-08-14,13:36,91,4.314,,Pool Swim,,,,T=30C
2025-08-14,13:41,91,4.308,,Pool Swim,,,,T=30C
2025-08-14,13:46,91,4.306,,Pool Swim,,,,T=30C
2025-08-14,13:51,90,4.302,,Pool Swim,,,,T=30C
2025-08-15,07:02,93,4.321,,Track Run,26:03,HRM+Stryd Power+Stryd+Tempe,All-systems,T=30C
2025-08-15,07:12,92,4.309,,Track Run,,,,T=28C
2025-08-15,07:17,91,4.302,,Track Run,,,,T=27C
2025-08-15,07:22,91,4.299,,Track Run,,,,T=28C
2025-08-15,07:27,91,4.295,,Track Run,,,,T=29C
2025-08-15,13:21,,,,Cardio,43:37,HRM+Tempe,Off,
2025-08-15,13:24,95,4.360,,Cardio,,,,T=27C
2025-08-15,13:29,95,4.349,,Cardio,,,,T=27C
2025-08-15,13:34,95,4.355,,Cardio,,,,T=26C
2025-08-15,13:39,95,4.350,,Cardio,,,,T=26C
2025-08-15,13:49,94,4.342,,Cardio,,,,T=27C
2025-08-15,13:54,94,4.340,,Cardio,,,,T=26C
2025-08-15,13:59,94,4.343,,Cardio,,,,T=26C
2025-08-15,14:04,94,4.338,,Cardio,,,,T=25C
2025-08-18,07:21,,,,Track Run,31:25,HRM+Power+Stryd+Tempe+Stryd Power,All-systems,
2025-08-18,07:23,77,4.140,,Track Run,,,,T=28C
2025-08-18,07:28,76,4.130,,Track Run,,,,T=27C
2025-08-18,07:33,76,4.121,,Track Run,,,,T=26C
2025-08-18,07:38,76,4.116,,Track Run,,,,T=27C
2025-08-18,07:43,75,4.110,,Track Run,,,,T=27C
2025-08-18,07:48,75,4.101,,Track Run,,,,T=28C
2025-08-18,13:28,,,,Pool Swim,28:15,HRM Pro+Tempe,Off,
2025-08-18,13:32,93,4.333,,Pool Swim,,,,T=28C
2025-08-18,13:42,93,4.329,,Pool Swim,,,,T=28C
2025-08-18,13:47,93,4.325,,Pool Swim,,,,T=28C
2025-08-18,13:52,92,4.315,,Pool Swim,,,,T=28C
2025-08-19,07:02,,,,Track Run,43:11,HRM+Power+Stryd+Tempe+Stryd Power,All-systems,
2025-08-19,07:07,95,4.336,,Track Run,,,,T=29C
2025-08-19,07:12,94,4.331,,Track Run,,,,T=28C
2025-08-19,07:17,94,4.326,,Track Run,,,,T=28C
2025-08-19,07:22,93,4.321,,Track Run,,,,T=28C
2025-08-19,07:27,93,4.315,,Track Run,,,,T=28C
2025-08-19,07:32,92,4.310,,Track Run,,,,T=28C
2025-08-19,07:37,92,4.305,,Track Run,,,,T=28C
2025-08-19,07:42,91,4.305,,Track Run,,,,T=28C
2025-08-19,07:47,91,4.297,,Track Run,,,,T=28C
2025-08-19,13:13,93,4.337,,Strength,49:37,HRM+Tempe,Off,T=28C
2025-08-19,13:14,93,4.337,,Strength,,,,T=28C
2025-08-19,13:19,93,4.336,,Strength,,,,T=27C
2025-08-19,13:24,93,4.330,,Strength,,,,T=26C
2025-08-19,13:29,93,4.335,,Strength,,,,T=26C
2025-08-19,13:34,92,4.333,,Strength,,,,T=26C
2025-08-19,13:39,92,4.324,,Strength,,,,T=26C
2025-08-19,13:44,92,4.332,,Strength,,,,T=26C
2025-08-19,13:49,92,4.328,,Strength,,,,T=26C
2025-08-19,13:54,92,4.329,,Strength,,,,T=26C
2025-08-19,13:59,92,4.325,,Strength,,,,T=26C
2025-08-20,04:45,,,,Run,1:16:28,HRM+Power+Stryd+Tempe+Stryd Power,All-systems Multiband,
2025-08-20,04:49,93,4.312,,Run,,,,T=30C
2025-08-20,04:54,92,4.305,,Run,,,,T=29C
2025-08-20,04:59,92,4.298,,Run,,,,T=29C
2025-08-20,05:04,91,4.291,,Run,,,,T=29C
2025-08-20,05:09,90,4.284,,Run,,,,T=29C
2025-08-20,05:14,90,4.277,,Run,,,,T=29C
2025-08-20,05:19,89,4.271,,Run,,,,T=29C
2025-08-20,05:29,88,4.262,,Run,,,,T=29C
2025-08-20,05:34,88,4.255,,Run,,,,T=29C
2025-08-20,05:39,87,4.248,,Run,,,,T=29C
2025-08-20,05:44,87,4.246,,Run,,,,T=29C
2025-08-20,05:49,86,4.231,,Run,,,,T=29C
2025-08-20,05:54,86,4.229,,Run,,,,T=29C
2025-08-20,05:59,85,4.225,,Run,,,,T=29C
2025-08-20,13:18,,,,Cardio,41:32,HRM+Power+Stryd+Stryd Power,Off,
2025-08-20,13:25,88,4.275,,Cardio,,,,T=26C
2025-08-20,13:30,88,4.270,,Cardio,,,,T=26C
2025-08-20,13:40,88,4.263,,Cardio,,,,T=24C
2025-08-20,13:45,87,4.258,,Cardio,,,,T=25C
2025-08-20,13:50,87,4.258,,Cardio,,,,T=25C
2025-08-20,13:55,87,4.255,,Cardio,,,,T=26C
2025-08-20,14:00,87,4.253,,Cardio,,,,T=26C
2025-08-21,06:52,,,,Track Run,30:24,HRM+Stryd Power+Stryd,All-systems,
2025-08-21,06:55,81,4.187,,Track Run,,,,T=31C
2025-08-21,07:00,80,4.176,,Track Run,,,,T=30C
2025-08-21,07:05,80,4.168,,Track Run,,,,T=30C
2025-08-21,07:10,79,4.165,,Track Run,,,,T=30C
2025-08-21,07:15,79,4.158,,Track Run,,,,T=30C
2025-08-21,07:20,78,4.154,,Track Run,,,,T=30C
2025-08-21,07:25,78,4.154,,Track Run,,,,T=30C
2025-08-21,13:29,,,,Pool Swim,26:12,HRM Pro+Tempe,Off,
2025-08-21,13:33,79,4.165,,Pool Swim,,,,T=29C
2025-08-21,13:38,78,4.162,,Pool Swim,,,,T=29C
2025-08-21,13:43,78,4.156,,Pool Swim,,,,T=29C
2025-08-21,13:48,78,4.080,,Pool Swim,,,,T=29C
2025-08-21,13:53,78,4.149,,Pool Swim,,,,T=29C
2025-08-22,07:09,91,4.293,,Track Run,30:31,HRM+Stryd Power+Stryd+Tempe,All-systems,T=31C
2025-08-22,07:10,91,4.293,,Track Run,,,,T=31C
2025-08-22,07:15,90,4.298,,Track Run,,,,T=30C
2025-08-22,07:20,90,4.292,,Track Run,,,,T=30C
2025-08-22,07:25,90,4.287,,Track Run,,,,T=30C
2025-08-22,07:30,89,4.278,,Track Run,,,,T=30C
2025-08-22,07:35,89,4.263,,Track Run,,,,T=30C
2025-08-22,07:40,88,4.275,,Track Run,,,,T=32C
2025-08-22,13:16,,,,Strength,43:52,HRM+Power+Stryd+Tempe+Stryd Power,Off,
2025-08-22,13:19,99,4.400,,Strength,,,,T=29C
2025-08-22,13:24,99,4.397,,Strength,,,,T=28C
2025-08-22,13:29,99,4.396,,Strength,,,,T=27C
2025-08-22,13:34,99,4.398,,Strength,,,,T=27C
2025-08-22,13:39,99,4.396,,Strength,,,,T=26C
2025-08-22,13:49,98,4.388,,Strength,,,,T=26C
2025-08-22,13:54,98,4.393,,Strength,,,,T=26C
2025-08-22,13:59,98,4.383,,Strength,,,,T=26C
2025-08-25,08:20,,,,Strength,1:03:12,HRM+Power+Stryd+Tempe+Stryd Power,Off,
2025-08-25,08:23,80,4.189,,Strength,,,,T=28C
2025-08-25,08:33,80,4.183,,Strength,,,,T=27C
2025-08-25,08:38,79,4.185,,Strength,,,,T=27C
2025-08-25,08:43,79,4.182,,Strength,,,,T=26C
2025-08-25,08:53,79,4.181,,Strength,,,,T=25C
2025-08-25,08:58,79,4.178,,Strength,,,,T=25C
2025-08-25,09:03,79,4.173,,Strength,,,,T=25C
2025-08-25,09:13,78,4.168,,Strength,,,,T=26C
2025-08-25,09:18,78,4.173,,Strength,,,,T=26C
2025-08-25,12:06,,,,Run,1:29:20,HRM+Stryd Power+Stryd+Tempe,All-systems Multiband,
2025-08-25,12:08,77,4.130,,Run,,,,T=32C
2025-08-25,12:13,76,4.125,,Run,,,,T=33C
2025-08-25,12:18,75,4.119,,Run,,,,T=34C
2025-08-25,12:23,75,4.116,,Run,,,,T=35C
2025-08-25,12:28,74,4.111,,Run,,,,T=34C
2025-08-25,12:33,74,4.101,,Run,,,,T=34C
2025-08-25,12:38,73,4.095,,Run,,,,T=34C
2025-08-25,12:43,73,4.090,,Run,,,,T=33C
2025-08-25,12:48,72,4.084,,Run,,,,T=32C
2025-08-25,12:53,72,4.073,,Run,,,,T=33C
2025-08-25,12:58,71,4.070,,Run,,,,T=34C
2025-08-25,13:03,70,4.065,,Run,,,,T=35C
2025-08-25,13:08,70,4.061,,Run,,,,T=34C
2025-08-25,13:13,69,4.053,,Run,,,,T=34C
2025-08-25,13:18,69,4.048,,Run,,,,T=35C
2025-08-25,13:23,68,4.043,,Run,,,,T=35C
2025-08-25,13:28,68,4.031,,Run,,,,T=34C
2025-08-25,13:33,67,4.021,,Run,,,,T=35C
2025-08-26,07:07,60,3.951,,Track Run,28:37,HRM+Stryd Power+Stryd+Tempe,All-systems,T=31C
2025-08-26,07:08,60,3.951,,Track Run,,,,T=31C
2025-08-26,07:13,59,3.944,,Track Run,,,,T=30C
2025-08-26,07:18,59,3.935,,Track Run,,,,T=30C
2025-08-26,07:23,58,3.937,,Track Run,,,,T=29C
2025-08-26,07:28,58,3.938,,Track Run,,,,T=30C
2025-08-26,07:33,57,3.931,,Track Run,,,,T=30C
2025-08-26,13:24,,,,Pool Swim,25:53,HRM Pro+Tempe,Off,
2025-08-26,13:27,69,4.079,,Pool Swim,,,,T=30C
2025-08-26,13:32,68,4.076,,Pool Swim,,,,T=30C
2025-08-26,13:42,68,4.073,,Pool Swim,,,,T=30C
2025-08-27,17:49,88,4.260,,Run,56:10,Stryd,All-systems Multiband,T=28C
2025-08-27,17:50,88,4.260,,Run,,,,T=28C
2025-08-27,17:55,87,4.251,,Run,,,,T=29C
2025-08-27,18:00,87,4.249,,Run,,,,T=29C
2025-08-27,18:05,86,4.240,,Run,,,,T=30C
2025-08-27,18:10,85,4.228,,Run,,,,T=31C
2025-08-27,18:15,85,4.226,,Run,,,,T=31C
2025-08-27,18:20,84,4.216,,Run,,,,T=31C
2025-08-27,18:25,84,4.215,,Run,,,,T=31C
2025-08-27,18:30,83,4.207,,Run,,,,T=31C
2025-08-27,18:35,83,4.201,,Run,,,,T=31C
2025-08-27,18:40,82,4.190,,Run,,,,T=31C
2025-08-28,07:08,77,4.138,,Track Run,29:47,HRM+Stryd Power+Stryd,All-systems,T=30C
2025-08-28,07:10,77,4.138,,Track Run,,,,T=30C
2025-08-28,07:15,76,4.132,,Track Run,,,,T=30C
2025-08-28,07:20,76,4.130,,Track Run,,,,T=29C
2025-08-28,07:25,75,4.126,,Track Run,,,,T=29C
2025-08-28,07:30,75,4.118,,Track Run,,,,T=29C
2025-08-28,07:35,74,4.111,,Track Run,,,,T=29C
2025-08-28,07:40,74,4.113,,Track Run,,,,T=30C
2025-08-28,13:15,91,4.317,,Strength,49:09,HRM+Tempe,Off,T=29C
2025-08-28,13:17,91,4.317,,Strength,,,,T=29C
2025-08-28,13:22,91,4.317,,Strength,,,,T=28C
2025-08-28,13:27,91,4.309,,Strength,,,,T=27C
2025-08-28,13:32,90,4.316,,Strength,,,,T=26C
2025-08-28,13:37,90,4.313,,Strength,,,,T=26C
2025-08-28,13:47,90,4.310,,Strength,,,,T=26C
2025-08-28,13:52,90,4.305,,Strength,,,,T=27C
2025-08-28,13:57,90,4.309,,Strength,,,,T=27C
2025-08-28,14:02,90,4.300,,Strength,,,,T=27C
2025-08-29,07:04,,,,Track Run,33:50,HRM+Power+Stryd+Tempe+Stryd Power,All-systems,
2025-08-29,07:09,86,4.246,,Track Run,,,,T=31C
2025-08-29,07:19,85,4.232,,Track Run,,,,T=30C
2025-08-29,07:24,84,4.228,,Track Run,,,,T=29C
2025-08-29,07:29,84,4.222,,Track Run,,,,T=29C
2025-08-29,07:34,84,4.218,,Track Run,,,,T=29C
2025-08-29,07:39,83,4.212,,Track Run,,,,T=31C
2025-08-29,13:21,,,,Pool Swim,26:58,HRM Pro+Tempe,Off,
2025-08-29,13:25,82,4.200,,Pool Swim,,,,T=30C
2025-08-29,13:30,81,4.197,,Pool Swim,,,,T=30C
2025-08-29,13:35,81,4.201,,Pool Swim,,,,T=30C
2025-08-29,13:40,81,4.201,,Pool Swim,,,,T=30C
2025-08-29,13:45,81,4.194,,Pool Swim,,,,T=30C
2025-09-01,07:13,,,,Track Run,35:20,HRM+Power+Stryd+Tempe+Stryd Power,All-systems,
2025-09-01,07:17,78,4.149,,Track Run,,,,T=30C
2025-09-01,07:22,77,4.142,,Track Run,,,,T=30C
2025-09-01,07:27,77,4.135,,Track Run,,,,T=30C
2025-09-01,07:32,76,4.133,,Track Run,,,,T=30C
2025-09-01,07:37,76,4.126,,Track Run,,,,T=30C
2025-09-01,07:42,75,4.123,,Track Run,,,,T=30C
2025-09-01,07:47,75,4.116,,Track Run,,,,T=30C
2025-09-01,13:25,93,4.337,,Strength,33:18,Power+Stryd+Stryd Power,Off,T=29C
2025-09-01,13:26,93,4.337,,Strength,,,,T=29C
2025-09-01,13:31,93,4.335,,Strength,,,,T=28C
2025-09-01,13:36,93,4.328,,Strength,,,,T=28C
2025-09-01,13:41,93,4.330,,Strength,,,,T=28C
2025-09-01,13:46,92,4.321,,Strength,,,,T=28C
2025-09-01,13:51,92,4.326,,Strength,,,,T=28C
2025-09-01,13:56,92,4.323,,Strength,,,,T=27C
2025-09-02,07:06,,,,Track Run,24:32,HRM+Power+Stryd+Tempe+Stryd Power,All-systems,
2025-09-02,07:09,95,4.343,,Track Run,,,,T=31C
2025-09-02,07:14,95,4.338,,Track Run,,,,T=30C
2025-09-02,07:19,94,4.336,,Track Run,,,,T=29C
2025-09-02,07:24,94,4.329,,Track Run,,,,T=30C
2025-09-02,07:29,93,4.326,,Track Run,,,,T=30C
2025-09-02,13:22,95,4.360,,Pool Swim,26:00,HRM Pro+Tempe,Off,from fixed/edited file T=31C
2025-09-02,13:23,95,4.360,,Pool Swim,,,,T=31C
2025-09-02,13:28,95,4.356,,Pool Swim,,,,T=30C
2025-09-02,13:33,95,4.351,,Pool Swim,,,,T=30C
2025-09-02,13:38,95,4.351,,Pool Swim,,,,T=30C
2025-09-02,13:43,95,4.352,,Pool Swim,,,,T=30C
2025-09-02,13:48,94,4.352,,Pool Swim,,,,T=30C
2025-09-03,07:04,,,,Track Run,38:35,HRM+Stryd Power+Stryd+Tempe,All-systems,
2025-09-03,07:08,92,4.317,,Track Run,,,,T=31C
2025-09-03,07:13,92,4.310,,Track Run,,,,T=30C
2025-09-03,07:18,92,4.303,,Track Run,,,,T=30C
2025-09-03,07:23,91,4.298,,Track Run,,,,T=30C
2025-09-03,07:28,91,4.290,,Track Run,,,,T=30C
2025-09-03,07:33,90,4.289,,Track Run,,,,T=30C
2025-09-03,07:38,90,4.284,,Track Run,,,,T=30C
2025-09-03,07:43,89,4.281,,Track Run,,,,T=31C
2025-09-03,13:16,91,4.311,,Strength,51:05,HRM+Tempe,Off,T=30C
2025-09-03,13:21,91,4.318,,Strength,,,,T=28C
2025-09-03,13:26,91,4.318,,Strength,,,,T=28C
2025-09-03,13:31,91,4.313,,Strength,,,,T=28C
2025-09-03,13:36,91,4.314,,Strength,,,,T=28C
2025-09-03,13:41,90,4.316,,Strength,,,,T=28C
2025-09-03,13:46,90,4.315,,Strength,,,,T=27C
2025-09-03,13:51,90,4.312,,Strength,,,,T=28C
2025-09-03,13:56,90,4.311,,Strength,,,,T=28C
2025-09-03,14:01,90,4.312,,Strength,,,,T=28C
2025-09-03,14:06,90,4.311,,Strength,,,,T=29C
2025-09-03,14:11,90,4.309,,Strength,,,,T=28C
2025-09-04,04:08,88,4.264,,Run,1:51:04,HRM+Stryd+Tempe,All-systems Multiband,T=31C
2025-09-04,04:09,88,4.264,,Run,,,,T=31C
2025-09-04,04:14,87,4.246,,Run,,,,T=30C
2025-09-04,04:19,86,4.235,,Run,,,,T=29C
2025-09-04,04:24,86,4.228,,Run,,,,T=29C
2025-09-04,04:29,85,4.213,,Run,,,,T=29C
2025-09-04,04:34,84,4.209,,Run,,,,T=30C
2025-09-04,04:39,84,4.204,,Run,,,,T=30C
2025-09-04,04:44,83,4.195,,Run,,,,T=30C
2025-09-04,04:49,82,4.187,,Run,,,,T=30C
2025-09-04,04:54,81,4.181,,Run,,,,T=30C
2025-09-04,04:59,81,4.171,,Run,,,,T=30C
2025-09-04,05:04,80,4.166,,Run,,,,T=30C
2025-09-04,05:09,79,4.155,,Run,,,,T=30C
2025-09-04,05:14,79,4.150,,Run,,,,T=30C
2025-09-04,05:19,78,4.138,,Run,,,,T=30C
2025-09-04,05:24,77,4.133,,Run,,,,T=30C
2025-09-04,05:29,77,4.125,,Run,,,,T=30C
2025-09-04,05:34,76,4.115,,Run,,,,T=30C
2025-09-04,05:39,75,4.105,,Run,,,,T=30C
2025-09-04,05:44,74,4.098,,Run,,,,T=30C
2025-09-04,05:49,74,4.096,,Run,,,,T=30C
2025-09-04,05:54,73,4.083,,Run,,,,T=30C
2025-09-04,05:59,72,4.077,,Run,,,,T=30C
2025-09-04,13:27,,,,Pool Swim,28:21,HRM Pro+Tempe,Off,
2025-09-04,13:34,74,4.126,,Pool Swim,,,,T=30C
2025-09-04,13:39,74,4.124,,Pool Swim,,,,T=31C
2025-09-04,13:44,74,4.120,,Pool Swim,,,,T=31C
2025-09-04,13:49,74,4.110,,Pool Swim,,,,T=31C
2025-09-04,13:54,74,4.116,,Pool Swim,,,,T=30C
2025-09-05,07:18,75,4.123,,Track Run,18:10,HRM+Power+Stryd+Tempe+Stryd Power,All-systems,T=32C
2025-09-05,07:19,75,4.123,,Track Run,,,,T=32C
2025-09-05,07:24,75,4.120,,Track Run,,,,T=32C
2025-09-05,07:29,75,4.112,,Track Run,,,,T=31C
2025-09-05,07:34,74,4.113,,Track Run,,,,T=31C
2025-09-05,13:15,88,4.275,,Cardio,40:09,HRM+Stryd Power+Stryd+Tempe,Off,T=31C
2025-09-05,13:17,88,4.275,,Cardio,,,,T=31C
2025-09-05,13:22,87,4.267,,Cardio,,,,T=30C
2025-09-05,13:32,87,4.267,,Cardio,,,,T=29C
2025-09-05,13:37,87,4.263,,Cardio,,,,T=28C
2025-09-05,13:42,87,4.257,,Cardio,,,,T=27C
2025-09-05,13:47,86,4.249,,Cardio,,,,T=27C
2025-09-05,13:57,86,4.248,,Cardio,,,,T=27C
2025-09-09,07:17,,,,Track Run,26:36,HRM+Stryd,All-systems,
2025-09-09,07:22,57,3.923,,Track Run,,,,T=30C
2025-09-09,07:27,57,3.918,,Track Run,,,,T=30C
2025-09-09,07:32,56,3.906,,Track Run,,,,T=30C
2025-09-09,07:37,55,3.905,,Track Run,,,,T=30C
2025-09-09,07:42,55,3.898,,Track Run,,,,T=30C
2025-09-09,13:14,100,4.403,,Strength,42:52,HRM+Power+Stryd+Tempe+Stryd Power,Off,T=30C
2025-09-09,13:15,100,4.403,,Strength,,,,T=30C
2025-09-09,13:20,100,4.408,,Strength,,,,T=29C
2025-09-09,13:25,100,4.405,,Strength,,,,T=28C
2025-09-09,13:35,99,4.402,,Strength,,,,T=27C
2025-09-09,13:40,99,4.396,,Strength,,,,T=27C
2025-09-09,13:45,99,4.399,,Strength,,,,T=27C
2025-09-09,13:50,99,4.398,,Strength,,,,T=27C
2025-09-09,13:55,99,4.393,,Strength,,,,T=27C
2025-09-10,07:02,,,,Run,1:00:50,HRM+Stryd Power+Stryd+Tempe,All-systems Multiband,
2025-09-10,07:10,92,4.306,,Run,,,,T=29C
2025-09-10,07:15,92,4.301,,Run,,,,T=28C
2025-09-10,07:20,91,4.292,,Run,,,,T=29C
2025-09-10,07:25,91,4.290,,Run,,,,T=29C
2025-09-10,07:30,90,4.285,,Run,,,,T=29C
2025-09-10,07:35,90,4.279,,Run,,,,T=29C
2025-09-10,07:40,89,4.273,,Run,,,,T=29C
2025-09-10,07:45,88,4.266,,Run,,,,T=29C
2025-09-10,07:50,88,4.262,,Run,,,,T=30C
2025-09-10,07:55,87,4.256,,Run,,,,T=30C
2025-09-10,08:00,87,4.245,,Run,,,,T=30C
2025-09-11,06:50,94,4.328,,Track Run,50:12,HRM+Power+Stryd+Tempe+Stryd Power,All-systems,T=29C
2025-09-11,06:51,94,4.328,,Track Run,,,,T=29C
2025-09-11,06:56,93,4.318,,Track Run,,,,T=29C
2025-09-11,07:01,93,4.315,,Track Run,,,,T=28C
2025-09-11,07:06,92,4.310,,Track Run,,,,T=28C
2025-09-11,07:11,92,4.305,,Track Run,,,,T=28C
2025-09-11,07:16,92,4.301,,Track Run,,,,T=28C
2025-09-11,07:21,91,4.296,,Track Run,,,,T=29C
2025-09-11,07:26,91,4.292,,Track Run,,,,T=29C
2025-09-11,07:31,90,4.289,,Track Run,,,,T=29C
2025-09-11,07:36,90,4.283,,Track Run,,,,T=29C
2025-09-11,07:41,89,4.279,,Track Run,,,,T=30C
2025-09-11,13:13,,,,Strength,46:25,HRM+Tempe,Off,
2025-09-11,13:16,99,4.391,,Strength,,,,T=30C
2025-09-11,13:21,99,4.388,,Strength,,,,T=28C
2025-09-11,13:26,99,4.387,,Strength,,,,T=27C
2025-09-11,13:31,98,4.389,,Strength,,,,T=26C
2025-09-11,13:36,98,4.388,,Strength,,,,T=27C
2025-09-11,13:41,98,4.387,,Strength,,,,T=26C
2025-09-11,13:46,98,4.386,,Strength,,,,T=27C
2025-09-11,13:51,98,4.387,,Strength,,,,T=27C
2025-09-11,13:56,98,4.384,,Strength,,,,T=27C
2025-09-12,07:17,93,4.317,,Run,27:52,HRM+Power+Stryd+Tempe+Stryd Power,All-systems Multiband,T=31C
2025-09-12,07:18,93,4.317,,Run,,,,T=31C
2025-09-12,07:23,92,4.314,,Run,,,,T=31C
2025-09-12,07:28,92,4.298,,Run,,,,T=31C
2025-09-12,07:33,91,4.288,,Run,,,,T=30C
2025-09-12,07:38,91,4.284,,Run,,,,T=30C
2025-09-12,07:43,90,4.280,,Run,,,,T=30C
2025-09-12,13:25,,,,Pool Swim,24:10,HRM Pro,Off,
2025-09-12,13:28,92,4.324,,Pool Swim,,,,T=29C
2025-09-12,13:33,92,4.322,,Pool Swim,,,,T=29C
2025-09-12,13:38,92,4.317,,Pool Swim,,,,T=29C
2025-09-12,13:43,92,4.319,,Pool Swim,,,,T=29C
2025-09-12,13:48,91,4.311,,Pool Swim,,,,T=29C
2025-09-15,13:23,78,4.156,,Pool Swim,24:50,HRM Pro+Tempe,Off,T=31C
2025-09-15,13:28,78,4.156,,Pool Swim,,,,T=30C
2025-09-15,13:38,77,4.148,,Pool Swim,,,,T=30C
2025-09-15,13:43,77,4.147,,Pool Swim,,,,T=30C
2025-09-16,07:00,,,,Track Run,43:58,Stryd Power+Stryd+Tempe,All-systems,
2025-09-16,07:04,86,4.237,,Track Run,,,,T=30C
2025-09-16,07:09,85,4.228,,Track Run,,,,T=30C
2025-09-16,07:14,85,4.223,,Track Run,,,,T=30C
2025-09-16,07:19,84,4.218,,Track Run,,,,T=30C
2025-09-16,07:24,84,4.211,,Track Run,,,,T=30C
2025-09-16,07:29,83,4.203,,Track Run,,,,T=30C
2025-09-16,07:34,83,4.200,,Track Run,,,,T=30C
2025-09-16,07:39,83,4.193,,Track Run,,,,T=31C
2025-09-16,13:16,,,,Strength,47:15,,Off,
2025-09-16,13:19,84,4.227,,Strength,,,,T=29C
2025-09-16,13:24,84,4.232,,Strength,,,,T=28C
2025-09-16,13:29,84,4.232,,Strength,,,,T=27C
2025-09-16,13:39,84,4.222,,Strength,,,,T=27C
2025-09-16,13:44,83,4.228,,Strength,,,,T=27C
2025-09-16,13:49,83,4.225,,Strength,,,,T=27C
2025-09-16,13:54,83,4.225,,Strength,,,,T=27C
2025-09-16,13:59,83,4.218,,Strength,,,,T=27C
2025-09-17,04:11,,,,Run,1:54:46,HRM+Stryd+Tempe,All-systems Multiband,
2025-09-17,04:16,86,4.208,,Run,,,,T=30C
2025-09-17,04:21,85,4.193,,Run,,,,T=30C
2025-09-17,04:26,85,4.180,,Run,,,,T=29C
2025-09-17,04:31,84,4.178,,Run,,,,T=29C
2025-09-17,04:36,83,4.165,,Run,,,,T=29C
2025-09-17,04:41,82,4.163,,Run,,,,T=29C
2025-09-17,04:46,82,4.153,,Run,,,,T=30C
2025-09-17,04:51,81,4.145,,Run,,,,T=30C
2025-09-17,04:56,80,4.138,,Run,,,,T=30C
2025-09-17,05:01,80,4.131,,Run,,,,T=30C
2025-09-17,05:06,79,4.123,,Run,,,,T=29C
2025-09-17,05:11,78,4.113,,Run,,,,T=30C
2025-09-17,05:16,77,4.108,,Run,,,,T=30C
2025-09-17,05:21,77,4.101,,Run,,,,T=30C
2025-09-17,05:31,75,4.086,,Run,,,,T=30C
2025-09-17,05:36,75,4.080,,Run,,,,T=30C
2025-09-17,05:46,73,4.063,,Run,,,,T=30C
2025-09-17,05:51,72,4.055,,Run,,,,T=29C
2025-09-17,05:56,72,4.041,,Run,,,,T=26C
2025-09-17,06:01,71,4.027,,Run,,,,T=26C
2025-09-17,06:06,70,4.020,,Run,,,,T=26C
2025-09-18,07:00,66,3.986,,Track Run,45:53,HRM+Power+Stryd+Stryd Power,All-systems,T=31C
2025-09-18,07:01,66,3.986,,Track Run,,,,T=31C
2025-09-18,07:06,66,3.980,,Track Run,,,,T=30C
2025-09-18,07:11,66,3.981,,Track Run,,,,T=30C
2025-09-18,07:16,65,3.973,,Track Run,,,,T=29C
2025-09-18,07:21,65,3.970,,Track Run,,,,T=29C
2025-09-18,07:26,64,3.963,,Track Run,,,,T=29C
2025-09-18,07:31,64,3.965,,Track Run,,,,T=30C
2025-09-18,07:36,63,3.948,,Track Run,,,,T=30C
2025-09-18,07:41,63,3.954,,Track Run,,,,T=30C
2025-09-18,07:46,62,3.946,,Track Run,,,,T=31C
2025-09-18,13:23,,,,Pool Swim,26:03,HRM Pro+Tempe,Off,
2025-09-18,13:26,69,4.051,,Pool Swim,,,,T=30C
2025-09-18,13:31,69,4.052,,Pool Swim,,,,T=30C
2025-09-18,13:41,69,4.038,,Pool Swim,,,,T=30C
2025-09-18,13:46,68,4.032,,Pool Swim,,,,T=30C
2025-09-19,07:20,63,3.952,,Track Run,29:14,HRM+Power+Stryd+Tempe+Stryd Power,All-systems,T=30C
2025-09-19,07:25,62,3.959,,Track Run,,,,T=29C
2025-09-19,07:30,62,3.947,,Track Run,,,,T=28C
2025-09-19,07:35,61,3.945,,Track Run,,,,T=28C
2025-09-19,07:40,61,3.940,,Track Run,,,,T=27C
2025-09-19,07:45,61,3.938,,Track Run,,,,T=27C
2025-09-19,13:19,,,,Strength,45:28,HRM+Tempe,Off,
2025-09-19,13:22,67,4.018,,Strength,,,,T=28C
2025-09-19,13:32,67,4.012,,Strength,,,,T=27C
2025-09-19,13:37,66,4.012,,Strength,,,,T=27C
2025-09-19,13:42,66,4.011,,Strength,,,,T=27C
2025-09-19,13:47,66,4.010,,Strength,,,,T=27C
2025-09-19,13:52,66,4.010,,Strength,,,,T=28C
2025-09-19,13:57,66,4.003,,Strength,,,,T=28C
2025-09-19,14:02,66,4.003,,Strength,,,,T=28C
2025-09-22,07:06,,,,Track Run,24:47,HRM+Power+Stryd+Tempe+Stryd Power,All-systems,
2025-09-22,07:08,47,3.835,,Track Run,,,,T=30C
2025-09-22,07:13,46,3.834,,Track Run,,,,T=29C
2025-09-22,07:18,46,3.834,,Track Run,,,,T=28C
2025-09-22,07:23,45,3.828,,Track Run,,,,T=28C
2025-09-22,07:28,45,3.826,,Track Run,,,,T=29C
2025-09-22,13:29,,,,Pool Swim,23:27,HRM Pro+Tempe,Off,from fixed/edited file
2025-09-22,13:33,40,3.808,,Pool Swim,,,,T=28C
2025-09-22,13:38,40,3.810,,Pool Swim,,,,T=28C
2025-09-22,13:43,39,3.808,,Pool Swim,,,,T=28C
2025-09-22,13:48,39,3.810,,Pool Swim,,,,T=28C
2025-09-23,07:04,,,,Track Run,2:04:42,HRM+Power+Stryd+Tempe+Stryd Power,All-systems,
2025-09-23,07:06,30,3.758,,Track Run,,,,T=31C
2025-09-23,07:11,30,3.755,,Track Run,,,,T=30C
2025-09-23,07:16,29,3.751,,Track Run,,,,T=29C
2025-09-23,07:21,29,3.746,,Track Run,,,,T=29C
2025-09-23,07:26,28,3.745,,Track Run,,,,T=29C
2025-09-23,07:31,28,3.741,,Track Run,,,,T=30C
2025-09-23,07:36,27,3.738,,Track Run,,,,T=30C
2025-09-23,07:41,27,3.736,,Track Run,,,,T=29C
2025-09-23,07:46,26,3.733,,Track Run,,,,T=29C
2025-09-23,07:51,26,3.732,,Track Run,,,,T=30C
2025-09-23,07:56,25,3.730,,Track Run,,,,T=30C
2025-09-23,08:01,25,3.728,,Track Run,,,,T=31C
2025-09-23,08:06,24,3.722,,Track Run,,,,T=31C
2025-09-23,08:11,24,3.723,,Track Run,,,,T=32C
2025-09-23,08:16,23,3.723,,Track Run,,,,T=31C
2025-09-23,08:21,23,3.716,,Track Run,,,,T=31C
2025-09-23,08:26,23,3.716,,Track Run,,,,T=30C
2025-09-23,08:31,22,3.715,,Track Run,,,,T=31C
2025-09-23,08:36,22,3.710,,Track Run,,,,T=31C
2025-09-23,08:41,21,3.708,,Track Run,,,,T=31C
2025-09-23,08:46,21,3.706,,Track Run,,,,T=31C
2025-09-23,08:51,20,3.700,,Track Run,,,,T=31C
2025-09-23,08:56,20,3.698,,Track Run,,,,T=32C
2025-09-23,09:01,19,3.696,,Track Run,,,,T=31C
2025-09-23,09:06,19,3.693,,Track Run,,,,T=31C
2025-09-25,07:09,96,4.326,,Track Run,28:27,HRM+Stryd+Tempe,All-systems,T=30C
2025-09-25,07:19,94,4.309,,Track Run,,,,T=29C
2025-09-25,07:24,94,4.303,,Track Run,,,,T=29C
2025-09-25,07:29,93,4.300,,Track Run,,,,T=29C
2025-09-25,07:34,93,4.293,,Track Run,,,,T=30C
2025-09-25,07:39,92,4.293,,Track Run,,,,T=30C
2025-09-25,13:17,,,,Track Run,38:12,HRM+Power+Stryd+Tempe+Stryd Power,All-systems,
2025-09-25,13:20,90,4.268,,Track Run,,,,T=29C
2025-09-25,13:25,90,4.262,,Track Run,,,,T=29C
2025-09-25,13:30,90,4.256,,Track Run,,,,T=29C
2025-09-25,13:35,89,4.251,,Track Run,,,,T=28C
2025-09-25,13:40,89,4.246,,Track Run,,,,T=28C
2025-09-25,13:45,88,4.243,,Track Run,,,,T=29C
2025-09-25,13:50,88,4.237,,Track Run,,,,T=29C
2025-09-25,13:55,88,4.233,,Track Run,,,,T=29C
2025-09-26,07:16,,,,Track Run,29:28,HRM+Stryd Power+Stryd+Tempe,All-systems,
2025-09-26,07:19,82,4.163,,Track Run,,,,T=30C
2025-09-26,07:24,81,4.153,,Track Run,,,,T=30C
2025-09-26,07:29,81,4.150,,Track Run,,,,T=29C
2025-09-26,07:34,80,4.143,,Track Run,,,,T=30C
2025-09-26,07:39,80,4.140,,Track Run,,,,T=30C
2025-09-26,07:44,80,4.135,,Track Run,,,,T=30C
2025-09-26,13:16,,,,Strength,56:47,Power+Stryd+Stryd Power,Off,
2025-09-26,13:21,94,4.298,,Strength,,,,T=29C
2025-09-26,13:26,94,4.301,,Strength,,,,T=28C
2025-09-26,13:31,93,4.299,,Strength,,,,T=28C
2025-09-26,13:41,93,4.291,,Strength,,,,T=27C
2025-09-26,13:46,93,4.288,,Strength,,,,T=27C
2025-09-26,13:51,92,4.284,,Strength,,,,T=28C
2025-09-26,13:56,92,4.285,,Strength,,,,T=28C
2025-09-26,14:01,92,4.278,,Strength,,,,T=28C
2025-09-26,14:06,92,4.275,,Strength,,,,T=28C
2025-09-26,14:11,91,4.273,,Strength,,,,T=28C
2025-09-29,00:15,79,4.148,,Run,1:33:07,HRM+Stryd Power+Stryd+Tempe,All-systems Multiband,T=31C
2025-09-29,00:17,79,4.148,,Run,,,,T=31C
2025-09-29,00:22,78,4.143,,Run,,,,T=30C
2025-09-29,00:27,77,4.137,,Run,,,,T=30C
2025-09-29,00:32,77,4.130,,Run,,,,T=30C
2025-09-29,00:37,76,4.123,,Run,,,,T=30C
2025-09-29,00:42,76,4.120,,Run,,,,T=30C
2025-09-29,00:47,75,4.108,,Run,,,,T=29C
2025-09-29,00:52,75,4.103,,Run,,,,T=29C
2025-09-29,00:57,74,4.096,,Run,,,,T=30C
2025-09-29,01:02,73,4.093,,Run,,,,T=30C
2025-09-29,01:07,73,4.084,,Run,,,,T=30C
2025-09-29,01:12,72,4.075,,Run,,,,T=30C
2025-09-29,01:17,72,4.068,,Run,,,,T=30C
2025-09-29,01:22,71,4.066,,Run,,,,T=31C
2025-09-29,01:27,71,4.061,,Run,,,,T=30C
2025-09-29,01:32,70,4.055,,Run,,,,T=30C
2025-09-29,01:37,70,4.046,,Run,,,,T=30C
2025-09-29,01:42,69,4.041,,Run,,,,T=30C
2025-09-29,01:47,68,4.030,,Run,,,,T=30C
2025-09-29,07:18,,,,Track Run,46:10,HRM+Power+Stryd+Tempe+Stryd Power,All-systems,
2025-09-29,07:20,66,3.998,,Track Run,,,,T=31C
2025-09-29,07:25,65,3.990,,Track Run,,,,T=30C
2025-09-29,07:30,65,3.984,,Track Run,,,,T=30C
2025-09-29,07:35,64,3.977,,Track Run,,,,T=29C
2025-09-29,07:40,64,3.973,,Track Run,,,,T=30C
2025-09-29,07:45,63,3.966,,Track Run,,,,T=30C
2025-09-29,07:50,63,3.959,,Track Run,,,,T=30C
2025-09-29,07:55,62,3.958,,Track Run,,,,T=30C
2025-09-29,08:00,62,3.956,,Track Run,,,,T=30C
2025-09-29,08:05,62,3.953,,Track Run,,,,T=31C
2025-09-30,07:15,,,,Track Run,30:23,HRM+Stryd+Tempe,All-systems,
2025-09-30,07:19,81,4.175,,Track Run,,,,T=30C
2025-09-30,07:24,80,4.167,,Track Run,,,,T=30C
2025-09-30,07:29,80,4.158,,Track Run,,,,T=29C
2025-09-30,07:34,79,4.157,,Track Run,,,,T=30C
2025-09-30,07:39,78,4.148,,Track Run,,,,T=30C
2025-09-30,07:44,78,4.140,,Track Run,,,,T=30C
2025-10-01,06:17,80,4.163,,Run,58:54,HRM+Stryd Power+Stryd+Tempe,All-systems Multiband,T=31C
2025-10-01,06:19,80,4.163,,Run,,,,T=31C
2025-10-01,06:29,79,4.154,,Run,,,,T=29C
2025-10-01,06:34,78,4.150,,Run,,,,T=28C
2025-10-01,06:39,78,4.145,,Run,,,,T=28C
2025-10-01,06:44,78,4.140,,Run,,,,T=28C
2025-10-01,06:49,77,4.136,,Run,,,,T=29C
2025-10-01,06:54,77,4.129,,Run,,,,T=29C
2025-10-01,06:59,76,4.130,,Run,,,,T=29C
2025-10-01,07:09,76,4.120,,Run,,,,T=29C
2025-10-01,07:14,75,4.114,,Run,,,,T=29C
2025-10-02,06:55,,,,Track Run,44:06,HRM+Power+Stryd+Tempe+Stryd Power,All-systems,
2025-10-02,06:59,64,3.981,,Track Run,,,,T=31C
2025-10-02,07:04,63,3.978,,Track Run,,,,T=30C
2025-10-02,07:09,63,3.976,,Track Run,,,,T=29C
2025-10-02,07:14,62,3.968,,Track Run,,,,T=30C
2025-10-02,07:19,62,3.959,,Track Run,,,,T=30C
2025-10-02,07:29,61,3.956,,Track Run,,,,T=30C
2025-10-02,07:34,61,3.948,,Track Run,,,,T=30C
2025-10-02,07:39,60,3.946,,Track Run,,,,T=30C
2025-10-02,13:28,,,,Pool Swim,24:03,HRM Pro,Off,
2025-10-02,13:31,84,4.231,,Pool Swim,,,,T=30C
2025-10-02,13:36,84,4.231,,Pool Swim,,,,T=30C
2025-10-02,13:41,83,4.227,,Pool Swim,,,,T=30C
2025-10-02,13:46,83,4.222,,Pool Swim,,,,T=30C
2025-10-02,13:51,83,4.220,,Pool Swim,,,,T=30C
2025-10-03,06:53,,,,Track Run,23:46,HRM+Power+Stryd+Tempe+Stryd Power,All-systems,
2025-10-03,06:57,90,4.275,,Track Run,,,,T=30C
2025-10-03,07:02,89,4.275,,Track Run,,,,T=29C
2025-10-03,07:07,89,4.270,,Track Run,,,,T=28C
2025-10-03,07:12,88,4.263,,Track Run,,,,T=28C
2025-10-03,07:17,88,4.255,,Track Run,,,,T=28C
2025-10-06,05:41,67,4.003,,Run,37:39,HRM+Stryd+Tempe,All-systems Multiband,T=30C
2025-10-06,05:43,67,4.003,,Run,,,,T=30C
2025-10-06,05:48,66,3.988,,Run,,,,T=29C
2025-10-06,05:53,65,3.975,,Run,,,,T=28C
2025-10-06,05:58,65,3.963,,Run,,,,T=28C
2025-10-06,06:03,64,3.954,,Run,,,,T=29C
2025-10-06,06:08,63,3.945,,Run,,,,T=29C
2025-10-06,06:13,62,3.939,,Run,,,,T=29C
2025-10-06,06:18,62,3.934,,Run,,,,T=29C
2025-10-07,06:20,,,,Run,50:40,HRM+Stryd+Tempe,All-systems Multiband,
2025-10-07,06:23,72,4.063,,Run,,,,T=30C
2025-10-07,06:28,71,4.050,,Run,,,,T=28C
2025-10-07,06:33,70,4.038,,Run,,,,T=28C
2025-10-07,06:38,69,4.029,,Run,,,,T=27C
2025-10-07,06:43,69,4.016,,Run,,,,T=28C
2025-10-07,06:48,68,4.005,,Run,,,,T=28C
2025-10-07,06:53,67,3.998,,Run,,,,T=29C
2025-10-07,06:58,67,3.989,,Run,,,,T=29C
2025-10-07,07:03,66,3.978,,Run,,,,T=29C
2025-10-07,07:08,65,3.965,,Run,,,,T=29C
2025-10-07,07:13,64,3.957,,Run,,,,T=29C
2025-10-08,07:05,,,,Track Run,24:31,HRM+Stryd Power+Stryd+Tempe,All-systems,
2025-10-08,07:08,54,3.883,,Track Run,,,,T=30C
2025-10-08,07:13,53,3.885,,Track Run,,,,T=29C
2025-10-08,07:18,53,3.874,,Track Run,,,,T=29C
2025-10-08,07:23,52,3.866,,Track Run,,,,T=29C
2025-10-08,07:28,52,3.875,,Track Run,,,,T=29C
2025-10-08,13:15,,,,Strength,1:03:38,Tempe,Off,
2025-10-08,13:18,54,3.906,,Strength,,,,T=29C
2025-10-08,13:23,54,3.906,,Strength,,,,T=28C
2025-10-08,13:28,54,3.906,,Strength,,,,T=27C
2025-10-08,13:33,54,3.907,,Strength,,,,T=27C
2025-10-08,13:38,54,3.906,,Strength,,,,T=28C
2025-10-08,13:43,54,3.902,,Strength,,,,T=28C
2025-10-08,13:48,54,3.904,,Strength,,,,T=28C
2025-10-08,13:53,54,3.903,,Strength,,,,T=28C
2025-10-08,13:58,54,3.903,,Strength,,,,T=28C
2025-10-08,14:03,54,3.901,,Strength,,,,T=28C
2025-10-08,14:08,54,3.902,,Strength,,,,T=27C
2025-10-08,14:13,54,3.901,,Strength,,,,T=29C
2025-10-08,14:18,54,3.903,,Strength,,,,T=32C
2025-10-09,07:11,,,,Track Run,41:40,HRM+Stryd Power+Stryd+Tempe,All-systems,
2025-10-09,07:15,88,4.257,,Track Run,,,,T=30C
2025-10-09,07:20,88,4.258,,Track Run,,,,T=29C
2025-10-09,07:25,87,4.246,,Track Run,,,,T=29C
2025-10-09,07:30,87,4.241,,Track Run,,,,T=29C
2025-10-09,07:35,86,4.235,,Track Run,,,,T=28C
2025-10-09,07:40,86,4.231,,Track Run,,,,T=29C
2025-10-09,07:45,85,4.221,,Track Run,,,,T=28C
2025-10-09,07:50,85,4.227,,Track Run,,,,T=29C
2025-10-09,13:25,,,,Pool Swim,24:51,HRM Pro+Tempe,Off,
2025-10-09,13:28,95,4.343,,Pool Swim,,,,T=29C
2025-10-09,13:33,94,4.340,,Pool Swim,,,,T=29C
2025-10-09,13:38,94,4.340,,Pool Swim,,,,T=29C
2025-10-09,13:48,94,4.332,,Pool Swim,,,,T=29C
2025-10-10,04:18,,,,Run,2:41:02,HRM+Stryd Power+Stryd+Tempe,All-systems Multiband,
2025-10-10,04:22,93,4.313,,Run,,,,T=30C
2025-10-10,04:27,93,4.303,,Run,,,,T=29C
2025-10-10,04:32,92,4.294,,Run,,,,T=28C
2025-10-10,04:37,92,4.293,,Run,,,,T=28C
2025-10-10,04:42,91,4.285,,Run,,,,T=28C
2025-10-10,04:47,91,4.280,,Run,,,,T=29C
2025-10-10,04:52,90,4.271,,Run,,,,T=29C
2025-10-10,04:57,89,4.268,,Run,,,,T=29C
2025-10-10,05:02,89,4.259,,Run,,,,T=29C
2025-10-10,05:07,88,4.256,,Run,,,,T=29C
2025-10-10,05:12,88,4.250,,Run,,,,T=29C
2025-10-10,05:17,87,4.244,,Run,,,,T=28C
2025-10-10,05:22,87,4.240,,Run,,,,T=28C
2025-10-10,05:27,86,4.234,,Run,,,,T=29C
2025-10-10,05:32,86,4.228,,Run,,,,T=29C
2025-10-10,05:37,85,4.216,,Run,,,,T=28C
2025-10-10,05:42,85,4.213,,Run,,,,T=28C
2025-10-10,05:47,84,4.206,,Run,,,,T=28C
2025-10-10,05:52,83,4.202,,Run,,,,T=28C
2025-10-10,05:57,83,4.195,,Run,,,,T=28C
2025-10-10,06:02,82,4.188,,Run,,,,T=29C
2025-10-10,06:07,82,4.183,,Run,,,,T=28C
2025-10-10,06:12,81,4.176,,Run,,,,T=28C
2025-10-10,06:17,81,4.170,,Run,,,,T=29C
2025-10-10,06:22,80,4.165,,Run,,,,T=29C
2025-10-10,06:27,80,4.158,,Run,,,,T=29C
2025-10-10,06:32,79,4.153,,Run,,,,T=29C
2025-10-10,06:37,79,4.143,,Run,,,,T=29C
2025-10-10,06:42,78,4.141,,Run,,,,T=29C
2025-10-10,06:47,77,4.133,,Run,,,,T=29C
2025-10-10,06:52,77,4.128,,Run,,,,T=29C
2025-10-10,06:57,76,4.119,,Run,,,,T=29C
2025-10-13,07:00,76,4.116,,Track Run,39:00,HRM+Stryd Power+Stryd,All-systems,T=31C
2025-10-13,07:05,76,4.110,,Track Run,,,,T=30C
2025-10-13,07:10,75,4.106,,Track Run,,,,T=29C
2025-10-13,07:20,74,4.098,,Track Run,,,,T=30C
2025-10-13,07:25,74,4.095,,Track Run,,,,T=30C
2025-10-13,07:30,73,4.090,,Track Run,,,,T=30C
2025-10-13,07:35,73,4.086,,Track Run,,,,T=30C
2025-10-13,13:15,,,,Strength,53:10,HRM+Tempe+Stryd+Power+Stryd Power,Off,
2025-10-13,13:18,89,4.282,,Strength,,,,T=29C
2025-10-13,13:23,89,4.281,,Strength,,,,T=28C
2025-10-13,13:28,89,4.278,,Strength,,,,T=28C
2025-10-13,13:33,89,4.273,,Strength,,,,T=28C
2025-10-13,13:38,89,4.275,,Strength,,,,T=29C
2025-10-13,13:43,89,4.273,,Strength,,,,T=29C
2025-10-13,13:48,88,4.271,,Strength,,,,T=29C
2025-10-13,13:58,88,4.268,,Strength,,,,T=28C
2025-10-13,14:03,88,4.268,,Strength,,,,T=28C
2025-10-13,14:08,88,4.268,,Strength,,,,T=28C
2025-10-14,07:12,,,,Track Run,30:54,HRM+Power+Stryd+Tempe+Stryd Power,All-systems,
2025-10-14,07:15,94,4.317,,Track Run,,,,T=30C
2025-10-14,07:20,94,4.311,,Track Run,,,,T=29C
2025-10-14,07:25,93,4.308,,Track Run,,,,T=28C
2025-10-14,07:30,93,4.302,,Track Run,,,,T=28C
2025-10-14,07:35,92,4.304,,Track Run,,,,T=28C
2025-10-14,07:40,92,4.297,,Track Run,,,,T=29C
2025-10-14,13:21,,,,Pool Swim,24:16,HRM Pro+Tempe,Off,
2025-10-14,13:25,93,4.319,,Pool Swim,,,,T=29C
2025-10-14,13:30,93,4.320,,Pool Swim,,,,T=29C
2025-10-14,13:35,92,4.315,,Pool Swim,,,,T=29C
2025-10-14,13:40,92,4.312,,Pool Swim,,,,T=29C
2025-10-14,13:45,92,4.311,,Pool Swim,,,,T=29C
2025-10-15,06:56,,,,Track Run,41:23,,Off,
2025-10-15,06:54,,,,running,41:22,,All-systems,
2025-10-16,07:08,84,4.209,,Track Run,27:33,HRM+Power+Stryd+Tempe+Stryd Power,All-systems,T=31C
2025-10-16,07:09,84,4.209,,Track Run,,,,T=31C
2025-10-16,07:14,83,4.200,,Track Run,,,,T=30C
2025-10-16,07:19,83,4.198,,Track Run,,,,T=29C
2025-10-16,07:24,82,4.191,,Track Run,,,,T=29C
2025-10-16,07:29,82,4.184,,Track Run,,,,T=29C
2025-10-16,07:34,82,4.185,,Track Run,,,,T=30C
2025-10-16,13:25,,,,Pool Swim,23:56,HRM Pro+Tempe,Off,
2025-10-17,06:55,93,4.307,,Track Run,52:48,HRM+Power+Stryd+Tempe+Stryd Power,All-systems,T=30C
2025-10-17,07:00,93,4.303,,Track Run,,,,T=29C
2025-10-17,07:05,92,4.296,,Track Run,,,,T=29C
2025-10-17,07:10,92,4.288,,Track Run,,,,T=28C
2025-10-17,07:20,91,4.282,,Track Run,,,,T=28C
2025-10-17,07:25,90,4.270,,Track Run,,,,T=29C
2025-10-17,07:30,90,4.271,,Track Run,,,,T=29C
2025-10-17,07:35,90,4.269,,Track Run,,,,T=29C
2025-10-17,07:40,89,4.258,,Track Run,,,,T=29C
2025-10-17,07:45,89,4.258,,Track Run,,,,T=29C
2025-10-17,13:13,,,,Strength,49:07,HRM+Tempe,Off,
2025-10-17,13:17,91,4.304,,Strength,,,,T=29C
2025-10-17,13:22,91,4.303,,Strength,,,,T=28C
2025-10-17,13:27,90,4.302,,Strength,,,,T=28C
2025-10-17,13:32,90,4.301,,Strength,,,,T=27C
2025-10-17,13:37,90,4.300,,Strength,,,,T=27C
2025-10-17,13:42,90,4.298,,Strength,,,,T=27C
2025-10-17,13:52,90,4.296,,Strength,,,,T=28C
2025-10-17,13:57,90,4.291,,Strength,,,,T=28C
2025-10-17,14:02,90,4.293,,Strength,,,,T=28C
2025-10-20,06:58,79,4.146,,Track Run,57:28,HRM+Stryd+Tempe,All-systems,T=29C
2025-10-20,06:59,79,4.146,,Track Run,,,,T=29C
2025-10-20,07:04,78,4.136,,Track Run,,,,T=28C
2025-10-20,07:09,78,4.128,,Track Run,,,,T=28C
2025-10-20,07:14,77,4.117,,Track Run,,,,T=27C
2025-10-20,07:19,77,4.110,,Track Run,,,,T=27C
2025-10-20,07:24,76,4.103,,Track Run,,,,T=27C
2025-10-20,07:29,75,4.101,,Track Run,,,,T=27C
2025-10-20,07:34,75,4.094,,Track Run,,,,T=27C
2025-10-20,07:39,74,4.085,,Track Run,,,,T=27C
2025-10-20,07:44,74,4.077,,Track Run,,,,T=27C
2025-10-20,07:49,73,4.071,,Track Run,,,,T=27C
2025-10-20,07:54,72,4.073,,Track Run,,,,T=27C
2025-10-20,13:27,,,,Pool Swim,26:22,HRM Pro+Tempe,Off,from fixed/edited file
2025-10-21,06:54,91,4.288,,Track Run,40:01,HRM+Stryd Power+Stryd+Tempe,All-systems,T=26C
2025-10-21,06:55,91,4.288,,Track Run,,,,T=26C
2025-10-21,07:00,91,4.285,,Track Run,,,,T=25C
2025-10-21,07:05,90,4.278,,Track Run,,,,T=24C
2025-10-21,07:10,90,4.264,,Track Run,,,,T=24C
2025-10-21,07:15,90,4.263,,Track Run,,,,T=24C
2025-10-21,07:20,89,4.256,,Track Run,,,,T=24C
2025-10-21,07:25,89,4.255,,Track Run,,,,T=24C
2025-10-21,07:30,88,4.253,,Track Run,,,,T=24C
2025-10-21,13:11,93,4.318,,Strength,51:20,Power+Stryd+Tempe+Stryd Power,Off,T=25C
2025-10-21,13:12,93,4.318,,Strength,,,,T=25C
2025-10-21,13:17,93,4.322,,Strength,,,,T=25C
2025-10-21,13:22,93,4.311,,Strength,,,,T=26C
2025-10-21,13:27,92,4.311,,Strength,,,,T=26C
2025-10-21,13:37,92,4.305,,Strength,,,,T=26C
2025-10-21,13:42,91,4.302,,Strength,,,,T=26C
2025-10-21,13:52,91,4.298,,Strength,,,,T=27C
2025-10-21,13:57,91,4.293,,Strength,,,,T=27C
2025-10-21,14:02,90,4.289,,Strength,,,,T=27C
2025-10-22,07:02,85,4.217,,Track Run,39:01,HRM+Stryd Power+Stryd+Tempe,All-systems,T=26C
2025-10-22,07:03,85,4.217,,Track Run,,,,T=26C
2025-10-22,07:08,85,4.211,,Track Run,,,,T=22C
2025-10-22,07:13,84,4.205,,Track Run,,,,T=21C
2025-10-22,07:18,84,4.192,,Track Run,,,,T=20C
2025-10-22,07:23,84,4.189,,Track Run,,,,T=20C
2025-10-22,07:28,83,4.180,,Track Run,,,,T=20C
2025-10-22,07:33,83,4.176,,Track Run,,,,T=20C
2025-10-22,07:38,82,4.171,,Track Run,,,,T=20C
2025-10-22,07:43,82,4.168,,Track Run,,,,T=21C
2025-10-22,13:16,,,,Cardio,42:25,HRM+Tempe,Off,
2025-10-22,13:19,85,4.233,,Cardio,,,,T=24C
2025-10-22,13:24,85,4.233,,Cardio,,,,T=24C
2025-10-22,13:29,84,4.230,,Cardio,,,,T=24C
2025-10-22,13:34,84,4.225,,Cardio,,,,T=24C
2025-10-22,13:39,84,4.223,,Cardio,,,,T=24C
2025-10-22,13:44,84,4.220,,Cardio,,,,T=24C
2025-10-22,13:49,84,4.216,,Cardio,,,,T=25C
2025-10-22,13:54,84,4.218,,Cardio,,,,T=25C
2025-10-22,13:59,83,4.213,,Cardio,,,,T=26C
2025-10-23,07:07,,,,Track Run,40:54,HRM+Power+Stryd+Tempe+Stryd Power,All-systems,
2025-10-23,07:11,85,4.208,,Track Run,,,,T=23C
2025-10-23,07:16,84,4.198,,Track Run,,,,T=22C
2025-10-23,07:21,84,4.194,,Track Run,,,,T=22C
2025-10-23,07:26,83,4.190,,Track Run,,,,T=22C
2025-10-23,07:31,83,4.178,,Track Run,,,,T=22C
2025-10-23,07:36,83,4.173,,Track Run,,,,T=21C
2025-10-23,07:41,82,4.170,,Track Run,,,,T=21C
2025-10-23,07:46,82,4.166,,Track Run,,,,T=21C
2025-10-23,13:17,,,,Strength,44:39,Power+Stryd+Tempe+Stryd Power,Off,
2025-10-23,13:21,89,4.276,,Strength,,,,T=25C
2025-10-23,13:26,89,4.266,,Strength,,,,T=24C
2025-10-23,13:31,88,4.265,,Strength,,,,T=25C
2025-10-23,13:36,88,4.259,,Strength,,,,T=24C
2025-10-23,13:41,88,4.251,,Strength,,,,T=24C
2025-10-23,13:46,87,4.254,,Strength,,,,T=25C
2025-10-23,13:51,87,4.251,,Strength,,,,T=25C
2025-10-23,14:01,87,4.243,,Strength,,,,T=25C
2025-10-24,15:18,,,,Run,2:57:08,HRM+Stryd Power+Stryd+Tempe,All-systems Multiband,
2025-10-24,15:21,97,4.351,,Run,,,,T=26C
2025-10-24,15:26,96,4.345,,Run,,,,T=27C
2025-10-24,15:31,96,4.336,,Run,,,,T=26C
2025-10-24,15:36,95,4.331,,Run,,,,T=26C
2025-10-24,15:41,95,4.322,,Run,,,,T=26C
2025-10-24,15:46,94,4.322,,Run,,,,T=27C
2025-10-24,15:51,94,4.317,,Run,,,,T=27C
2025-10-24,15:56,93,4.310,,Run,,,,T=26C
2025-10-24,16:01,93,4.304,,Run,,,,T=26C
2025-10-24,16:06,92,4.298,,Run,,,,T=26C
2025-10-24,16:11,92,4.294,,Run,,,,T=26C
2025-10-24,16:16,91,4.287,,Run,,,,T=26C
2025-10-24,16:21,91,4.278,,Run,,,,T=26C
2025-10-24,16:26,90,4.273,,Run,,,,T=26C
2025-10-24,16:31,89,4.268,,Run,,,,T=26C
2025-10-24,16:36,89,4.265,,Run,,,,T=26C
2025-10-24,16:41,88,4.258,,Run,,,,T=25C
2025-10-24,16:46,88,4.250,,Run,,,,T=25C
2025-10-24,16:51,87,4.243,,Run,,,,T=25C
2025-10-24,16:56,87,4.237,,Run,,,,T=25C
2025-10-24,17:01,86,4.230,,Run,,,,T=25C
2025-10-24,17:06,86,4.223,,Run,,,,T=24C
2025-10-24,17:11,85,4.216,,Run,,,,T=24C
2025-10-24,17:16,85,4.210,,Run,,,,T=24C
2025-10-24,17:21,84,4.205,,Run,,,,T=24C
2025-10-24,17:26,84,4.198,,Run,,,,T=24C
2025-10-24,17:31,83,4.191,,Run,,,,T=24C
2025-10-24,17:36,82,4.185,,Run,,,,T=24C
2025-10-24,17:41,82,4.181,,Run,,,,T=24C
2025-10-24,17:46,81,4.171,,Run,,,,T=24C
2025-10-24,17:51,81,4.168,,Run,,,,T=24C
2025-10-24,17:56,80,4.162,,Run,,,,T=24C
2025-10-24,18:01,80,4.154,,Run,,,,T=24C
2025-10-24,18:06,79,4.148,,Run,,,,T=24C
2025-10-24,18:11,79,4.141,,Run,,,,T=24C
2025-10-27,07:06,42,3.820,,Track Run,46:45,HRM+Stryd+Tempe,All-systems,T=28C
2025-10-27,07:11,41,3.815,,Track Run,,,,T=27C
2025-10-27,07:16,40,3.773,,Track Run,,,,T=26C
2025-10-27,07:21,40,3.757,,Track Run,,,,T=25C
2025-10-27,07:26,39,3.798,,Track Run,,,,T=25C
2025-10-27,07:31,39,3.798,,Track Run,,,,T=25C
2025-10-27,07:36,38,3.789,,Track Run,,,,T=25C
2025-10-27,07:41,37,3.790,,Track Run,,,,T=25C
2025-10-27,07:46,37,3.789,,Track Run,,,,T=25C
2025-10-27,07:51,36,3.781,,Track Run,,,,T=25C
2025-10-27,13:17,,,,Strength,46:55,HRM+Tempe,Off,
2025-10-27,13:19,99,4.392,,Strength,,,,T=26C
2025-10-27,13:24,99,4.391,,Strength,,,,T=25C
2025-10-27,13:29,99,4.395,,Strength,,,,T=25C
2025-10-27,13:34,99,4.394,,Strength,,,,T=25C
2025-10-27,13:44,99,4.390,,Strength,,,,T=25C
2025-10-27,13:49,99,4.390,,Strength,,,,T=25C
2025-10-27,13:59,98,4.388,,Strength,,,,T=25C
2025-10-27,14:04,98,4.385,,Strength,,,,T=25C
2025-10-28,07:09,,,,Track Run,41:17,HRM+Power+Stryd+Tempe+Stryd Power,All-systems,
2025-10-28,07:13,94,4.330,,Track Run,,,,T=25C
2025-10-28,07:18,94,4.323,,Track Run,,,,T=24C
2025-10-28,07:23,94,4.319,,Track Run,,,,T=24C
2025-10-28,07:28,93,4.316,,Track Run,,,,T=24C
2025-10-28,07:33,93,4.311,,Track Run,,,,T=24C
2025-10-28,07:38,92,4.301,,Track Run,,,,T=24C
2025-10-28,07:43,92,4.297,,Track Run,,,,T=24C
2025-10-28,07:48,91,4.290,,Track Run,,,,T=24C
2025-10-28,13:14,96,4.356,,Cardio,40:08,HRM+Stryd Power+Stryd+Tempe,Off,T=26C
2025-10-28,13:16,96,4.356,,Cardio,,,,T=26C
2025-10-28,13:21,96,4.361,,Cardio,,,,T=26C
2025-10-28,13:26,96,4.358,,Cardio,,,,T=26C
2025-10-28,13:36,95,4.353,,Cardio,,,,T=24C
2025-10-28,13:41,95,4.350,,Cardio,,,,T=23C
2025-10-28,13:46,95,4.348,,Cardio,,,,T=23C
2025-10-28,13:51,95,4.342,,Cardio,,,,T=23C
2025-10-29,06:43,94,4.313,,Run,57:38,HRM+Stryd Power+Stryd+Tempe,All-systems Multiband,T=28C
2025-10-29,06:44,94,4.313,,Run,,,,T=28C
2025-10-29,06:49,94,4.318,,Run,,,,T=26C
2025-10-29,06:54,93,4.289,,Run,,,,T=25C
2025-10-29,06:59,93,4.296,,Run,,,,T=25C
2025-10-29,07:04,92,4.283,,Run,,,,T=25C
2025-10-29,07:09,91,4.280,,Run,,,,T=25C
2025-10-29,07:14,91,4.273,,Run,,,,T=25C
2025-10-29,07:19,90,4.268,,Run,,,,T=25C
2025-10-29,07:24,90,4.270,,Run,,,,T=25C
2025-10-29,07:29,89,4.256,,Run,,,,T=25C
2025-10-29,07:34,89,4.250,,Run,,,,T=25C
2025-10-29,07:39,88,4.250,,Run,,,,T=25C
2025-10-30,07:20,,,,Track Run,29:25,HRM+Stryd Power+Stryd+Tempe,All-systems,
2025-10-30,07:24,79,4.153,,Track Run,,,,T=28C
2025-10-30,07:29,78,4.143,,Track Run,,,,T=27C
2025-10-30,07:34,78,4.138,,Track Run,,,,T=26C
2025-10-30,07:39,77,4.135,,Track Run,,,,T=26C
2025-10-30,07:44,77,4.129,,Track Run,,,,T=27C
2025-10-30,07:49,76,4.125,,Track Run,,,,T=27C
2025-10-30,13:34,91,4.303,,Pool Swim,27:28,HRM Pro+Tempe,Off,T=28C
2025-10-30,13:39,91,4.300,,Pool Swim,,,,T=26C
2025-10-30,13:49,90,4.293,,Pool Swim,,,,T=25C
2025-10-30,13:54,90,4.287,,Pool Swim,,,,T=25C
2025-10-30,13:59,90,4.285,,Pool Swim,,,,T=25C
2025-10-31,06:53,,,,Track Run,40:17,HRM+Stryd+Tempe,All-systems,
2025-10-31,06:58,90,4.276,,Track Run,,,,T=27C
2025-10-31,07:03,90,4.270,,Track Run,,,,T=27C
2025-10-31,07:08,89,4.265,,Track Run,,,,T=26C
2025-10-31,07:13,89,4.252,,Track Run,,,,T=26C
2025-10-31,07:18,88,4.250,,Track Run,,,,T=26C
2025-10-31,07:23,88,4.243,,Track Run,,,,T=26C
2025-10-31,07:28,87,4.238,,Track Run,,,,T=27C
2025-10-31,07:33,87,4.230,,Track Run,,,,T=27C
2025-10-31,13:18,,,,Strength,52:14,HRM+Power+Stryd+Tempe+Stryd Power,Off,
2025-10-31,13:22,97,4.370,,Strength,,,,T=27C
2025-10-31,13:27,97,4.371,,Strength,,,,T=26C
2025-10-31,13:32,97,4.369,,Strength,,,,T=25C
2025-10-31,13:37,97,4.372,,Strength,,,,T=24C
2025-10-31,13:42,97,4.365,,Strength,,,,T=25C
2025-10-31,13:47,97,4.363,,Strength,,,,T=25C
2025-10-31,13:57,96,4.365,,Strength,,,,T=25C
2025-10-31,14:02,96,4.365,,Strength,,,,T=25C
2025-10-31,14:07,96,4.364,,Strength,,,,T=25C
2025-11-04,07:10,,,,Track Run,23:23,HRM+Power+Stryd+Stryd Power,All-systems,
2025-11-04,07:19,70,4.048,,Track Run,,,,T=25C
2025-11-04,07:24,70,4.041,,Track Run,,,,T=24C
2025-11-04,07:29,69,4.031,,Track Run,,,,T=23C
2025-11-04,07:34,69,4.023,,Track Run,,,,T=23C
2025-11-05,07:18,61,3.954,,Track Run,27:35,Power+Stryd+Tempe+Stryd Power,All-systems,T=26C
2025-11-05,07:20,61,3.954,,Track Run,,,,T=26C
2025-11-05,07:25,60,3.945,,Track Run,,,,T=24C
2025-11-05,07:30,60,3.923,,Track Run,,,,T=23C
2025-11-05,07:35,59,3.926,,Track Run,,,,T=23C
2025-11-05,07:40,59,3.930,,Track Run,,,,T=23C
2025-11-05,07:45,58,3.923,,Track Run,,,,T=23C
2025-11-05,13:17,,,,Strength,56:35,Stryd Power+Stryd+Tempe+Power,Off,
2025-11-05,13:20,56,3.918,,Strength,,,,T=26C
2025-11-05,13:25,56,3.917,,Strength,,,,T=25C
2025-11-05,13:35,55,3.909,,Strength,,,,T=25C
2025-11-05,13:40,55,3.908,,Strength,,,,T=25C
2025-11-05,13:45,55,3.902,,Strength,,,,T=25C
2025-11-05,13:50,54,3.902,,Strength,,,,T=25C
2025-11-05,13:55,54,3.904,,Strength,,,,T=25C
2025-11-05,14:05,54,3.897,,Strength,,,,T=25C
2025-11-05,14:10,53,3.893,,Strength,,,,T=25C
2025-11-06,07:04,48,3.841,,Track Run,39:16,HRM+Stryd+Tempe,All-systems,T=27C
2025-11-06,07:05,48,3.841,,Track Run,,,,T=27C
2025-11-06,07:10,47,3.836,,Track Run,,,,T=26C
2025-11-06,07:15,46,3.830,,Track Run,,,,T=26C
2025-11-06,07:20,46,3.824,,Track Run,,,,T=25C
2025-11-06,07:25,45,3.820,,Track Run,,,,T=25C
2025-11-06,07:30,45,3.816,,Track Run,,,,T=25C
2025-11-06,07:35,44,3.813,,Track Run,,,,T=25C
2025-11-06,07:40,43,3.810,,Track Run,,,,T=25C
2025-11-06,13:17,,,,Cardio,41:48,HRM+Tempe,Off,
2025-11-06,13:20,40,3.825,,Cardio,,,,T=26C
2025-11-06,13:30,40,3.821,,Cardio,,,,T=26C
2025-11-06,13:35,40,3.821,,Cardio,,,,T=26C
2025-11-06,13:40,40,3.820,,Cardio,,,,T=26C
2025-11-06,13:45,39,3.818,,Cardio,,,,T=25C
2025-11-06,13:50,39,3.811,,Cardio,,,,T=25C
2025-11-06,13:55,39,3.818,,Cardio,,,,T=25C
2025-11-07,07:10,,,,Track Run,32:25,HRM+Power+Stryd+Tempe+Stryd Power,All-systems,
2025-11-07,07:20,29,3.755,,Track Run,,,,T=26C
2025-11-07,07:25,29,3.750,,Track Run,,,,T=25C
2025-11-07,07:30,28,3.756,,Track Run,,,,T=25C
2025-11-07,07:35,28,3.751,,Track Run,,,,T=25C
2025-11-07,07:40,28,3.739,,Track Run,,,,T=25C
2025-11-07,13:17,76,4.160,,Strength,52:19,HRM+Tempe,Off,T=26C
2025-11-07,13:19,76,4.160,,Strength,,,,T=26C
2025-11-07,13:24,76,4.163,,Strength,,,,T=25C
2025-11-07,13:29,76,4.165,,Strength,,,,T=25C
2025-11-07,13:39,76,4.156,,Strength,,,,T=25C
2025-11-07,13:44,76,4.160,,Strength,,,,T=25C
2025-11-07,13:49,75,4.160,,Strength,,,,T=25C
2025-11-07,13:54,75,4.159,,Strength,,,,T=25C
2025-11-07,13:59,75,4.160,,Strength,,,,T=25C
2025-11-07,14:04,75,4.151,,Strength,,,,T=25C
2025-11-07,14:09,75,4.156,,Strength,,,,T=25C
2025-11-10,07:10,88,4.259,,Track Run,44:49,HRM+Stryd Power+Stryd+Tempe,All-systems,T=27C
2025-11-10,07:11,88,4.259,,Track Run,,,,T=27C
2025-11-10,07:16,87,4.251,,Track Run,,,,T=26C
2025-11-10,07:21,87,4.245,,Track Run,,,,T=25C
2025-11-10,07:26,86,4.238,,Track Run,,,,T=25C
2025-11-10,07:31,86,4.231,,Track Run,,,,T=24C
2025-11-10,07:36,85,4.229,,Track Run,,,,T=25C
2025-11-10,07:41,85,4.222,,Track Run,,,,T=25C
2025-11-10,07:46,85,4.217,,Track Run,,,,T=25C
2025-11-10,07:51,84,4.214,,Track Run,,,,T=25C
2025-11-10,07:56,84,4.210,,Track Run,,,,T=26C
2025-11-10,13:12,,,,Strength,52:09,HRM+Power+Stryd+Tempe+Stryd Power,Off,
2025-11-10,13:14,98,4.379,,Strength,,,,T=27C
2025-11-10,13:19,97,4.377,,Strength,,,,T=26C
2025-11-10,13:24,97,4.372,,Strength,,,,T=26C
2025-11-10,13:29,97,4.373,,Strength,,,,T=26C
2025-11-10,13:34,97,4.371,,Strength,,,,T=25C
2025-11-10,13:39,97,4.366,,Strength,,,,T=25C
2025-11-10,13:44,97,4.371,,Strength,,,,T=25C
2025-11-10,13:54,97,4.364,,Strength,,,,T=25C
2025-11-10,13:59,96,4.367,,Strength,,,,T=25C
2025-11-11,15:21,,,,Run,2:41:48,HRM+Power+Stryd+Tempe+Stryd Power,All-systems Multiband,
2025-11-11,15:25,81,4.178,,Run,,,,T=27C
2025-11-11,15:30,80,4.161,,Run,,,,T=26C
2025-11-11,15:35,80,4.161,,Run,,,,T=26C
2025-11-11,15:45,78,4.140,,Run,,,,T=26C
2025-11-11,15:50,78,4.137,,Run,,,,T=26C
2025-11-11,15:55,77,4.123,,Run,,,,T=26C
2025-11-11,16:00,77,4.129,,Run,,,,T=26C
2025-11-11,16:05,76,4.123,,Run,,,,T=26C
2025-11-11,16:10,75,4.116,,Run,,,,T=26C
2025-11-11,16:15,75,4.098,,Run,,,,T=26C
2025-11-11,16:20,74,4.095,,Run,,,,T=25C
2025-11-11,16:25,74,4.080,,Run,,,,T=25C
2025-11-11,16:35,72,4.078,,Run,,,,T=25C
2025-11-11,16:40,72,4.068,,Run,,,,T=25C
2025-11-11,16:45,71,4.058,,Run,,,,T=25C
2025-11-11,16:50,71,4.060,,Run,,,,T=25C
2025-11-11,16:55,70,4.044,,Run,,,,T=24C
2025-11-11,17:05,69,4.036,,Run,,,,T=24C
2025-11-11,17:10,68,4.030,,Run,,,,T=24C
2025-11-11,17:15,68,4.020,,Run,,,,T=24C
2025-11-11,17:20,67,4.006,,Run,,,,T=24C
2025-11-11,17:25,67,3.999,,Run,,,,T=24C
2025-11-11,17:30,66,3.997,,Run,,,,T=24C
2025-11-11,17:35,65,3.986,,Run,,,,T=24C
2025-11-11,17:40,65,3.979,,Run,,,,T=24C
2025-11-11,17:45,64,3.968,,Run,,,,T=24C
2025-11-11,17:50,64,3.965,,Run,,,,T=24C
2025-11-11,18:00,62,3.953,,Run,,,,T=24C
2025-11-12,07:06,,,,Track Run,25:23,HRM+Stryd Power+Stryd+Tempe,All-systems,
2025-11-12,07:10,55,3.898,,Track Run,,,,T=24C
2025-11-12,07:15,54,3.886,,Track Run,,,,T=24C
2025-11-12,07:20,54,3.888,,Track Run,,,,T=23C
2025-11-12,07:25,54,3.882,,Track Run,,,,T=23C
2025-11-12,07:30,53,3.871,,Track Run,,,,T=23C
2025-11-13,07:02,,,,Track Run,51:20,HRM+Stryd Power+Stryd+Tempe,All-systems,
2025-11-13,07:04,76,4.127,,Track Run,,,,T=24C
2025-11-13,07:09,76,4.123,,Track Run,,,,T=23C
2025-11-13,07:14,75,4.108,,Track Run,,,,T=23C
2025-11-13,07:19,75,4.103,,Track Run,,,,T=22C
2025-11-13,07:24,74,4.091,,Track Run,,,,T=22C
2025-11-13,07:29,74,4.085,,Track Run,,,,T=22C
2025-11-13,07:34,73,4.080,,Track Run,,,,T=22C
2025-11-13,07:39,73,4.083,,Track Run,,,,T=22C
2025-11-13,07:44,72,4.075,,Track Run,,,,T=22C
2025-11-13,07:49,72,4.060,,Track Run,,,,T=22C
2025-11-13,07:54,72,4.061,,Track Run,,,,T=22C
2025-11-13,13:16,,,,Strength,46:56,Power+Stryd+Tempe+Stryd Power,Off,
2025-11-13,13:19,69,4.061,,Strength,,,,T=25C
2025-11-13,13:24,69,4.060,,Strength,,,,T=24C
2025-11-13,13:29,69,4.058,,Strength,,,,T=24C
2025-11-13,13:34,69,4.056,,Strength,,,,T=24C
2025-11-13,13:39,69,4.048,,Strength,,,,T=24C
2025-11-13,13:49,68,4.045,,Strength,,,,T=24C
2025-11-13,13:54,68,4.037,,Strength,,,,T=25C
2025-11-13,13:59,68,4.039,,Strength,,,,T=25C
2025-11-14,07:12,85,4.221,,Track Run,41:08,Stryd Power+Stryd+Tempe,All-systems,T=25C
2025-11-14,07:13,85,4.221,,Track Run,,,,T=25C
2025-11-14,07:18,84,4.208,,Track Run,,,,T=24C
2025-11-14,07:23,84,4.206,,Track Run,,,,T=23C
2025-11-14,07:28,83,4.196,,Track Run,,,,T=22C
2025-11-14,07:38,82,4.183,,Track Run,,,,T=22C
2025-11-14,07:43,82,4.172,,Track Run,,,,T=22C
2025-11-14,07:48,81,4.162,,Track Run,,,,T=22C
2025-11-14,13:13,79,4.161,,Cardio,40:47,Power+Stryd+Tempe+Stryd Power,Off,T=26C
2025-11-14,13:18,78,4.163,,Cardio,,,,T=25C
2025-11-14,13:28,78,4.158,,Cardio,,,,T=25C
2025-11-14,13:33,78,4.155,,Cardio,,,,T=25C
2025-11-14,13:43,77,4.150,,Cardio,,,,T=24C
2025-11-14,13:53,77,4.143,,Cardio,,,,T=23C
2025-11-18,07:00,,,,Track Run,50:44,HRM+Stryd Power+Stryd+Tempe,All-systems,
2025-11-18,07:02,73,4.091,,Track Run,,,,T=25C
2025-11-18,07:07,72,4.085,,Track Run,,,,T=24C
2025-11-18,07:12,72,4.073,,Track Run,,,,T=24C
2025-11-18,07:17,71,4.073,,Track Run,,,,T=24C
2025-11-18,07:27,70,4.056,,Track Run,,,,T=23C
2025-11-18,07:32,70,4.055,,Track Run,,,,T=23C
2025-11-18,07:37,69,4.040,,Track Run,,,,T=23C
2025-11-18,07:47,69,4.032,,Track Run,,,,T=24C
2025-11-18,13:13,,,,Strength,48:09,HRM+Stryd Power+Stryd+Tempe,Off,
2025-11-18,13:17,84,4.232,,Strength,,,,T=24C
2025-11-18,13:22,83,4.234,,Strength,,,,T=24C
2025-11-18,13:27,83,4.230,,Strength,,,,T=24C
2025-11-18,13:32,83,4.224,,Strength,,,,T=25C
2025-11-18,13:37,83,4.222,,Strength,,,,T=25C
2025-11-18,13:42,83,4.226,,Strength,,,,T=24C
2025-11-18,13:47,83,4.223,,Strength,,,,T=24C
2025-11-18,13:52,83,4.219,,Strength,,,,T=25C
2025-11-18,13:57,83,4.218,,Strength,,,,T=25C
2025-11-18,14:02,82,4.218,,Strength,,,,T=25C
2025-11-18,14:07,82,4.219,,Strength,,,,T=24C
2025-11-19,06:55,77,4.118,,Track Run,39:14,HRM+Stryd Power+Stryd+Tempe,All-systems,T=21C
2025-11-19,06:57,77,4.118,,Track Run,,,,T=21C
2025-11-19,07:02,76,4.115,,Track Run,,,,T=19C
2025-11-19,07:12,75,4.097,,Track Run,,,,T=18C
2025-11-19,07:17,75,4.092,,Track Run,,,,T=18C
2025-11-19,07:22,75,4.083,,Track Run,,,,T=18C
2025-11-19,07:27,74,4.078,,Track Run,,,,T=17C
2025-11-19,07:32,74,4.073,,Track Run,,,,T=17C
2025-11-19,07:37,73,4.080,,Track Run,,,,T=18C
2025-11-19,13:18,,,,Cardio,42:31,HRM+Power+Stryd+Tempe+Stryd Power,Off,
2025-11-19,13:22,70,4.074,,Cardio,,,,T=23C
2025-11-19,13:27,70,4.078,,Cardio,,,,T=24C
2025-11-19,13:32,70,4.072,,Cardio,,,,T=24C
2025-11-19,13:37,70,4.070,,Cardio,,,,T=24C
2025-11-19,13:42,70,4.068,,Cardio,,,,T=24C
2025-11-19,13:47,69,4.063,,Cardio,,,,T=23C
2025-11-19,13:52,69,4.061,,Cardio,,,,T=22C
2025-11-19,13:57,69,4.057,,Cardio,,,,T=22C
2025-11-23,05:15,,,,Race,3:48:49,HRM+Stryd Power+Stryd+Tempe,All-systems Multiband,
2025-11-23,05:18,93,4.302,,Race,,,,T=25C
2025-11-23,05:23,93,4.306,,Race,,,,T=25C
2025-11-23,05:28,92,4.301,,Race,,,,T=26C
2025-11-23,05:33,92,4.293,,Race,,,,T=24C
2025-11-23,05:38,91,4.280,,Race,,,,T=23C
2025-11-23,05:43,91,4.284,,Race,,,,T=22C
2025-11-23,05:53,90,4.279,,Race,,,,T=26C
2025-11-23,05:58,90,4.257,,Race,,,,T=27C
2025-11-23,06:03,89,4.268,,Race,,,,T=24C
2025-11-23,06:13,88,4.257,,Race,,,,T=22C
2025-11-23,06:18,88,4.255,,Race,,,,T=24C
2025-11-23,06:23,88,4.240,,Race,,,,T=26C
2025-11-23,06:28,87,4.241,,Race,,,,T=24C
2025-11-23,06:38,86,4.237,,Race,,,,T=25C
2025-11-23,06:43,86,4.236,,Race,,,,T=25C
2025-11-23,06:48,85,4.225,,Race,,,,T=22C
2025-11-23,06:53,85,4.215,,Race,,,,T=22C
2025-11-23,06:58,85,4.210,,Race,,,,T=22C
2025-11-23,07:03,84,4.207,,Race,,,,T=22C
2025-11-23,07:13,83,4.201,,Race,,,,T=24C
2025-11-23,07:18,83,4.192,,Race,,,,T=23C
2025-11-23,07:23,82,4.180,,Race,,,,T=22C
2025-11-23,07:28,82,4.182,,Race,,,,T=22C
2025-11-23,07:38,81,4.175,,Race,,,,T=23C
2025-11-23,07:43,81,4.169,,Race,,,,T=23C
2025-11-23,07:48,80,4.165,,Race,,,,T=23C
2025-11-23,07:53,80,4.155,,Race,,,,T=23C
2025-11-23,07:58,79,4.157,,Race,,,,T=23C
2025-11-23,08:08,78,4.151,,Race,,,,T=24C
2025-11-23,08:13,78,4.143,,Race,,,,T=23C
2025-11-23,08:18,78,4.129,,Race,,,,T=23C
2025-11-23,08:28,77,4.125,,Race,,,,T=24C
2025-11-23,08:33,76,4.126,,Race,,,,T=24C
2025-11-23,08:38,76,4.122,,Race,,,,T=25C
2025-11-23,08:43,75,4.113,,Race,,,,T=26C
2025-11-23,08:53,75,4.113,,Race,,,,T=26C
2025-11-23,08:58,74,4.108,,Race,,,,T=26C
2025-11-25,07:05,,,,Track Run,20:52,HRM+Tempe,All-systems,
2025-11-25,07:08,54,3.886,,Track Run,,,,T=24C
2025-11-25,07:13,54,3.881,,Track Run,,,,T=23C
2025-11-25,07:18,53,3.874,,Track Run,,,,T=23C
2025-11-25,07:23,53,3.865,,Track Run,,,,T=22C
2025-11-26,07:05,,,,Track Run,21:20,Stryd Power+Stryd+Tempe,All-systems,
2025-11-26,07:08,45,3.826,,Track Run,,,,T=24C
2025-11-26,07:13,44,3.825,,Track Run,,,,T=23C
2025-11-26,07:18,44,3.822,,Track Run,,,,T=23C
2025-11-26,07:23,43,3.818,,Track Run,,,,T=22C
2025-11-26,13:14,40,3.816,,Strength,43:21,HRM+Power+Stryd+Tempe+Stryd Power,Off,T=25C
2025-11-26,13:15,40,3.816,,Strength,,,,T=25C
2025-11-26,13:20,40,3.822,,Strength,,,,T=24C
2025-11-26,13:30,40,3.817,,Strength,,,,T=24C
2025-11-26,13:35,40,3.814,,Strength,,,,T=24C
2025-11-26,13:40,39,3.813,,Strength,,,,T=24C
2025-11-26,13:45,39,3.818,,Strength,,,,T=24C
2025-11-26,13:50,39,3.816,,Strength,,,,T=25C
2025-11-27,07:08,,,,Track Run,25:32,HRM+Stryd Power+Stryd+Tempe,All-systems,
2025-11-27,07:11,66,3.991,,Track Run,,,,T=24C
2025-11-27,07:16,66,3.980,,Track Run,,,,T=22C
2025-11-27,07:21,65,3.972,,Track Run,,,,T=21C
2025-11-27,07:26,65,3.963,,Track Run,,,,T=21C
2025-11-27,07:31,64,3.957,,Track Run,,,,T=21C
2025-11-27,13:14,,,,Cardio,40:08,HRM+Power+Stryd+Tempe+Stryd Power,Off,
2025-11-27,13:16,61,3.949,,Cardio,,,,T=25C
2025-11-27,13:21,61,3.950,,Cardio,,,,T=24C
2025-11-27,13:26,61,3.946,,Cardio,,,,T=23C
2025-11-27,13:31,60,3.945,,Cardio,,,,T=23C
2025-11-27,13:36,60,3.944,,Cardio,,,,T=23C
2025-11-27,13:41,60,3.939,,Cardio,,,,T=23C
2025-11-27,13:46,60,3.941,,Cardio,,,,T=24C
2025-11-27,13:51,59,3.937,,Cardio,,,,T=24C
2025-11-27,13:56,59,3.939,,Cardio,,,,T=25C
2025-11-28,07:20,54,3.865,,Run,38:29,HRM+Power+Stryd+Tempe+Stryd Power,All-systems Multiband,T=23C
2025-11-28,07:21,54,3.865,,Run,,,,T=23C
2025-11-28,07:26,54,3.861,,Run,,,,T=22C
2025-11-28,07:31,53,3.849,,Run,,,,T=21C
2025-11-28,07:36,52,3.840,,Run,,,,T=21C
2025-11-28,07:41,52,3.836,,Run,,,,T=20C
2025-11-28,07:46,51,3.835,,Run,,,,T=20C
2025-11-28,07:51,50,3.830,,Run,,,,T=20C
2025-11-28,07:56,50,3.826,,Run,,,,T=20C
2025-11-28,08:01,49,3.824,,Run,,,,T=20C
2025-12-01,07:00,81,4.187,,Track Run,24:48,HRM+Stryd Power+Stryd+Tempe,All-systems,T=27C
2025-12-01,07:01,81,4.187,,Track Run,,,,T=27C
2025-12-01,07:06,81,4.185,,Track Run,,,,T=25C
2025-12-01,07:11,80,4.171,,Track Run,,,,T=24C
2025-12-01,07:16,80,4.161,,Track Run,,,,T=22C
2025-12-01,07:21,80,4.155,,Track Run,,,,T=22C
2025-12-01,07:26,79,4.149,,Track Run,,,,T=22C
2025-12-01,13:24,75,4.121,,Pool Swim,21:29,HRM Pro+Tempe,Off,T=27C
2025-12-01,13:26,75,4.121,,Pool Swim,,,,T=27C
2025-12-01,13:31,75,4.123,,Pool Swim,,,,T=27C
2025-12-01,13:36,75,4.122,,Pool Swim,,,,T=27C
2025-12-01,13:41,74,4.121,,Pool Swim,,,,T=27C
2025-12-01,13:46,74,4.124,,Pool Swim,,,,T=27C
2025-12-02,06:59,69,4.041,,Track Run,53:40,HRM+Stryd Power+Stryd+Tempe,All-systems,T=26C
2025-12-02,07:01,69,4.041,,Track Run,,,,T=26C
2025-12-02,07:06,68,4.030,,Track Run,,,,T=25C
2025-12-02,07:11,68,4.019,,Track Run,,,,T=24C
2025-12-02,07:16,68,4.013,,Track Run,,,,T=24C
2025-12-02,07:21,67,4.006,,Track Run,,,,T=24C
2025-12-02,07:26,67,3.993,,Track Run,,,,T=24C
2025-12-02,07:31,66,3.987,,Track Run,,,,T=24C
2025-12-02,07:36,66,3.981,,Track Run,,,,T=24C
2025-12-02,07:41,65,3.975,,Track Run,,,,T=24C
2025-12-02,07:46,65,3.970,,Track Run,,,,T=24C
2025-12-02,07:51,64,3.961,,Track Run,,,,T=24C
2025-12-03,07:01,,,,Track Run,51:02,HRM+Power+Stryd+Tempe+Stryd Power,All-systems,
2025-12-03,07:03,81,4.183,,Track Run,,,,T=26C
2025-12-03,07:08,81,4.179,,Track Run,,,,T=24C
2025-12-03,07:13,80,4.165,,Track Run,,,,T=23C
2025-12-03,07:18,80,4.165,,Track Run,,,,T=22C
2025-12-03,07:23,79,4.158,,Track Run,,,,T=22C
2025-12-03,07:28,79,4.152,,Track Run,,,,T=22C
2025-12-03,07:33,79,4.146,,Track Run,,,,T=22C
2025-12-03,07:38,78,4.138,,Track Run,,,,T=22C
2025-12-03,07:43,78,4.134,,Track Run,,,,T=22C
2025-12-03,07:48,77,4.133,,Track Run,,,,T=22C
2025-12-03,07:53,77,4.129,,Track Run,,,,T=22C
2025-12-03,13:17,,,,Cardio,40:39,HRM+Tempe+Power+Stryd,Off,
2025-12-03,13:20,87,4.265,,Cardio,,,,T=25C
2025-12-03,13:25,86,4.252,,Cardio,,,,T=25C
2025-12-03,13:30,86,4.254,,Cardio,,,,T=25C
2025-12-03,13:35,86,4.248,,Cardio,,,,T=24C
2025-12-03,13:40,86,4.243,,Cardio,,,,T=24C
2025-12-03,13:45,85,4.238,,Cardio,,,,T=23C
2025-12-03,13:50,85,4.236,,Cardio,,,,T=23C
2025-12-03,13:55,85,4.231,,Cardio,,,,T=23C
2025-12-04,03:39,80,4.157,,Run,2:38:55,HRM+Power+Stryd+Tempe+Stryd Power,All-systems Multiband,T=28C
2025-12-04,03:40,80,4.157,,Run,,,,T=28C
2025-12-04,03:45,79,4.157,,Run,,,,T=25C
2025-12-04,03:50,78,4.146,,Run,,,,T=24C
2025-12-04,03:55,78,4.126,,Run,,,,T=22C
2025-12-04,04:00,77,4.130,,Run,,,,T=22C
2025-12-04,04:05,77,4.112,,Run,,,,T=21C
2025-12-04,04:10,76,4.114,,Run,,,,T=21C
2025-12-04,04:15,76,4.106,,Run,,,,T=21C
2025-12-04,04:20,75,4.090,,Run,,,,T=21C
2025-12-04,04:25,74,4.093,,Run,,,,T=21C
2025-12-04,04:30,74,4.083,,Run,,,,T=21C
2025-12-04,04:35,73,4.065,,Run,,,,T=20C
2025-12-04,04:40,73,4.060,,Run,,,,T=20C
2025-12-04,04:45,72,4.056,,Run,,,,T=20C
2025-12-04,04:50,72,4.055,,Run,,,,T=20C
2025-12-04,04:55,71,4.040,,Run,,,,T=20C
2025-12-04,05:00,71,4.043,,Run,,,,T=20C
2025-12-04,05:05,70,4.015,,Run,,,,T=20C
2025-12-04,05:10,69,4.030,,Run,,,,T=20C
2025-12-04,05:15,69,4.017,,Run,,,,T=20C
2025-12-04,05:20,68,4.012,,Run,,,,T=20C
2025-12-04,05:25,68,4.005,,Run,,,,T=21C
2025-12-04,05:30,67,3.989,,Run,,,,T=20C
2025-12-04,05:35,67,3.984,,Run,,,,T=21C
2025-12-04,05:40,66,3.973,,Run,,,,T=21C
2025-12-04,05:45,65,3.969,,Run,,,,T=21C
2025-12-04,05:50,65,3.960,,Run,,,,T=21C
2025-12-04,05:55,64,3.955,,Run,,,,T=21C
2025-12-04,06:00,64,3.944,,Run,,,,T=21C
2025-12-04,06:05,63,3.942,,Run,,,,T=21C
2025-12-04,06:10,62,3.935,,Run,,,,T=21C
2025-12-04,06:15,62,3.929,,Run,,,,T=21C
2025-12-04,06:20,61,3.926,,Run,,,,T=21C
2025-12-04,13:13,74,4.123,,Strength,52:03,HRM+Tempe,Off,T=24C
2025-12-04,13:15,74,4.123,,Strength,,,,T=24C
2025-12-04,13:20,74,4.131,,Strength,,,,T=24C
2025-12-04,13:25,74,4.131,,Strength,,,,T=24C
2025-12-04,13:30,74,4.127,,Strength,,,,T=24C
2025-12-04,13:40,73,4.128,,Strength,,,,T=25C
2025-12-04,13:45,73,4.128,,Strength,,,,T=25C
2025-12-04,13:50,73,4.126,,Strength,,,,T=26C
2025-12-04,13:55,73,4.125,,Strength,,,,T=26C
2025-12-04,14:00,73,4.123,,Strength,,,,T=26C
2025-12-04,14:05,73,4.123,,Strength,,,,T=26C
2025-12-04,14:10,73,4.121,,Strength,,,,T=26C
2025-12-05,07:16,,,,Run,32:12,HRM+Power+Stryd+Tempe+Stryd Power,All-systems Multiband,
2025-12-05,07:20,78,4.145,,Run,,,,T=24C
2025-12-05,07:25,78,4.133,,Run,,,,T=23C
2025-12-05,07:30,77,4.123,,Run,,,,T=22C
2025-12-05,07:35,77,4.109,,Run,,,,T=22C
2025-12-05,07:40,76,4.100,,Run,,,,T=21C
2025-12-05,07:45,75,4.093,,Run,,,,T=21C
2025-12-05,07:50,75,4.092,,Run,,,,T=21C
2025-12-05,13:11,,,,Cardio,40:29,Stryd Power+Stryd,Off,
2025-12-05,13:15,72,4.099,,Cardio,,,,T=25C
2025-12-05,13:20,72,4.094,,Cardio,,,,T=25C
2025-12-05,13:25,72,4.091,,Cardio,,,,T=25C
2025-12-05,13:30,72,4.090,,Cardio,,,,T=25C
2025-12-05,13:40,71,4.075,,Cardio,,,,T=25C
2025-12-05,13:45,71,4.079,,Cardio,,,,T=25C
2025-12-05,13:50,71,4.077,,Cardio,,,,T=24C
2025-12-08,06:59,50,3.859,,Track Run,44:07,HRM+Power+Stryd+Tempe+Stryd Power,All-systems,T=25C
2025-12-08,07:00,50,3.859,,Track Run,,,,T=25C
2025-12-08,07:05,50,3.854,,Track Run,,,,T=24C
2025-12-08,07:10,49,3.849,,Track Run,,,,T=23C
2025-12-08,07:15,49,3.850,,Track Run,,,,T=23C
2025-12-08,07:20,48,3.852,,Track Run,,,,T=23C
2025-12-08,07:25,48,3.850,,Track Run,,,,T=22C
2025-12-08,07:30,47,3.843,,Track Run,,,,T=23C
2025-12-08,07:35,47,3.839,,Track Run,,,,T=22C
2025-12-08,07:40,46,3.836,,Track Run,,,,T=22C
2025-12-08,07:45,46,3.830,,Track Run,,,,T=22C
2025-12-09,07:07,,,,Track Run,34:18,HRM+Power+Stryd+Tempe+Stryd Power,All-systems,
2025-12-09,07:12,67,4.016,,Track Run,,,,T=23C
2025-12-09,07:17,66,4.006,,Track Run,,,,T=22C
2025-12-09,07:22,66,3.997,,Track Run,,,,T=22C
2025-12-09,07:27,65,3.985,,Track Run,,,,T=21C
2025-12-09,07:32,65,3.980,,Track Run,,,,T=21C
2025-12-09,07:37,65,3.971,,Track Run,,,,T=21C
2025-12-09,13:21,61,3.960,,Pool Swim,23:08,HRM Pro+Tempe,Off,T=27C
2025-12-09,13:22,61,3.960,,Pool Swim,,,,T=27C
2025-12-09,13:27,60,3.955,,Pool Swim,,,,T=27C
2025-12-09,13:32,60,3.955,,Pool Swim,,,,T=27C
2025-12-09,13:37,60,3.949,,Pool Swim,,,,T=27C
2025-12-09,13:42,59,3.949,,Pool Swim,,,,T=27C
2025-12-10,06:53,,,,Track Run,37:37,HRM+Stryd Power+Stryd+Tempe,All-systems,
2025-12-10,06:58,68,4.035,,Track Run,,,,T=23C
2025-12-10,07:03,67,4.024,,Track Run,,,,T=22C
2025-12-10,07:08,67,4.013,,Track Run,,,,T=22C
2025-12-10,07:13,67,4.000,,Track Run,,,,T=22C
2025-12-10,07:18,66,3.993,,Track Run,,,,T=21C
2025-12-10,07:23,66,3.983,,Track Run,,,,T=21C
2025-12-10,07:28,65,3.974,,Track Run,,,,T=21C
2025-12-10,07:33,65,3.966,,Track Run,,,,T=22C
2025-12-10,13:12,60,3.960,,Strength,55:08,Power+Stryd+HRM+Tempe+Stryd Power,Off,T=25C
2025-12-10,13:13,60,3.960,,Strength,,,,T=25C
2025-12-10,13:18,60,3.957,,Strength,,,,T=25C
2025-12-10,13:23,60,3.960,,Strength,,,,T=25C
2025-12-10,13:28,60,3.961,,Strength,,,,T=25C
2025-12-10,13:33,60,3.956,,Strength,,,,T=24C
2025-12-10,13:43,60,3.946,,Strength,,,,T=25C
2025-12-10,13:53,59,3.955,,Strength,,,,T=24C
2025-12-10,13:58,59,3.955,,Strength,,,,T=25C
2025-12-10,14:08,59,3.946,,Strength,,,,T=25C
2025-12-11,07:02,54,3.895,,Track Run,30:48,HRM+Power+Stryd+Tempe+Stryd Power,All-systems,T=27C
2025-12-11,07:03,54,3.895,,Track Run,,,,T=27C
2025-12-11,07:08,54,3.893,,Track Run,,,,T=24C
2025-12-11,07:13,53,3.883,,Track Run,,,,T=24C
2025-12-11,07:18,53,3.877,,Track Run,,,,T=23C
2025-12-11,07:23,52,3.869,,Track Run,,,,T=23C
2025-12-11,07:28,52,3.877,,Track Run,,,,T=22C
2025-12-11,07:33,51,3.862,,Track Run,,,,T=22C
2025-12-11,13:24,,,,Pool Swim,23:56,HRM Pro+Tempe,Off,
2025-12-11,13:26,88,4.289,,Pool Swim,,,,T=27C
2025-12-11,13:31,88,4.281,,Pool Swim,,,,T=27C
2025-12-11,13:36,88,4.283,,Pool Swim,,,,T=27C
2025-12-11,13:41,88,4.276,,Pool Swim,,,,T=27C
2025-12-11,13:46,88,4.277,,Pool Swim,,,,T=27C
2025-12-12,11:38,,,,Run,2:52:07,HRM+Power+Stryd+Tempe+Stryd Power,All-systems Multiband,
2025-12-12,11:42,79,4.151,,Run,,,,T=25C
2025-12-12,11:47,79,4.146,,Run,,,,T=24C
2025-12-12,11:52,78,4.135,,Run,,,,T=24C
2025-12-12,11:57,78,4.132,,Run,,,,T=26C
2025-12-12,12:02,77,4.121,,Run,,,,T=24C
2025-12-12,12:07,76,4.115,,Run,,,,T=24C
2025-12-12,12:12,76,4.106,,Run,,,,T=24C
2025-12-12,12:17,75,4.105,,Run,,,,T=25C
2025-12-12,12:22,75,4.093,,Run,,,,T=24C
2025-12-12,12:27,74,4.083,,Run,,,,T=24C
2025-12-12,12:32,74,4.081,,Run,,,,T=25C
2025-12-12,12:37,73,4.078,,Run,,,,T=24C
2025-12-12,12:42,73,4.073,,Run,,,,T=25C
2025-12-12,12:47,72,4.066,,Run,,,,T=25C
2025-12-12,12:52,71,4.063,,Run,,,,T=27C
2025-12-12,12:57,71,4.055,,Run,,,,T=25C
2025-12-12,13:02,70,4.043,,Run,,,,T=24C
2025-12-12,13:07,70,4.043,,Run,,,,T=25C
2025-12-12,13:12,69,4.035,,Run,,,,T=26C
2025-12-12,13:17,69,4.026,,Run,,,,T=24C
2025-12-12,13:22,68,4.013,,Run,,,,T=23C
2025-12-12,13:27,68,4.010,,Run,,,,T=25C
2025-12-12,13:32,67,3.997,,Run,,,,T=25C
2025-12-12,13:37,66,3.996,,Run,,,,T=26C
2025-12-12,13:42,66,3.985,,Run,,,,T=25C
2025-12-12,13:47,65,3.973,,Run,,,,T=26C
2025-12-12,13:52,65,3.971,,Run,,,,T=26C
2025-12-12,13:57,64,3.963,,Run,,,,T=27C
2025-12-12,14:02,64,3.958,,Run,,,,T=25C
2025-12-12,14:07,63,3.948,,Run,,,,T=24C
2025-12-12,14:12,62,3.942,,Run,,,,T=24C
2025-12-12,14:17,62,3.933,,Run,,,,T=24C
2025-12-12,14:22,61,3.930,,Run,,,,T=24C
2025-12-12,14:27,61,3.927,,Run,,,,T=24C
2025-12-15,07:07,,,,Track Run,46:31,Stryd Power+Stryd+Tempe,All-systems,
2025-12-15,07:12,40,3.804,,Track Run,,,,T=21C
2025-12-15,07:17,40,3.776,,Track Run,,,,T=20C
2025-12-15,07:22,39,3.778,,Track Run,,,,T=20C
2025-12-15,07:32,38,3.764,,Track Run,,,,T=19C
2025-12-15,07:37,38,3.777,,Track Run,,,,T=19C
2025-12-15,07:42,37,3.771,,Track Run,,,,T=19C
2025-12-15,07:47,36,3.771,,Track Run,,,,T=19C
2025-12-15,07:52,36,3.762,,Track Run,,,,T=19C
2025-12-16,07:10,,,,Track Run,40:10,HRM+Stryd Power+Stryd+Tempe,All-systems,
2025-12-16,07:15,80,4.170,,Track Run,,,,T=23C
2025-12-16,07:20,80,4.161,,Track Run,,,,T=22C
2025-12-16,07:25,79,4.155,,Track Run,,,,T=21C
2025-12-16,07:30,79,4.146,,Track Run,,,,T=21C
2025-12-16,07:35,79,4.140,,Track Run,,,,T=21C
2025-12-16,07:40,78,4.131,,Track Run,,,,T=21C
2025-12-16,07:45,78,4.127,,Track Run,,,,T=21C
2025-12-16,07:50,77,4.120,,Track Run,,,,T=21C
2025-12-16,13:22,,,,Track Run,33:15,HRM+Power+Stryd+Tempe+Stryd Power,All-systems,
2025-12-16,13:25,74,4.106,,Track Run,,,,T=27C
2025-12-16,13:30,74,4.101,,Track Run,,,,T=28C
2025-12-16,13:35,73,4.096,,Track Run,,,,T=28C
2025-12-16,13:40,73,4.088,,Track Run,,,,T=28C
2025-12-16,13:45,73,4.086,,Track Run,,,,T=28C
2025-12-16,13:50,72,4.081,,Track Run,,,,T=29C
2025-12-16,13:55,72,4.080,,Track Run,,,,T=29C
2025-12-17,07:06,,,,Track Run,32:14,HRM+Stryd Power+Stryd+Tempe,All-systems,
2025-12-17,07:10,65,3.982,,Track Run,,,,T=23C
2025-12-17,07:15,64,3.976,,Track Run,,,,T=22C
2025-12-17,07:20,64,3.968,,Track Run,,,,T=21C
2025-12-17,07:25,64,3.960,,Track Run,,,,T=21C
2025-12-17,07:30,63,3.954,,Track Run,,,,T=20C
2025-12-17,07:35,63,3.946,,Track Run,,,,T=20C
2025-12-17,07:40,62,3.943,,Track Run,,,,T=21C
2025-12-17,13:17,,,,Strength,50:54,HRM+Stryd Power+Stryd+Tempe,Off,
2025-12-17,13:20,59,3.953,,Strength,,,,T=26C
2025-12-17,13:30,58,3.943,,Strength,,,,T=26C
2025-12-17,13:35,58,3.943,,Strength,,,,T=25C
2025-12-17,13:40,58,3.940,,Strength,,,,T=25C
2025-12-17,13:45,58,3.945,,Strength,,,,T=25C
2025-12-17,13:50,58,3.938,,Strength,,,,T=26C
2025-12-17,13:55,58,3.938,,Strength,,,,T=26C
2025-12-17,14:00,58,3.945,,Strength,,,,T=26C
2025-12-17,14:05,58,3.942,,Strength,,,,T=26C
2025-12-18,07:09,54,3.881,,Track Run,29:58,HRM+Stryd Power+Stryd+Tempe,All-systems,T=26C
2025-12-18,07:10,54,3.881,,Track Run,,,,T=26C
2025-12-18,07:15,53,3.873,,Track Run,,,,T=24C
2025-12-18,07:20,53,3.867,,Track Run,,,,T=23C
2025-12-18,07:25,52,3.862,,Track Run,,,,T=23C
2025-12-18,07:30,52,3.862,,Track Run,,,,T=22C
2025-12-18,07:35,51,3.858,,Track Run,,,,T=22C
2025-12-18,13:18,,,,Track Run,28:35,HRM+Stryd Power+Stryd+Tempe,All-systems,
2025-12-18,13:21,87,4.248,,Track Run,,,,T=26C
2025-12-18,13:26,86,4.239,,Track Run,,,,T=26C
2025-12-18,13:31,86,4.226,,Track Run,,,,T=26C
2025-12-18,13:36,85,4.224,,Track Run,,,,T=26C
2025-12-18,13:46,84,4.210,,Track Run,,,,T=26C
2025-12-19,07:22,95,4.343,,Track Run,1:24:24,HRM+Power+Stryd+Tempe+Stryd Power,All-systems,T=25C
2025-12-19,07:27,95,4.337,,Track Run,,,,T=23C
2025-12-19,07:32,95,4.331,,Track Run,,,,T=22C
2025-12-19,07:37,94,4.324,,Track Run,,,,T=22C
2025-12-19,07:42,94,4.316,,Track Run,,,,T=22C
2025-12-19,07:47,93,4.314,,Track Run,,,,T=22C
2025-12-19,07:52,93,4.308,,Track Run,,,,T=21C
2025-12-19,07:57,92,4.301,,Track Run,,,,T=21C
2025-12-19,08:02,92,4.293,,Track Run,,,,T=22C
2025-12-19,08:07,92,4.293,,Track Run,,,,T=22C
2025-12-19,08:12,91,4.288,,Track Run,,,,T=22C
2025-12-19,08:17,91,4.286,,Track Run,,,,T=22C
2025-12-19,08:22,90,4.279,,Track Run,,,,T=22C
2025-12-19,08:27,90,4.274,,Track Run,,,,T=22C
2025-12-19,08:32,89,4.272,,Track Run,,,,T=22C
2025-12-19,08:37,89,4.266,,Track Run,,,,T=22C
2025-12-19,08:42,89,4.265,,Track Run,,,,T=23C
2025-12-19,08:47,88,4.258,,Track Run,,,,T=23C
2025-12-19,18:12,,,,Run,26:08,HRM+Stryd Power+Stryd+Tempe,All-systems Multiband,
2025-12-19,18:17,93,4.312,,Run,,,,T=24C
2025-12-19,18:22,93,4.304,,Run,,,,T=24C
2025-12-19,18:27,92,4.291,,Run,,,,T=24C
2025-12-19,18:32,92,4.282,,Run,,,,T=23C
2025-12-19,18:37,91,4.280,,Run,,,,T=23C
2025-12-19,18:42,90,4.279,,Run,,,,T=24C
2025-12-22,07:10,,,,Track Run,28:50,HRM+Stryd+Tempe,All-systems,
2025-12-22,07:17,72,4.063,,Track Run,,,,T=23C
2025-12-22,07:22,71,4.055,,Track Run,,,,T=23C
2025-12-22,07:27,71,4.044,,Track Run,,,,T=22C
2025-12-22,07:32,70,4.035,,Track Run,,,,T=22C
2025-12-22,07:37,70,4.028,,Track Run,,,,T=22C
2025-12-22,13:16,67,4.028,,Strength,48:49,HRM+Power+Stryd+Tempe+Stryd Power,Off,T=24C
2025-12-22,13:17,67,4.028,,Strength,,,,T=24C
2025-12-22,13:27,66,4.023,,Strength,,,,T=24C
2025-12-22,13:32,66,4.027,,Strength,,,,T=24C
2025-12-22,13:37,66,4.023,,Strength,,,,T=25C
2025-12-22,13:42,66,4.018,,Strength,,,,T=25C
2025-12-22,13:52,66,4.010,,Strength,,,,T=25C
2025-12-22,13:57,66,4.011,,Strength,,,,T=25C
2025-12-22,14:02,65,4.011,,Strength,,,,T=25C
2025-12-23,14:54,,,,Run,3:15:36,HRM+Power+Stryd+Tempe+Stryd Power,All-systems Multiband,
2025-12-23,15:01,89,4.267,,Run,,,,T=23C
2025-12-23,15:06,89,4.257,,Run,,,,T=23C
2025-12-23,15:11,88,4.246,,Run,,,,T=23C
2025-12-23,15:16,87,4.235,,Run,,,,T=22C
2025-12-23,15:21,87,4.230,,Run,,,,T=23C
2025-12-23,15:26,86,4.223,,Run,,,,T=22C
2025-12-23,15:31,86,4.218,,Run,,,,T=23C
2025-12-23,15:36,85,4.212,,Run,,,,T=23C
2025-12-23,15:41,85,4.203,,Run,,,,T=22C
2025-12-23,15:46,84,4.199,,Run,,,,T=22C
2025-12-23,15:51,83,4.190,,Run,,,,T=22C
2025-12-23,15:56,83,4.185,,Run,,,,T=22C
2025-12-23,16:01,82,4.180,,Run,,,,T=22C
2025-12-23,16:06,82,4.169,,Run,,,,T=22C
2025-12-23,16:11,81,4.164,,Run,,,,T=22C
2025-12-23,16:16,81,4.156,,Run,,,,T=22C
2025-12-23,16:21,80,4.151,,Run,,,,T=22C
2025-12-23,16:26,80,4.146,,Run,,,,T=22C
2025-12-23,16:31,79,4.136,,Run,,,,T=22C
2025-12-23,16:36,78,4.132,,Run,,,,T=22C
2025-12-23,16:41,78,4.123,,Run,,,,T=22C
2025-12-23,16:46,77,4.121,,Run,,,,T=22C
2025-12-23,16:51,77,4.115,,Run,,,,T=22C
2025-12-23,16:56,76,4.111,,Run,,,,T=22C
2025-12-23,17:01,76,4.107,,Run,,,,T=22C
2025-12-23,17:06,75,4.094,,Run,,,,T=22C
2025-12-23,17:11,75,4.091,,Run,,,,T=22C
2025-12-23,17:16,74,4.081,,Run,,,,T=22C
2025-12-23,17:21,74,4.075,,Run,,,,T=22C
2025-12-23,17:26,73,4.069,,Run,,,,T=22C
2025-12-23,17:31,72,4.061,,Run,,,,T=22C
2025-12-23,17:36,72,4.059,,Run,,,,T=22C
2025-12-23,17:41,71,4.050,,Run,,,,T=22C
2025-12-23,17:46,71,4.044,,Run,,,,T=22C
2025-12-23,17:51,70,4.039,,Run,,,,T=22C
2025-12-23,17:56,70,4.031,,Run,,,,T=22C
2025-12-23,18:01,69,4.025,,Run,,,,T=22C
2025-12-23,18:06,68,4.020,,Run,,,,T=22C
2025-12-24,13:15,60,3.957,,Track Run,34:34,HRM+Stryd+Tempe,All-systems,T=27C
2025-12-24,13:16,60,3.957,,Track Run,,,,T=27C
2025-12-24,13:21,60,3.943,,Track Run,,,,T=27C
2025-12-24,13:26,59,3.940,,Track Run,,,,T=27C
2025-12-24,13:31,59,3.931,,Track Run,,,,T=26C
2025-12-24,13:36,58,3.922,,Track Run,,,,T=26C
2025-12-24,13:46,57,3.910,,Track Run,,,,T=26C
2025-12-25,05:51,,,,Run,49:46,HRM+Power+Stryd+Tempe+Stryd Power,All-systems Multiband,
2025-12-25,05:53,82,4.188,,Run,,,,T=26C
2025-12-25,05:58,81,4.171,,Run,,,,T=23C
2025-12-25,06:03,80,4.162,,Run,,,,T=22C
2025-12-25,06:08,80,4.153,,Run,,,,T=22C
2025-12-25,06:13,79,4.148,,Run,,,,T=21C
2025-12-25,06:18,79,4.136,,Run,,,,T=21C
2025-12-25,06:23,78,4.128,,Run,,,,T=21C
2025-12-25,06:28,78,4.121,,Run,,,,T=21C
2025-12-25,06:33,77,4.115,,Run,,,,T=20C
2025-12-25,06:38,77,4.101,,Run,,,,T=20C
2025-12-29,07:18,47,3.838,,Track Run,28:57,HRM+Stryd+Tempe,All-systems,T=25C
2025-12-29,07:19,47,3.838,,Track Run,,,,T=25C
2025-12-29,07:24,46,3.833,,Track Run,,,,T=22C
2025-12-29,07:29,45,3.819,,Track Run,,,,T=21C
2025-12-29,07:34,45,3.816,,Track Run,,,,T=21C
2025-12-29,07:39,44,3.792,,Track Run,,,,T=20C
2025-12-29,07:44,44,3.800,,Track Run,,,,T=20C
2025-12-29,13:15,,,,Cardio,46:39,HRM+Power+Stryd+Tempe+Stryd Power,Off,
2025-12-29,13:19,98,4.371,,Cardio,,,,T=25C
2025-12-29,13:24,98,4.371,,Cardio,,,,T=25C
2025-12-29,13:29,98,4.368,,Cardio,,,,T=24C
2025-12-29,13:34,97,4.362,,Cardio,,,,T=24C
2025-12-29,13:39,97,4.358,,Cardio,,,,T=23C
2025-12-29,13:44,97,4.357,,Cardio,,,,T=23C
2025-12-29,13:49,97,4.361,,Cardio,,,,T=22C
2025-12-29,13:54,97,4.356,,Cardio,,,,T=22C
2025-12-29,13:59,96,4.353,,Cardio,,,,T=21C
2025-12-29,14:04,96,4.347,,Cardio,,,,T=22C
2025-12-30,13:15,,,,Track Run,52:42,HRM+Stryd Power+Stryd+Tempe,All-systems,
2025-12-30,13:19,87,4.259,,Track Run,,,,T=27C
2025-12-30,13:24,87,4.252,,Track Run,,,,T=27C
2025-12-30,13:29,86,4.241,,Track Run,,,,T=26C
2025-12-30,13:34,86,4.243,,Track Run,,,,T=26C
2025-12-30,13:39,86,4.236,,Track Run,,,,T=26C
2025-12-30,13:44,85,4.232,,Track Run,,,,T=26C
2025-12-30,13:49,85,4.230,,Track Run,,,,T=27C
2025-12-30,13:54,84,4.219,,Track Run,,,,T=27C
2025-12-30,13:59,84,4.216,,Track Run,,,,T=26C
2025-12-30,14:04,83,4.218,,Track Run,,,,T=26C
2025-12-30,14:09,83,4.191,,Track Run,,,,T=25C
2025-12-31,04:14,,,,Run,2:02:48,HRM+Stryd Power+Stryd+Tempe,All-systems Multiband,
2025-12-31,04:19,77,4.131,,Run,,,,T=25C
2025-12-31,04:24,77,4.118,,Run,,,,T=23C
2025-12-31,04:29,76,4.110,,Run,,,,T=22C
2025-12-31,04:34,75,4.104,,Run,,,,T=22C
2025-12-31,04:39,75,4.089,,Run,,,,T=21C
2025-12-31,04:44,74,4.082,,Run,,,,T=21C
2025-12-31,04:49,74,4.073,,Run,,,,T=21C
2025-12-31,04:54,73,4.071,,Run,,,,T=21C
2025-12-31,04:59,73,4.066,,Run,,,,T=21C
2025-12-31,05:04,72,4.047,,Run,,,,T=21C
2025-12-31,05:09,71,4.043,,Run,,,,T=20C
2025-12-31,05:14,71,4.032,,Run,,,,T=20C
2025-12-31,05:19,70,4.036,,Run,,,,T=20C
2025-12-31,05:24,70,4.029,,Run,,,,T=20C
2025-12-31,05:29,69,4.018,,Run,,,,T=20C
2025-12-31,05:34,69,4.018,,Run,,,,T=20C
2025-12-31,05:39,68,3.998,,Run,,,,T=20C
2025-12-31,05:44,67,4.001,,Run,,,,T=20C
2025-12-31,05:49,67,3.981,,Run,,,,T=20C
2025-12-31,05:54,66,3.979,,Run,,,,T=20C
2025-12-31,05:59,66,3.965,,Run,,,,T=20C
2025-12-31,06:04,65,3.960,,Run,,,,T=20C
2025-12-31,06:09,64,3.955,,Run,,,,T=20C
2025-12-31,06:14,64,3.948,,Run,,,,T=20C
2025-12-31,06:19,63,3.946,,Run,,,,T=20C
2025-12-31,13:19,59,3.927,,Track Run,35:56,HRM+Stryd Power+Stryd+Tempe,All-systems,T=26C
2025-12-31,13:24,59,3.936,,Track Run,,,,T=25C
2025-12-31,13:29,58,3.928,,Track Run,,,,T=26C
2025-12-31,13:34,58,3.923,,Track Run,,,,T=25C
2025-12-31,13:39,57,3.923,,Track Run,,,,T=25C
2025-12-31,13:44,57,3.911,,Track Run,,,,T=25C
2025-12-31,13:49,56,3.914,,Track Run,,,,T=25C
2025-12-31,13:54,56,3.905,,Track Run,,,,T=25C
